location_id,date,mortality_target,hospitalization_target
delhi,2022-03-01,8.2,43.9
delhi,2022-03-02,5.9,31.4
delhi,2022-03-03,8.2,55.3
delhi,2022-03-04,7.6,49.6
delhi,2022-03-05,5.6,34.2
delhi,2022-03-06,9.0,36.5
delhi,2022-03-07,9.9,47.6
delhi,2022-03-08,9.7,54.7
delhi,2022-03-09,10.8,68.7
delhi,2022-03-10,8.2,44.3
delhi,2022-03-11,9.0,52.2
delhi,2022-03-12,8.9,46.3
delhi,2022-03-13,7.3,40.3
delhi,2022-03-14,8.6,56.2
delhi,2022-03-15,9.6,43.5
delhi,2022-03-16,7.0,35.3
delhi,2022-03-17,9.2,49.2
delhi,2022-03-18,8.8,51.2
delhi,2022-03-19,6.5,39.4
delhi,2022-03-20,6.7,40.4
delhi,2022-03-21,9.1,41.4
delhi,2022-03-22,8.5,50.8
delhi,2022-03-23,9.2,45.5
delhi,2022-03-24,8.8,38.4
delhi,2022-03-25,6.8,41.8
delhi,2022-03-26,9.3,65.7
delhi,2022-03-27,10.2,52.5
delhi,2022-03-28,7.8,46.5
delhi,2022-03-29,8.8,56.6
delhi,2022-03-30,14.1,92.0
delhi,2022-03-31,8.0,43.3
delhi,2022-04-01,6.2,32.9
delhi,2022-04-02,9.5,44.7
delhi,2022-04-03,10.7,44.3
delhi,2022-04-04,10.9,67.4
delhi,2022-04-05,8.3,45.8
delhi,2022-04-06,9.8,53.0
delhi,2022-04-07,14.6,86.6
delhi,2022-04-08,8.2,50.2
delhi,2022-04-09,9.5,45.6
delhi,2022-04-10,13.3,72.9
delhi,2022-04-11,10.0,48.2
delhi,2022-04-12,8.9,42.8
delhi,2022-04-13,12.4,74.5
delhi,2022-04-14,13.6,82.5
delhi,2022-04-15,15.6,89.1
delhi,2022-04-16,28.0,179.6
delhi,2022-04-17,36.9,250.8
delhi,2022-04-18,21.8,132.3
delhi,2022-04-19,36.7,238.7
delhi,2022-04-20,25.2,169.0
delhi,2022-04-21,31.8,214.0
delhi,2022-04-22,26.1,175.5
delhi,2022-04-23,33.1,225.0
delhi,2022-04-24,14.8,101.2
delhi,2022-04-25,8.7,54.0
delhi,2022-04-26,21.1,125.4
delhi,2022-04-27,22.6,144.4
delhi,2022-04-28,9.7,54.5
delhi,2022-04-29,18.0,102.3
delhi,2022-04-30,9.0,40.5
delhi,2022-05-01,11.4,62.6
delhi,2022-05-02,17.7,112.5
delhi,2022-05-03,12.5,82.8
delhi,2022-05-04,7.3,41.2
delhi,2022-05-05,8.7,48.0
delhi,2022-05-06,5.8,31.5
delhi,2022-05-07,7.5,40.2
delhi,2022-05-08,6.8,33.8
delhi,2022-05-09,15.8,95.1
delhi,2022-05-10,17.2,111.6
delhi,2022-05-11,9.8,59.2
delhi,2022-05-12,12.0,74.6
delhi,2022-05-13,20.0,122.9
delhi,2022-05-14,32.5,229.5
delhi,2022-05-15,31.1,198.3
delhi,2022-05-16,39.1,272.6
delhi,2022-05-17,35.6,242.7
delhi,2022-05-18,42.4,282.5
delhi,2022-05-19,42.9,291.3
delhi,2022-05-20,31.3,208.1
delhi,2022-05-21,39.5,272.6
delhi,2022-05-22,63.1,438.8
delhi,2022-05-23,49.6,338.4
delhi,2022-05-24,51.8,357.1
delhi,2022-05-25,39.3,268.1
delhi,2022-05-26,54.2,379.0
delhi,2022-05-27,57.0,385.5
delhi,2022-05-28,53.5,366.0
delhi,2022-05-29,66.3,451.0
delhi,2022-05-30,51.0,350.1
delhi,2022-05-31,62.9,444.9
delhi,2022-06-01,43.9,298.3
delhi,2022-06-02,51.6,359.1
delhi,2022-06-03,39.4,281.5
delhi,2022-06-04,41.9,293.3
delhi,2022-06-05,36.6,251.6
delhi,2022-06-06,41.9,286.7
delhi,2022-06-07,34.7,235.2
delhi,2022-06-08,40.3,265.7
delhi,2022-06-09,37.6,254.0
delhi,2022-06-10,30.8,201.4
delhi,2022-06-11,36.3,248.0
delhi,2022-06-12,31.9,222.8
delhi,2022-06-13,44.6,306.0
delhi,2022-06-14,30.3,195.0
delhi,2022-06-15,41.7,273.2
delhi,2022-06-16,42.5,279.1
delhi,2022-06-17,40.3,277.8
delhi,2022-06-18,45.1,305.3
delhi,2022-06-19,43.5,278.2
delhi,2022-06-20,52.1,370.2
delhi,2022-06-21,67.2,467.4
delhi,2022-06-22,80.5,480.0
delhi,2022-06-23,77.8,480.0
delhi,2022-06-24,82.1,480.0
delhi,2022-06-25,94.7,480.0
delhi,2022-06-26,98.0,480.0
delhi,2022-06-27,98.0,480.0
delhi,2022-06-28,98.0,480.0
delhi,2023-03-01,9.5,39.5
delhi,2023-03-02,8.6,42.8
delhi,2023-03-03,8.2,45.3
delhi,2023-03-04,7.0,37.9
delhi,2023-03-05,8.5,47.8
delhi,2023-03-06,10.0,43.5
delhi,2023-03-07,7.9,41.4
delhi,2023-03-08,7.2,39.1
delhi,2023-03-09,6.9,34.9
delhi,2023-03-10,9.1,49.1
delhi,2023-03-11,10.5,59.4
delhi,2023-03-12,7.0,35.5
delhi,2023-03-13,9.6,47.7
delhi,2023-03-14,9.9,53.0
delhi,2023-03-15,11.2,52.4
delhi,2023-03-16,9.1,42.3
delhi,2023-03-17,10.1,55.1
delhi,2023-03-18,6.2,33.9
delhi,2023-03-19,6.4,34.3
delhi,2023-03-20,8.1,44.0
delhi,2023-03-21,7.0,38.6
delhi,2023-03-22,7.2,40.9
delhi,2023-03-23,8.3,47.2
delhi,2023-03-24,7.8,41.4
delhi,2023-03-25,11.0,54.1
delhi,2023-03-26,9.4,48.6
delhi,2023-03-27,9.5,46.4
delhi,2023-03-28,7.2,46.6
delhi,2023-03-29,7.5,36.5
delhi,2023-03-30,10.6,57.5
delhi,2023-03-31,9.4,50.6
delhi,2023-04-01,7.2,34.0
delhi,2023-04-02,10.2,46.8
delhi,2023-04-03,8.7,39.6
delhi,2023-04-04,12.0,68.4
delhi,2023-04-05,8.1,45.9
delhi,2023-04-06,7.3,35.1
delhi,2023-04-07,15.3,94.2
delhi,2023-04-08,8.5,39.5
delhi,2023-04-09,18.4,117.6
delhi,2023-04-10,9.6,49.2
delhi,2023-04-11,9.5,56.9
delhi,2023-04-12,12.7,70.1
delhi,2023-04-13,7.7,33.6
delhi,2023-04-14,14.9,89.3
delhi,2023-04-15,10.8,63.4
delhi,2023-04-16,17.4,108.0
delhi,2023-04-17,29.7,198.7
delhi,2023-04-18,24.7,159.8
delhi,2023-04-19,34.9,231.6
delhi,2023-04-20,29.8,190.2
delhi,2023-04-21,31.9,213.7
delhi,2023-04-22,20.1,133.5
delhi,2023-04-23,28.1,191.1
delhi,2023-04-24,17.3,100.4
delhi,2023-04-25,7.0,38.0
delhi,2023-04-26,14.4,83.9
delhi,2023-04-27,10.0,60.9
delhi,2023-04-28,18.5,111.7
delhi,2023-04-29,13.3,74.6
delhi,2023-04-30,10.2,55.6
delhi,2023-05-01,12.8,68.4
delhi,2023-05-02,16.2,92.0
delhi,2023-05-03,9.9,51.3
delhi,2023-05-04,9.9,47.8
delhi,2023-05-05,6.9,40.3
delhi,2023-05-06,9.4,53.0
delhi,2023-05-07,11.2,56.4
delhi,2023-05-08,13.4,78.2
delhi,2023-05-09,7.7,35.1
delhi,2023-05-10,15.5,107.4
delhi,2023-05-11,13.6,71.1
delhi,2023-05-12,14.6,101.8
delhi,2023-05-13,31.6,201.5
delhi,2023-05-14,30.8,209.4
delhi,2023-05-15,29.4,198.1
delhi,2023-05-16,32.1,213.2
delhi,2023-05-17,27.2,182.9
delhi,2023-05-18,40.4,284.7
delhi,2023-05-19,35.4,237.0
delhi,2023-05-20,34.1,241.2
delhi,2023-05-21,40.8,276.3
delhi,2023-05-22,49.9,342.8
delhi,2023-05-23,47.4,328.0
delhi,2023-05-24,50.9,334.3
delhi,2023-05-25,54.6,384.0
delhi,2023-05-26,56.9,400.6
delhi,2023-05-27,51.1,353.2
delhi,2023-05-28,63.3,439.2
delhi,2023-05-29,51.3,358.8
delhi,2023-05-30,60.0,417.2
delhi,2023-05-31,62.3,440.2
delhi,2023-06-01,55.2,376.1
delhi,2023-06-02,43.2,301.5
delhi,2023-06-03,46.8,315.6
delhi,2023-06-04,45.1,313.9
delhi,2023-06-05,37.8,256.5
delhi,2023-06-06,45.6,301.5
delhi,2023-06-07,45.9,316.1
delhi,2023-06-08,37.9,244.7
delhi,2023-06-09,41.2,282.9
delhi,2023-06-10,33.6,221.0
delhi,2023-06-11,40.3,272.9
delhi,2023-06-12,34.1,239.1
delhi,2023-06-13,38.2,251.1
delhi,2023-06-14,33.6,228.5
delhi,2023-06-15,39.7,269.2
delhi,2023-06-16,42.8,295.9
delhi,2023-06-17,48.1,321.3
delhi,2023-06-18,46.0,323.0
delhi,2023-06-19,45.3,308.9
delhi,2023-06-20,44.3,300.7
delhi,2023-06-21,71.9,480.0
delhi,2023-06-22,65.3,444.3
delhi,2023-06-23,64.3,437.1
delhi,2023-06-24,90.2,480.0
delhi,2023-06-25,73.6,480.0
delhi,2023-06-26,95.3,480.0
delhi,2023-06-27,98.0,480.0
delhi,2023-06-28,98.0,480.0
delhi,2024-03-01,9.1,54.9
delhi,2024-03-02,8.9,46.3
delhi,2024-03-03,6.0,29.6
delhi,2024-03-04,10.5,57.7
delhi,2024-03-05,10.9,61.7
delhi,2024-03-06,7.9,40.9
delhi,2024-03-07,8.1,41.7
delhi,2024-03-08,6.7,37.8
delhi,2024-03-09,11.0,58.3
delhi,2024-03-10,11.6,50.1
delhi,2024-03-11,9.3,46.3
delhi,2024-03-12,9.0,43.4
delhi,2024-03-13,8.5,44.8
delhi,2024-03-14,5.3,47.7
delhi,2024-03-15,9.5,53.0
delhi,2024-03-16,8.5,41.6
delhi,2024-03-17,6.4,31.5
delhi,2024-03-18,9.7,51.7
delhi,2024-03-19,7.2,30.7
delhi,2024-03-20,5.7,34.5
delhi,2024-03-21,7.4,44.0
delhi,2024-03-22,9.5,41.0
delhi,2024-03-23,8.8,41.4
delhi,2024-03-24,10.1,63.1
delhi,2024-03-25,7.9,38.3
delhi,2024-03-26,6.5,32.3
delhi,2024-03-27,8.3,42.5
delhi,2024-03-28,16.9,104.8
delhi,2024-03-29,7.8,26.9
delhi,2024-03-30,7.8,48.3
delhi,2024-03-31,8.4,48.1
delhi,2024-04-01,9.5,65.4
delhi,2024-04-02,8.3,34.1
delhi,2024-04-03,12.1,60.4
delhi,2024-04-04,10.2,50.3
delhi,2024-04-05,11.6,65.4
delhi,2024-04-06,10.7,49.5
delhi,2024-04-07,8.5,44.7
delhi,2024-04-08,9.3,48.1
delhi,2024-04-09,8.2,44.8
delhi,2024-04-10,16.0,86.7
delhi,2024-04-11,11.0,69.4
delhi,2024-04-12,9.4,47.0
delhi,2024-04-13,10.8,57.9
delhi,2024-04-14,6.6,37.9
delhi,2024-04-15,6.6,39.7
delhi,2024-04-16,29.9,194.6
delhi,2024-04-17,22.8,162.1
delhi,2024-04-18,30.5,191.1
delhi,2024-04-19,29.1,184.2
delhi,2024-04-20,24.0,149.4
delhi,2024-04-21,15.6,110.1
delhi,2024-04-22,28.4,181.7
delhi,2024-04-23,26.1,171.5
delhi,2024-04-24,21.2,143.6
delhi,2024-04-25,23.5,147.5
delhi,2024-04-26,16.2,112.1
delhi,2024-04-27,17.6,110.8
delhi,2024-04-28,18.5,110.9
delhi,2024-04-29,12.3,74.6
delhi,2024-04-30,8.4,42.9
delhi,2024-05-01,12.9,72.1
delhi,2024-05-02,12.4,60.0
delhi,2024-05-03,10.3,51.3
delhi,2024-05-04,6.5,42.4
delhi,2024-05-05,6.8,43.6
delhi,2024-05-06,10.7,59.1
delhi,2024-05-07,8.6,40.1
delhi,2024-05-08,7.1,34.4
delhi,2024-05-09,7.4,40.5
delhi,2024-05-10,12.5,73.9
delhi,2024-05-11,17.0,103.9
delhi,2024-05-12,17.2,105.2
delhi,2024-05-13,14.0,82.5
delhi,2024-05-14,23.1,158.2
delhi,2024-05-15,33.1,218.9
delhi,2024-05-16,23.9,167.1
delhi,2024-05-17,38.4,259.6
delhi,2024-05-18,37.9,247.5
delhi,2024-05-19,44.4,315.4
delhi,2024-05-20,51.5,355.1
delhi,2024-05-21,36.1,244.5
delhi,2024-05-22,48.1,323.5
delhi,2024-05-23,42.8,291.8
delhi,2024-05-24,52.5,373.0
delhi,2024-05-25,49.3,336.3
delhi,2024-05-26,56.8,401.2
delhi,2024-05-27,46.4,325.1
delhi,2024-05-28,44.9,297.9
delhi,2024-05-29,52.2,351.6
delhi,2024-05-30,50.0,340.2
delhi,2024-05-31,45.5,305.6
delhi,2024-06-01,39.3,267.0
delhi,2024-06-02,50.1,355.2
delhi,2024-06-03,48.0,329.9
delhi,2024-06-04,40.7,272.7
delhi,2024-06-05,38.3,259.7
delhi,2024-06-06,37.3,263.8
delhi,2024-06-07,44.1,299.8
delhi,2024-06-08,36.5,245.4
delhi,2024-06-09,43.7,301.3
delhi,2024-06-10,31.2,202.5
delhi,2024-06-11,28.2,185.2
delhi,2024-06-12,33.7,227.2
delhi,2024-06-13,36.3,238.2
delhi,2024-06-14,38.3,263.3
delhi,2024-06-15,38.3,262.5
delhi,2024-06-16,44.7,303.4
delhi,2024-06-17,47.5,325.1
delhi,2024-06-18,57.2,399.9
delhi,2024-06-19,54.8,372.9
delhi,2024-06-20,48.6,330.7
delhi,2024-06-21,74.1,480.0
delhi,2024-06-22,72.8,480.0
delhi,2024-06-23,87.0,480.0
delhi,2024-06-24,83.3,480.0
delhi,2024-06-25,98.0,480.0
delhi,2024-06-26,98.0,480.0
delhi,2024-06-27,98.0,480.0
delhi,2024-06-28,98.0,480.0
delhi,2025-03-01,10.1,46.9
delhi,2025-03-02,7.9,43.1
delhi,2025-03-03,8.9,45.9
delhi,2025-03-04,6.8,39.5
delhi,2025-03-05,9.5,49.1
delhi,2025-03-06,3.5,18.2
delhi,2025-03-07,5.6,31.9
delhi,2025-03-08,5.4,36.7
delhi,2025-03-09,7.4,36.9
delhi,2025-03-10,8.7,40.1
delhi,2025-03-11,7.5,35.8
delhi,2025-03-12,7.4,38.3
delhi,2025-03-13,9.8,45.2
delhi,2025-03-14,7.6,34.8
delhi,2025-03-15,11.3,53.2
delhi,2025-03-16,8.9,40.5
delhi,2025-03-17,7.6,36.7
delhi,2025-03-18,10.8,52.5
delhi,2025-03-19,6.3,40.0
delhi,2025-03-20,6.9,31.4
delhi,2025-03-21,6.8,39.1
delhi,2025-03-22,9.7,52.0
delhi,2025-03-23,6.8,42.1
delhi,2025-03-24,7.3,29.8
delhi,2025-03-25,6.1,39.5
delhi,2025-03-26,11.4,58.0
delhi,2025-03-27,7.1,46.1
delhi,2025-03-28,5.9,37.1
delhi,2025-03-29,8.1,44.9
delhi,2025-03-30,5.3,30.4
delhi,2025-03-31,7.2,36.6
delhi,2025-04-01,10.2,52.7
delhi,2025-04-02,10.2,58.0
delhi,2025-04-03,8.8,47.1
delhi,2025-04-04,9.1,38.9
delhi,2025-04-05,8.3,39.4
delhi,2025-04-06,10.0,57.7
delhi,2025-04-07,11.5,56.1
delhi,2025-04-08,15.3,76.2
delhi,2025-04-09,9.5,38.3
delhi,2025-04-10,6.7,36.4
delhi,2025-04-11,12.5,64.2
delhi,2025-04-12,8.0,43.7
delhi,2025-04-13,11.8,66.9
delhi,2025-04-14,8.4,42.8
delhi,2025-04-15,7.0,42.8
delhi,2025-04-16,27.9,181.9
delhi,2025-04-17,27.1,170.6
delhi,2025-04-18,22.0,160.8
delhi,2025-04-19,29.2,179.8
delhi,2025-04-20,28.4,184.2
delhi,2025-04-21,20.6,139.0
delhi,2025-04-22,23.0,154.2
delhi,2025-04-23,30.0,205.0
delhi,2025-04-24,28.2,179.7
delhi,2025-04-25,18.1,116.6
delhi,2025-04-26,28.8,189.4
delhi,2025-04-27,22.4,135.0
delhi,2025-04-28,14.1,80.4
delhi,2025-04-29,20.3,129.8
delhi,2025-04-30,8.1,44.3
delhi,2025-05-01,10.3,55.8
delhi,2025-05-02,11.1,48.4
delhi,2025-05-03,10.7,64.9
delhi,2025-05-04,10.1,65.2
delhi,2025-05-05,10.6,43.2
delhi,2025-05-06,8.9,51.4
delhi,2025-05-07,7.3,37.2
delhi,2025-05-08,9.7,56.7
delhi,2025-05-09,9.7,52.7
delhi,2025-05-10,25.1,156.8
delhi,2025-05-11,16.9,101.0
delhi,2025-05-12,28.3,177.4
delhi,2025-05-13,31.0,195.7
delhi,2025-05-14,11.2,61.7
delhi,2025-05-15,19.2,126.9
delhi,2025-05-16,32.4,213.2
delhi,2025-05-17,29.4,199.0
delhi,2025-05-18,35.3,241.6
delhi,2025-05-19,35.4,240.2
delhi,2025-05-20,38.7,271.6
delhi,2025-05-21,46.2,309.2
delhi,2025-05-22,45.5,305.4
delhi,2025-05-23,54.7,374.3
delhi,2025-05-24,43.8,302.3
delhi,2025-05-25,53.4,385.5
delhi,2025-05-26,61.6,424.5
delhi,2025-05-27,50.5,353.5
delhi,2025-05-28,44.6,306.6
delhi,2025-05-29,49.1,333.0
delhi,2025-05-30,59.6,408.1
delhi,2025-05-31,48.1,327.1
delhi,2025-06-01,46.0,311.5
delhi,2025-06-02,47.4,326.8
delhi,2025-06-03,43.7,297.8
delhi,2025-06-04,37.4,263.6
delhi,2025-06-05,45.4,318.8
delhi,2025-06-06,33.1,208.3
delhi,2025-06-07,23.2,159.0
delhi,2025-06-08,41.8,295.6
delhi,2025-06-09,47.9,312.7
delhi,2025-06-10,27.3,177.4
delhi,2025-06-11,30.0,214.1
delhi,2025-06-12,39.5,271.3
delhi,2025-06-13,27.8,202.6
delhi,2025-06-14,34.2,228.0
delhi,2025-06-15,42.4,282.7
delhi,2025-06-16,44.3,308.2
delhi,2025-06-17,39.5,277.3
delhi,2025-06-18,45.8,315.9
delhi,2025-06-19,48.4,336.8
delhi,2025-06-20,49.5,334.0
delhi,2025-06-21,63.0,435.5
delhi,2025-06-22,68.9,480.0
delhi,2025-06-23,80.4,480.0
delhi,2025-06-24,81.3,480.0
delhi,2025-06-25,87.8,480.0
delhi,2025-06-26,98.0,480.0
delhi,2025-06-27,98.0,480.0
delhi,2025-06-28,98.0,480.0
delhi,2026-03-01,10.1,51.1
delhi,2026-03-02,7.1,34.3
delhi,2026-03-03,8.6,37.1
delhi,2026-03-04,8.2,41.9
delhi,2026-03-05,9.4,41.8
delhi,2026-03-06,9.7,47.3
delhi,2026-03-07,9.3,47.2
delhi,2026-03-08,10.6,43.7
delhi,2026-03-09,5.6,38.8
delhi,2026-03-10,7.3,43.4
delhi,2026-03-11,7.7,35.4
delhi,2026-03-12,5.4,32.0
delhi,2026-03-13,7.7,36.2
delhi,2026-03-14,9.4,44.7
delhi,2026-03-15,8.8,40.4
delhi,2026-03-16,8.6,34.1
delhi,2026-03-17,8.7,41.8
delhi,2026-03-18,7.9,42.7
delhi,2026-03-19,9.2,47.5
delhi,2026-03-20,10.4,52.3
delhi,2026-03-21,6.4,31.1
delhi,2026-03-22,10.4,44.9
delhi,2026-03-23,8.2,39.8
delhi,2026-03-24,9.0,53.6
delhi,2026-03-25,6.3,37.5
delhi,2026-03-26,9.0,46.2
delhi,2026-03-27,8.3,50.4
delhi,2026-03-28,10.6,54.7
delhi,2026-03-29,7.1,34.8
delhi,2026-03-30,10.0,44.7
delhi,2026-03-31,8.4,38.1
delhi,2026-04-01,6.7,37.9
delhi,2026-04-02,13.5,74.7
delhi,2026-04-03,7.9,46.0
delhi,2026-04-04,7.3,33.4
delhi,2026-04-05,11.3,67.5
delhi,2026-04-06,10.4,57.7
delhi,2026-04-07,10.5,59.0
delhi,2026-04-08,13.7,83.6
delhi,2026-04-09,5.4,32.5
delhi,2026-04-10,8.5,55.5
delhi,2026-04-11,8.9,52.2
delhi,2026-04-12,7.6,37.7
delhi,2026-04-13,7.5,38.4
delhi,2026-04-14,6.4,44.1
delhi,2026-04-15,7.2,44.4
delhi,2026-04-16,33.8,225.8
delhi,2026-04-17,27.5,174.8
delhi,2026-04-18,31.8,219.3
delhi,2026-04-19,28.7,192.8
delhi,2026-04-20,19.0,121.5
delhi,2026-04-21,28.5,184.0
delhi,2026-04-22,31.4,213.1
delhi,2026-04-23,30.9,202.6
delhi,2026-04-24,24.8,156.9
delhi,2026-04-25,12.5,64.5
delhi,2026-04-26,14.3,92.9
delhi,2026-04-27,26.6,175.1
delhi,2026-04-28,13.5,86.3
delhi,2026-04-29,8.8,49.9
delhi,2026-04-30,11.5,67.5
delhi,2026-05-01,10.3,56.8
delhi,2026-05-02,8.7,43.6
delhi,2026-05-03,7.8,42.8
delhi,2026-05-04,14.4,76.3
delhi,2026-05-05,14.4,105.7
delhi,2026-05-06,7.6,39.3
delhi,2026-05-07,9.7,38.6
delhi,2026-05-08,6.3,31.8
delhi,2026-05-09,16.1,97.0
delhi,2026-05-10,8.9,52.6
delhi,2026-05-11,23.9,147.3
delhi,2026-05-12,24.8,165.5
delhi,2026-05-13,27.1,171.1
delhi,2026-05-14,24.2,172.8
delhi,2026-05-15,19.2,119.2
delhi,2026-05-16,30.9,201.5
delhi,2026-05-17,28.8,197.6
delhi,2026-05-18,35.9,254.4
delhi,2026-05-19,35.6,246.8
delhi,2026-05-20,38.2,263.5
delhi,2026-05-21,36.5,255.5
delhi,2026-05-22,44.7,314.0
delhi,2026-05-23,64.8,455.0
delhi,2026-05-24,61.3,427.3
delhi,2026-05-25,44.3,302.1
delhi,2026-05-26,55.0,383.4
delhi,2026-05-27,40.4,281.1
delhi,2026-05-28,68.3,480.0
delhi,2026-05-29,49.8,339.1
delhi,2026-05-30,54.4,382.8
delhi,2026-05-31,43.5,296.2
delhi,2026-06-01,44.0,300.9
delhi,2026-06-02,54.4,388.8
delhi,2026-06-03,40.5,283.0
delhi,2026-06-04,44.1,297.0
delhi,2026-06-05,43.4,299.1
delhi,2026-06-06,34.0,235.3
delhi,2026-06-07,32.7,222.4
delhi,2026-06-08,40.4,277.4
delhi,2026-06-09,43.2,300.7
delhi,2026-06-10,38.2,259.4
delhi,2026-06-11,36.4,240.0
delhi,2026-06-12,32.6,218.5
delhi,2026-06-13,40.7,277.5
delhi,2026-06-14,33.2,219.5
delhi,2026-06-15,38.9,255.1
delhi,2026-06-16,40.9,286.9
delhi,2026-06-17,45.9,305.9
delhi,2026-06-18,43.2,304.5
delhi,2026-06-19,46.1,313.8
delhi,2026-06-20,52.1,355.6
delhi,2026-06-21,74.7,480.0
delhi,2026-06-22,69.5,480.0
delhi,2026-06-23,81.9,480.0
delhi,2026-06-24,87.6,480.0
delhi,2026-06-25,95.7,480.0
delhi,2026-06-26,98.0,480.0
delhi,2026-06-27,98.0,480.0
delhi,2026-06-28,98.0,480.0
ahmedabad,2022-03-01,5.3,30.2
ahmedabad,2022-03-02,8.4,42.2
ahmedabad,2022-03-03,10.3,52.8
ahmedabad,2022-03-04,7.4,24.5
ahmedabad,2022-03-05,8.6,52.2
ahmedabad,2022-03-06,8.0,44.4
ahmedabad,2022-03-07,7.0,33.1
ahmedabad,2022-03-08,8.5,55.4
ahmedabad,2022-03-09,6.8,41.6
ahmedabad,2022-03-10,10.6,47.1
ahmedabad,2022-03-11,7.7,33.8
ahmedabad,2022-03-12,8.6,41.1
ahmedabad,2022-03-13,8.2,41.5
ahmedabad,2022-03-14,12.3,70.6
ahmedabad,2022-03-15,18.0,99.1
ahmedabad,2022-03-16,9.3,55.7
ahmedabad,2022-03-17,8.4,46.6
ahmedabad,2022-03-18,7.1,38.5
ahmedabad,2022-03-19,9.4,54.2
ahmedabad,2022-03-20,6.9,38.6
ahmedabad,2022-03-21,6.9,37.4
ahmedabad,2022-03-22,8.9,36.6
ahmedabad,2022-03-23,7.9,40.6
ahmedabad,2022-03-24,10.8,47.6
ahmedabad,2022-03-25,7.3,46.7
ahmedabad,2022-03-26,9.5,37.1
ahmedabad,2022-03-27,7.1,37.9
ahmedabad,2022-03-28,9.7,41.5
ahmedabad,2022-03-29,12.2,75.6
ahmedabad,2022-03-30,11.7,76.0
ahmedabad,2022-03-31,13.0,72.1
ahmedabad,2022-04-01,7.3,32.0
ahmedabad,2022-04-02,7.6,40.1
ahmedabad,2022-04-03,19.0,129.0
ahmedabad,2022-04-04,12.9,70.8
ahmedabad,2022-04-05,13.7,79.7
ahmedabad,2022-04-06,7.8,42.4
ahmedabad,2022-04-07,9.8,50.0
ahmedabad,2022-04-08,13.6,77.3
ahmedabad,2022-04-09,13.1,69.2
ahmedabad,2022-04-10,19.2,117.1
ahmedabad,2022-04-11,12.1,74.8
ahmedabad,2022-04-12,14.7,100.4
ahmedabad,2022-04-13,17.5,113.7
ahmedabad,2022-04-14,20.4,118.2
ahmedabad,2022-04-15,16.7,105.4
ahmedabad,2022-04-16,33.0,210.9
ahmedabad,2022-04-17,28.0,195.7
ahmedabad,2022-04-18,35.4,253.0
ahmedabad,2022-04-19,32.5,229.0
ahmedabad,2022-04-20,31.5,218.6
ahmedabad,2022-04-21,37.2,246.1
ahmedabad,2022-04-22,31.8,198.6
ahmedabad,2022-04-23,19.5,126.5
ahmedabad,2022-04-24,34.5,229.8
ahmedabad,2022-04-25,29.5,188.6
ahmedabad,2022-04-26,20.4,123.8
ahmedabad,2022-04-27,13.3,75.0
ahmedabad,2022-04-28,9.9,49.8
ahmedabad,2022-04-29,10.5,59.7
ahmedabad,2022-04-30,8.5,50.8
ahmedabad,2022-05-01,17.0,111.3
ahmedabad,2022-05-02,11.7,72.9
ahmedabad,2022-05-03,7.2,38.7
ahmedabad,2022-05-04,16.9,103.7
ahmedabad,2022-05-05,10.5,51.3
ahmedabad,2022-05-06,12.4,65.5
ahmedabad,2022-05-07,8.6,43.9
ahmedabad,2022-05-08,18.4,112.5
ahmedabad,2022-05-09,15.8,92.0
ahmedabad,2022-05-10,15.3,97.4
ahmedabad,2022-05-11,12.6,61.5
ahmedabad,2022-05-12,23.6,148.5
ahmedabad,2022-05-13,20.2,125.9
ahmedabad,2022-05-14,28.7,192.8
ahmedabad,2022-05-15,33.4,217.8
ahmedabad,2022-05-16,27.9,180.2
ahmedabad,2022-05-17,36.5,252.2
ahmedabad,2022-05-18,39.9,263.9
ahmedabad,2022-05-19,50.7,327.6
ahmedabad,2022-05-20,48.7,333.8
ahmedabad,2022-05-21,53.9,368.3
ahmedabad,2022-05-22,63.1,451.7
ahmedabad,2022-05-23,60.8,421.1
ahmedabad,2022-05-24,57.3,402.5
ahmedabad,2022-05-25,71.8,480.0
ahmedabad,2022-05-26,89.2,480.0
ahmedabad,2022-05-27,51.7,353.6
ahmedabad,2022-05-28,81.4,480.0
ahmedabad,2022-05-29,65.3,458.4
ahmedabad,2022-05-30,72.2,480.0
ahmedabad,2022-05-31,71.9,480.0
ahmedabad,2022-06-01,48.4,332.6
ahmedabad,2022-06-02,58.0,400.6
ahmedabad,2022-06-03,43.7,305.9
ahmedabad,2022-06-04,40.9,283.6
ahmedabad,2022-06-05,43.9,289.7
ahmedabad,2022-06-06,45.5,316.1
ahmedabad,2022-06-07,41.0,276.9
ahmedabad,2022-06-08,39.0,255.4
ahmedabad,2022-06-09,41.3,280.4
ahmedabad,2022-06-10,45.5,324.7
ahmedabad,2022-06-11,36.5,263.3
ahmedabad,2022-06-12,31.4,221.1
ahmedabad,2022-06-13,34.8,238.3
ahmedabad,2022-06-14,35.4,245.1
ahmedabad,2022-06-15,31.3,214.3
ahmedabad,2022-06-16,30.9,198.7
ahmedabad,2022-06-17,49.8,343.7
ahmedabad,2022-06-18,47.4,316.1
ahmedabad,2022-06-19,55.1,370.3
ahmedabad,2022-06-20,59.0,399.7
ahmedabad,2022-06-21,55.8,392.9
ahmedabad,2022-06-22,78.9,480.0
ahmedabad,2022-06-23,88.0,480.0
ahmedabad,2022-06-24,98.0,480.0
ahmedabad,2022-06-25,98.0,480.0
ahmedabad,2022-06-26,98.0,480.0
ahmedabad,2022-06-27,98.0,480.0
ahmedabad,2022-06-28,98.0,480.0
ahmedabad,2023-03-01,7.5,37.6
ahmedabad,2023-03-02,8.1,54.1
ahmedabad,2023-03-03,10.9,49.2
ahmedabad,2023-03-04,10.8,67.4
ahmedabad,2023-03-05,10.0,39.3
ahmedabad,2023-03-06,8.4,46.2
ahmedabad,2023-03-07,7.6,37.5
ahmedabad,2023-03-08,11.2,57.9
ahmedabad,2023-03-09,5.9,32.1
ahmedabad,2023-03-10,9.0,43.5
ahmedabad,2023-03-11,9.8,46.9
ahmedabad,2023-03-12,9.9,48.6
ahmedabad,2023-03-13,8.1,51.6
ahmedabad,2023-03-14,7.2,40.2
ahmedabad,2023-03-15,9.4,53.0
ahmedabad,2023-03-16,9.5,38.0
ahmedabad,2023-03-17,8.5,34.7
ahmedabad,2023-03-18,8.3,37.7
ahmedabad,2023-03-19,9.5,47.5
ahmedabad,2023-03-20,9.1,55.3
ahmedabad,2023-03-21,8.4,41.8
ahmedabad,2023-03-22,8.5,34.3
ahmedabad,2023-03-23,7.3,37.9
ahmedabad,2023-03-24,9.8,49.3
ahmedabad,2023-03-25,9.0,46.7
ahmedabad,2023-03-26,7.7,48.8
ahmedabad,2023-03-27,8.0,41.8
ahmedabad,2023-03-28,9.8,56.8
ahmedabad,2023-03-29,6.2,35.4
ahmedabad,2023-03-30,8.3,36.2
ahmedabad,2023-03-31,9.5,57.5
ahmedabad,2023-04-01,8.5,41.5
ahmedabad,2023-04-02,9.8,50.9
ahmedabad,2023-04-03,8.4,46.2
ahmedabad,2023-04-04,9.3,60.0
ahmedabad,2023-04-05,8.0,40.7
ahmedabad,2023-04-06,21.8,150.5
ahmedabad,2023-04-07,10.0,55.7
ahmedabad,2023-04-08,13.0,84.5
ahmedabad,2023-04-09,16.3,106.0
ahmedabad,2023-04-10,12.7,67.6
ahmedabad,2023-04-11,10.0,47.8
ahmedabad,2023-04-12,21.4,135.0
ahmedabad,2023-04-13,20.1,127.0
ahmedabad,2023-04-14,7.3,40.4
ahmedabad,2023-04-15,7.7,43.8
ahmedabad,2023-04-16,26.3,162.4
ahmedabad,2023-04-17,26.7,177.6
ahmedabad,2023-04-18,27.7,186.3
ahmedabad,2023-04-19,26.7,172.2
ahmedabad,2023-04-20,34.2,237.6
ahmedabad,2023-04-21,31.6,215.9
ahmedabad,2023-04-22,32.5,220.7
ahmedabad,2023-04-23,35.5,243.4
ahmedabad,2023-04-24,22.8,137.1
ahmedabad,2023-04-25,13.9,90.6
ahmedabad,2023-04-26,31.8,194.3
ahmedabad,2023-04-27,29.8,192.8
ahmedabad,2023-04-28,18.4,120.2
ahmedabad,2023-04-29,17.4,99.1
ahmedabad,2023-04-30,19.3,128.7
ahmedabad,2023-05-01,9.6,43.2
ahmedabad,2023-05-02,9.6,37.5
ahmedabad,2023-05-03,13.3,67.3
ahmedabad,2023-05-04,12.9,76.4
ahmedabad,2023-05-05,5.9,31.6
ahmedabad,2023-05-06,9.1,60.2
ahmedabad,2023-05-07,17.3,104.7
ahmedabad,2023-05-08,18.2,113.9
ahmedabad,2023-05-09,17.8,114.2
ahmedabad,2023-05-10,23.8,146.5
ahmedabad,2023-05-11,21.3,138.7
ahmedabad,2023-05-12,21.2,128.3
ahmedabad,2023-05-13,22.1,138.5
ahmedabad,2023-05-14,26.7,178.1
ahmedabad,2023-05-15,34.0,238.2
ahmedabad,2023-05-16,37.8,258.8
ahmedabad,2023-05-17,33.5,225.8
ahmedabad,2023-05-18,40.3,261.4
ahmedabad,2023-05-19,43.0,284.4
ahmedabad,2023-05-20,51.6,354.6
ahmedabad,2023-05-21,51.1,337.0
ahmedabad,2023-05-22,46.3,322.6
ahmedabad,2023-05-23,48.5,321.4
ahmedabad,2023-05-24,71.5,480.0
ahmedabad,2023-05-25,56.5,386.9
ahmedabad,2023-05-26,73.1,480.0
ahmedabad,2023-05-27,76.2,480.0
ahmedabad,2023-05-28,43.6,292.1
ahmedabad,2023-05-29,69.1,474.2
ahmedabad,2023-05-30,68.0,463.5
ahmedabad,2023-05-31,48.1,318.2
ahmedabad,2023-06-01,61.9,421.3
ahmedabad,2023-06-02,44.8,310.0
ahmedabad,2023-06-03,46.1,313.7
ahmedabad,2023-06-04,43.2,309.0
ahmedabad,2023-06-05,37.5,269.3
ahmedabad,2023-06-06,42.8,294.1
ahmedabad,2023-06-07,41.6,276.4
ahmedabad,2023-06-08,44.5,311.0
ahmedabad,2023-06-09,41.0,280.5
ahmedabad,2023-06-10,35.7,250.4
ahmedabad,2023-06-11,29.3,203.5
ahmedabad,2023-06-12,34.1,237.5
ahmedabad,2023-06-13,42.8,287.8
ahmedabad,2023-06-14,43.0,301.8
ahmedabad,2023-06-15,37.7,247.8
ahmedabad,2023-06-16,47.6,325.6
ahmedabad,2023-06-17,43.1,285.4
ahmedabad,2023-06-18,46.0,324.9
ahmedabad,2023-06-19,68.5,469.5
ahmedabad,2023-06-20,75.5,480.0
ahmedabad,2023-06-21,76.4,480.0
ahmedabad,2023-06-22,91.0,480.0
ahmedabad,2023-06-23,98.0,480.0
ahmedabad,2023-06-24,92.9,480.0
ahmedabad,2023-06-25,98.0,480.0
ahmedabad,2023-06-26,98.0,480.0
ahmedabad,2023-06-27,98.0,480.0
ahmedabad,2023-06-28,98.0,480.0
ahmedabad,2024-03-01,4.5,26.2
ahmedabad,2024-03-02,5.5,31.6
ahmedabad,2024-03-03,7.7,40.4
ahmedabad,2024-03-04,6.1,29.4
ahmedabad,2024-03-05,6.5,43.4
ahmedabad,2024-03-06,9.2,42.3
ahmedabad,2024-03-07,9.3,49.0
ahmedabad,2024-03-08,9.4,58.8
ahmedabad,2024-03-09,7.0,40.4
ahmedabad,2024-03-10,9.0,38.0
ahmedabad,2024-03-11,10.5,45.1
ahmedabad,2024-03-12,9.5,52.3
ahmedabad,2024-03-13,8.3,44.9
ahmedabad,2024-03-14,10.7,57.3
ahmedabad,2024-03-15,6.8,20.7
ahmedabad,2024-03-16,8.4,48.5
ahmedabad,2024-03-17,10.0,54.6
ahmedabad,2024-03-18,13.9,73.6
ahmedabad,2024-03-19,7.7,33.3
ahmedabad,2024-03-20,7.9,42.1
ahmedabad,2024-03-21,8.0,31.1
ahmedabad,2024-03-22,5.7,41.7
ahmedabad,2024-03-23,5.8,38.2
ahmedabad,2024-03-24,6.5,46.9
ahmedabad,2024-03-25,13.0,77.6
ahmedabad,2024-03-26,8.9,51.8
ahmedabad,2024-03-27,7.2,37.0
ahmedabad,2024-03-28,6.7,45.6
ahmedabad,2024-03-29,7.0,41.0
ahmedabad,2024-03-30,13.1,91.3
ahmedabad,2024-03-31,4.3,25.7
ahmedabad,2024-04-01,8.9,45.1
ahmedabad,2024-04-02,13.6,83.0
ahmedabad,2024-04-03,9.1,41.7
ahmedabad,2024-04-04,11.2,56.4
ahmedabad,2024-04-05,11.6,68.4
ahmedabad,2024-04-06,18.7,111.6
ahmedabad,2024-04-07,10.9,63.2
ahmedabad,2024-04-08,8.6,46.7
ahmedabad,2024-04-09,9.3,48.5
ahmedabad,2024-04-10,14.9,84.6
ahmedabad,2024-04-11,12.0,70.8
ahmedabad,2024-04-12,12.5,85.9
ahmedabad,2024-04-13,23.7,160.1
ahmedabad,2024-04-14,7.4,38.3
ahmedabad,2024-04-15,17.3,101.9
ahmedabad,2024-04-16,35.2,244.8
ahmedabad,2024-04-17,34.9,234.0
ahmedabad,2024-04-18,36.7,239.9
ahmedabad,2024-04-19,25.8,162.8
ahmedabad,2024-04-20,24.6,171.9
ahmedabad,2024-04-21,31.2,206.6
ahmedabad,2024-04-22,28.1,183.0
ahmedabad,2024-04-23,34.6,221.2
ahmedabad,2024-04-24,25.4,178.4
ahmedabad,2024-04-25,23.1,162.9
ahmedabad,2024-04-26,31.4,218.5
ahmedabad,2024-04-27,17.5,101.8
ahmedabad,2024-04-28,13.0,85.7
ahmedabad,2024-04-29,17.0,113.9
ahmedabad,2024-04-30,7.3,44.1
ahmedabad,2024-05-01,21.9,140.9
ahmedabad,2024-05-02,6.4,33.0
ahmedabad,2024-05-03,9.0,41.3
ahmedabad,2024-05-04,6.8,36.3
ahmedabad,2024-05-05,7.7,45.0
ahmedabad,2024-05-06,22.9,148.0
ahmedabad,2024-05-07,8.5,52.1
ahmedabad,2024-05-08,23.8,157.3
ahmedabad,2024-05-09,11.2,68.5
ahmedabad,2024-05-10,29.7,187.8
ahmedabad,2024-05-11,32.7,216.8
ahmedabad,2024-05-12,19.8,131.3
ahmedabad,2024-05-13,25.4,167.9
ahmedabad,2024-05-14,27.1,181.3
ahmedabad,2024-05-15,40.2,268.9
ahmedabad,2024-05-16,37.6,252.2
ahmedabad,2024-05-17,45.4,303.0
ahmedabad,2024-05-18,50.7,357.0
ahmedabad,2024-05-19,42.9,306.8
ahmedabad,2024-05-20,52.4,344.0
ahmedabad,2024-05-21,61.6,433.5
ahmedabad,2024-05-22,47.8,317.7
ahmedabad,2024-05-23,73.2,480.0
ahmedabad,2024-05-24,68.4,480.0
ahmedabad,2024-05-25,45.8,327.5
ahmedabad,2024-05-26,60.6,427.5
ahmedabad,2024-05-27,65.5,466.3
ahmedabad,2024-05-28,46.6,323.4
ahmedabad,2024-05-29,70.3,480.0
ahmedabad,2024-05-30,50.1,351.1
ahmedabad,2024-05-31,55.4,383.4
ahmedabad,2024-06-01,55.1,379.9
ahmedabad,2024-06-02,46.7,319.1
ahmedabad,2024-06-03,55.3,380.3
ahmedabad,2024-06-04,50.4,343.2
ahmedabad,2024-06-05,49.0,352.8
ahmedabad,2024-06-06,38.9,263.0
ahmedabad,2024-06-07,58.8,421.2
ahmedabad,2024-06-08,37.7,254.5
ahmedabad,2024-06-09,42.5,280.4
ahmedabad,2024-06-10,27.6,179.1
ahmedabad,2024-06-11,36.9,263.5
ahmedabad,2024-06-12,47.6,329.2
ahmedabad,2024-06-13,31.6,215.7
ahmedabad,2024-06-14,46.8,319.8
ahmedabad,2024-06-15,56.1,374.5
ahmedabad,2024-06-16,46.1,313.2
ahmedabad,2024-06-17,52.1,362.4
ahmedabad,2024-06-18,53.4,372.8
ahmedabad,2024-06-19,54.3,386.3
ahmedabad,2024-06-20,71.3,480.0
ahmedabad,2024-06-21,73.5,480.0
ahmedabad,2024-06-22,78.9,480.0
ahmedabad,2024-06-23,75.6,480.0
ahmedabad,2024-06-24,98.0,480.0
ahmedabad,2024-06-25,98.0,480.0
ahmedabad,2024-06-26,98.0,480.0
ahmedabad,2024-06-27,98.0,480.0
ahmedabad,2024-06-28,98.0,480.0
ahmedabad,2025-03-01,9.7,48.8
ahmedabad,2025-03-02,9.9,51.9
ahmedabad,2025-03-03,8.5,53.0
ahmedabad,2025-03-04,7.9,36.9
ahmedabad,2025-03-05,9.6,45.6
ahmedabad,2025-03-06,11.7,71.4
ahmedabad,2025-03-07,10.9,55.1
ahmedabad,2025-03-08,9.6,42.5
ahmedabad,2025-03-09,9.9,43.8
ahmedabad,2025-03-10,9.1,40.6
ahmedabad,2025-03-11,9.3,50.0
ahmedabad,2025-03-12,11.2,56.4
ahmedabad,2025-03-13,11.0,61.3
ahmedabad,2025-03-14,7.5,39.3
ahmedabad,2025-03-15,7.8,37.1
ahmedabad,2025-03-16,8.2,50.7
ahmedabad,2025-03-17,8.8,42.4
ahmedabad,2025-03-18,8.4,46.2
ahmedabad,2025-03-19,9.1,46.3
ahmedabad,2025-03-20,11.0,64.1
ahmedabad,2025-03-21,8.0,33.2
ahmedabad,2025-03-22,9.9,46.1
ahmedabad,2025-03-23,7.7,33.8
ahmedabad,2025-03-24,9.6,53.8
ahmedabad,2025-03-25,13.6,72.5
ahmedabad,2025-03-26,10.3,49.5
ahmedabad,2025-03-27,9.7,43.8
ahmedabad,2025-03-28,10.1,45.9
ahmedabad,2025-03-29,6.3,29.1
ahmedabad,2025-03-30,10.2,52.5
ahmedabad,2025-03-31,12.4,69.2
ahmedabad,2025-04-01,14.9,78.8
ahmedabad,2025-04-02,7.6,36.6
ahmedabad,2025-04-03,8.7,25.4
ahmedabad,2025-04-04,10.6,47.4
ahmedabad,2025-04-05,10.0,50.9
ahmedabad,2025-04-06,9.4,42.0
ahmedabad,2025-04-07,15.7,107.4
ahmedabad,2025-04-08,13.1,61.3
ahmedabad,2025-04-09,9.5,42.5
ahmedabad,2025-04-10,21.4,123.3
ahmedabad,2025-04-11,8.1,23.6
ahmedabad,2025-04-12,10.7,47.8
ahmedabad,2025-04-13,15.4,97.2
ahmedabad,2025-04-14,15.0,95.5
ahmedabad,2025-04-15,17.7,101.5
ahmedabad,2025-04-16,33.8,227.0
ahmedabad,2025-04-17,36.4,244.4
ahmedabad,2025-04-18,36.7,257.1
ahmedabad,2025-04-19,25.6,173.6
ahmedabad,2025-04-20,33.0,208.3
ahmedabad,2025-04-21,28.8,191.7
ahmedabad,2025-04-22,38.0,265.0
ahmedabad,2025-04-23,28.6,178.3
ahmedabad,2025-04-24,28.8,181.5
ahmedabad,2025-04-25,21.1,140.4
ahmedabad,2025-04-26,13.4,89.8
ahmedabad,2025-04-27,9.2,45.6
ahmedabad,2025-04-28,19.2,124.5
ahmedabad,2025-04-29,22.6,144.7
ahmedabad,2025-04-30,13.5,76.1
ahmedabad,2025-05-01,16.4,105.9
ahmedabad,2025-05-02,9.2,39.3
ahmedabad,2025-05-03,17.0,94.4
ahmedabad,2025-05-04,9.6,49.4
ahmedabad,2025-05-05,7.5,41.1
ahmedabad,2025-05-06,9.9,47.0
ahmedabad,2025-05-07,7.7,45.5
ahmedabad,2025-05-08,16.6,105.6
ahmedabad,2025-05-09,28.4,191.4
ahmedabad,2025-05-10,16.2,98.3
ahmedabad,2025-05-11,23.5,157.8
ahmedabad,2025-05-12,23.6,148.9
ahmedabad,2025-05-13,6.8,41.2
ahmedabad,2025-05-14,28.7,192.3
ahmedabad,2025-05-15,35.2,239.7
ahmedabad,2025-05-16,43.8,286.6
ahmedabad,2025-05-17,37.7,249.4
ahmedabad,2025-05-18,39.2,251.5
ahmedabad,2025-05-19,42.3,282.6
ahmedabad,2025-05-20,48.0,337.7
ahmedabad,2025-05-21,57.6,400.6
ahmedabad,2025-05-22,55.0,377.8
ahmedabad,2025-05-23,69.9,480.0
ahmedabad,2025-05-24,63.8,426.6
ahmedabad,2025-05-25,45.2,315.9
ahmedabad,2025-05-26,55.7,379.2
ahmedabad,2025-05-27,72.8,480.0
ahmedabad,2025-05-28,56.0,384.8
ahmedabad,2025-05-29,59.0,414.6
ahmedabad,2025-05-30,57.8,392.2
ahmedabad,2025-05-31,64.8,449.5
ahmedabad,2025-06-01,62.6,434.0
ahmedabad,2025-06-02,58.6,413.1
ahmedabad,2025-06-03,42.2,293.7
ahmedabad,2025-06-04,48.6,333.3
ahmedabad,2025-06-05,43.5,308.9
ahmedabad,2025-06-06,47.0,325.3
ahmedabad,2025-06-07,38.6,260.5
ahmedabad,2025-06-08,46.9,320.0
ahmedabad,2025-06-09,43.7,279.3
ahmedabad,2025-06-10,34.7,225.5
ahmedabad,2025-06-11,43.8,293.6
ahmedabad,2025-06-12,37.8,254.0
ahmedabad,2025-06-13,29.2,191.8
ahmedabad,2025-06-14,40.9,269.5
ahmedabad,2025-06-15,45.0,302.5
ahmedabad,2025-06-16,45.4,320.2
ahmedabad,2025-06-17,45.3,320.6
ahmedabad,2025-06-18,34.8,233.9
ahmedabad,2025-06-19,57.3,389.4
ahmedabad,2025-06-20,56.6,386.4
ahmedabad,2025-06-21,61.4,427.0
ahmedabad,2025-06-22,89.0,480.0
ahmedabad,2025-06-23,93.9,480.0
ahmedabad,2025-06-24,92.8,480.0
ahmedabad,2025-06-25,98.0,480.0
ahmedabad,2025-06-26,98.0,480.0
ahmedabad,2025-06-27,98.0,480.0
ahmedabad,2025-06-28,98.0,480.0
ahmedabad,2026-03-01,18.7,119.0
ahmedabad,2026-03-02,8.2,53.1
ahmedabad,2026-03-03,12.8,62.9
ahmedabad,2026-03-04,7.4,37.8
ahmedabad,2026-03-05,9.5,49.4
ahmedabad,2026-03-06,11.1,60.6
ahmedabad,2026-03-07,8.2,45.7
ahmedabad,2026-03-08,8.6,42.6
ahmedabad,2026-03-09,8.9,44.9
ahmedabad,2026-03-10,9.0,48.7
ahmedabad,2026-03-11,13.0,78.3
ahmedabad,2026-03-12,11.9,60.5
ahmedabad,2026-03-13,8.1,45.8
ahmedabad,2026-03-14,10.8,53.2
ahmedabad,2026-03-15,7.9,43.4
ahmedabad,2026-03-16,8.7,49.6
ahmedabad,2026-03-17,5.8,44.0
ahmedabad,2026-03-18,8.8,48.9
ahmedabad,2026-03-19,7.0,35.7
ahmedabad,2026-03-20,8.3,44.9
ahmedabad,2026-03-21,7.1,48.2
ahmedabad,2026-03-22,8.1,42.5
ahmedabad,2026-03-23,10.8,44.9
ahmedabad,2026-03-24,6.6,33.4
ahmedabad,2026-03-25,9.2,38.6
ahmedabad,2026-03-26,18.4,98.1
ahmedabad,2026-03-27,15.5,97.8
ahmedabad,2026-03-28,10.7,74.3
ahmedabad,2026-03-29,16.2,104.7
ahmedabad,2026-03-30,13.6,91.9
ahmedabad,2026-03-31,8.5,55.2
ahmedabad,2026-04-01,9.1,52.2
ahmedabad,2026-04-02,19.8,120.6
ahmedabad,2026-04-03,8.5,49.0
ahmedabad,2026-04-04,8.4,44.2
ahmedabad,2026-04-05,20.2,124.2
ahmedabad,2026-04-06,5.8,34.6
ahmedabad,2026-04-07,7.7,52.4
ahmedabad,2026-04-08,13.6,72.8
ahmedabad,2026-04-09,15.1,81.5
ahmedabad,2026-04-10,14.4,82.3
ahmedabad,2026-04-11,13.4,95.5
ahmedabad,2026-04-12,8.1,54.0
ahmedabad,2026-04-13,13.2,85.5
ahmedabad,2026-04-14,18.6,109.7
ahmedabad,2026-04-15,21.8,127.3
ahmedabad,2026-04-16,30.7,194.1
ahmedabad,2026-04-17,44.1,310.0
ahmedabad,2026-04-18,35.0,225.0
ahmedabad,2026-04-19,44.3,304.5
ahmedabad,2026-04-20,39.3,263.1
ahmedabad,2026-04-21,26.2,185.0
ahmedabad,2026-04-22,36.6,249.0
ahmedabad,2026-04-23,27.0,182.2
ahmedabad,2026-04-24,28.9,195.2
ahmedabad,2026-04-25,28.5,189.1
ahmedabad,2026-04-26,24.4,162.2
ahmedabad,2026-04-27,22.5,145.1
ahmedabad,2026-04-28,17.4,108.8
ahmedabad,2026-04-29,10.6,43.2
ahmedabad,2026-04-30,16.1,100.6
ahmedabad,2026-05-01,9.9,48.2
ahmedabad,2026-05-02,15.5,92.5
ahmedabad,2026-05-03,23.7,161.1
ahmedabad,2026-05-04,14.7,84.5
ahmedabad,2026-05-05,9.4,42.8
ahmedabad,2026-05-06,5.7,34.8
ahmedabad,2026-05-07,12.4,72.3
ahmedabad,2026-05-08,11.2,60.6
ahmedabad,2026-05-09,22.3,142.1
ahmedabad,2026-05-10,19.5,128.7
ahmedabad,2026-05-11,17.7,106.1
ahmedabad,2026-05-12,18.8,109.1
ahmedabad,2026-05-13,24.0,154.9
ahmedabad,2026-05-14,23.8,171.1
ahmedabad,2026-05-15,28.1,180.0
ahmedabad,2026-05-16,25.8,174.6
ahmedabad,2026-05-17,40.8,274.7
ahmedabad,2026-05-18,39.8,284.1
ahmedabad,2026-05-19,41.0,284.9
ahmedabad,2026-05-20,41.3,273.5
ahmedabad,2026-05-21,43.0,298.7
ahmedabad,2026-05-22,49.6,338.6
ahmedabad,2026-05-23,59.4,428.7
ahmedabad,2026-05-24,69.0,474.9
ahmedabad,2026-05-25,66.2,454.1
ahmedabad,2026-05-26,56.1,394.8
ahmedabad,2026-05-27,66.5,452.2
ahmedabad,2026-05-28,65.3,443.5
ahmedabad,2026-05-29,77.4,480.0
ahmedabad,2026-05-30,65.7,445.2
ahmedabad,2026-05-31,60.1,409.0
ahmedabad,2026-06-01,57.9,400.7
ahmedabad,2026-06-02,60.4,425.2
ahmedabad,2026-06-03,52.5,360.0
ahmedabad,2026-06-04,38.7,253.2
ahmedabad,2026-06-05,50.4,348.4
ahmedabad,2026-06-06,45.0,308.0
ahmedabad,2026-06-07,34.7,232.0
ahmedabad,2026-06-08,36.6,252.8
ahmedabad,2026-06-09,40.9,272.6
ahmedabad,2026-06-10,49.4,331.7
ahmedabad,2026-06-11,37.4,266.3
ahmedabad,2026-06-12,41.7,282.6
ahmedabad,2026-06-13,38.9,254.2
ahmedabad,2026-06-14,39.2,268.5
ahmedabad,2026-06-15,39.3,265.0
ahmedabad,2026-06-16,54.6,375.2
ahmedabad,2026-06-17,42.2,305.4
ahmedabad,2026-06-18,57.0,398.1
ahmedabad,2026-06-19,61.7,419.9
ahmedabad,2026-06-20,70.5,480.0
ahmedabad,2026-06-21,71.6,480.0
ahmedabad,2026-06-22,88.1,480.0
ahmedabad,2026-06-23,87.5,480.0
ahmedabad,2026-06-24,93.2,480.0
ahmedabad,2026-06-25,98.0,480.0
ahmedabad,2026-06-26,98.0,480.0
ahmedabad,2026-06-27,98.0,480.0
ahmedabad,2026-06-28,98.0,480.0
nagpur,2022-03-01,4.9,34.1
nagpur,2022-03-02,9.5,49.3
nagpur,2022-03-03,5.4,30.5
nagpur,2022-03-04,9.4,41.1
nagpur,2022-03-05,7.6,36.3
nagpur,2022-03-06,9.7,40.3
nagpur,2022-03-07,6.9,35.0
nagpur,2022-03-08,8.6,40.9
nagpur,2022-03-09,7.0,45.7
nagpur,2022-03-10,7.0,41.0
nagpur,2022-03-11,8.7,52.0
nagpur,2022-03-12,12.8,62.9
nagpur,2022-03-13,8.9,54.5
nagpur,2022-03-14,9.3,46.8
nagpur,2022-03-15,6.0,37.1
nagpur,2022-03-16,6.5,42.6
nagpur,2022-03-17,9.0,45.9
nagpur,2022-03-18,9.8,51.3
nagpur,2022-03-19,7.2,41.6
nagpur,2022-03-20,14.2,92.5
nagpur,2022-03-21,14.2,106.5
nagpur,2022-03-22,6.8,39.9
nagpur,2022-03-23,7.9,31.7
nagpur,2022-03-24,6.5,45.9
nagpur,2022-03-25,16.4,98.4
nagpur,2022-03-26,11.5,63.2
nagpur,2022-03-27,7.0,34.8
nagpur,2022-03-28,5.8,30.2
nagpur,2022-03-29,17.4,110.5
nagpur,2022-03-30,12.8,69.7
nagpur,2022-03-31,7.5,40.5
nagpur,2022-04-01,14.2,72.2
nagpur,2022-04-02,8.3,43.0
nagpur,2022-04-03,11.0,63.2
nagpur,2022-04-04,7.6,50.9
nagpur,2022-04-05,9.7,62.7
nagpur,2022-04-06,15.8,103.7
nagpur,2022-04-07,14.7,96.7
nagpur,2022-04-08,10.2,45.4
nagpur,2022-04-09,14.6,96.0
nagpur,2022-04-10,13.9,85.8
nagpur,2022-04-11,15.1,94.1
nagpur,2022-04-12,25.7,178.1
nagpur,2022-04-13,16.9,113.7
nagpur,2022-04-14,19.3,122.5
nagpur,2022-04-15,20.5,127.3
nagpur,2022-04-16,36.5,234.5
nagpur,2022-04-17,32.6,219.7
nagpur,2022-04-18,29.4,196.0
nagpur,2022-04-19,37.9,245.2
nagpur,2022-04-20,26.1,164.9
nagpur,2022-04-21,26.7,174.3
nagpur,2022-04-22,27.5,186.7
nagpur,2022-04-23,22.4,136.6
nagpur,2022-04-24,30.4,204.2
nagpur,2022-04-25,20.4,131.8
nagpur,2022-04-26,21.6,147.2
nagpur,2022-04-27,17.0,106.4
nagpur,2022-04-28,23.6,174.0
nagpur,2022-04-29,14.5,97.3
nagpur,2022-04-30,18.1,107.6
nagpur,2022-05-01,4.8,23.5
nagpur,2022-05-02,12.8,82.7
nagpur,2022-05-03,8.5,44.4
nagpur,2022-05-04,11.5,73.2
nagpur,2022-05-05,7.2,40.9
nagpur,2022-05-06,10.5,71.7
nagpur,2022-05-07,8.3,41.2
nagpur,2022-05-08,18.4,115.4
nagpur,2022-05-09,22.0,152.7
nagpur,2022-05-10,17.8,120.3
nagpur,2022-05-11,13.9,109.3
nagpur,2022-05-12,20.0,130.5
nagpur,2022-05-13,31.6,221.9
nagpur,2022-05-14,21.1,144.6
nagpur,2022-05-15,35.9,228.0
nagpur,2022-05-16,35.9,250.4
nagpur,2022-05-17,39.2,268.9
nagpur,2022-05-18,41.6,277.1
nagpur,2022-05-19,37.2,256.0
nagpur,2022-05-20,71.1,480.0
nagpur,2022-05-21,65.6,460.8
nagpur,2022-05-22,53.2,371.7
nagpur,2022-05-23,65.2,457.3
nagpur,2022-05-24,66.7,470.4
nagpur,2022-05-25,69.7,480.0
nagpur,2022-05-26,83.6,480.0
nagpur,2022-05-27,82.9,480.0
nagpur,2022-05-28,89.5,480.0
nagpur,2022-05-29,82.2,480.0
nagpur,2022-05-30,85.9,480.0
nagpur,2022-05-31,86.3,480.0
nagpur,2022-06-01,57.2,394.8
nagpur,2022-06-02,46.1,319.1
nagpur,2022-06-03,53.3,360.8
nagpur,2022-06-04,36.4,252.6
nagpur,2022-06-05,49.1,340.7
nagpur,2022-06-06,40.7,282.4
nagpur,2022-06-07,44.5,316.9
nagpur,2022-06-08,47.0,312.5
nagpur,2022-06-09,30.6,203.1
nagpur,2022-06-10,34.0,225.2
nagpur,2022-06-11,37.9,260.4
nagpur,2022-06-12,46.6,313.7
nagpur,2022-06-13,40.5,282.7
nagpur,2022-06-14,50.9,347.4
nagpur,2022-06-15,51.0,351.9
nagpur,2022-06-16,45.7,316.8
nagpur,2022-06-17,60.2,417.0
nagpur,2022-06-18,54.8,395.7
nagpur,2022-06-19,48.5,348.8
nagpur,2022-06-20,54.9,390.6
nagpur,2022-06-21,71.1,480.0
nagpur,2022-06-22,89.1,480.0
nagpur,2022-06-23,98.0,480.0
nagpur,2022-06-24,88.4,480.0
nagpur,2022-06-25,98.0,480.0
nagpur,2022-06-26,98.0,480.0
nagpur,2022-06-27,98.0,480.0
nagpur,2022-06-28,98.0,480.0
nagpur,2023-03-01,3.6,21.1
nagpur,2023-03-02,6.4,35.5
nagpur,2023-03-03,5.7,28.0
nagpur,2023-03-04,5.1,30.2
nagpur,2023-03-05,9.2,49.9
nagpur,2023-03-06,3.9,30.3
nagpur,2023-03-07,11.2,60.6
nagpur,2023-03-08,14.8,92.2
nagpur,2023-03-09,10.8,52.4
nagpur,2023-03-10,8.1,44.0
nagpur,2023-03-11,5.9,42.5
nagpur,2023-03-12,9.0,32.5
nagpur,2023-03-13,11.1,66.1
nagpur,2023-03-14,6.5,41.9
nagpur,2023-03-15,10.0,60.3
nagpur,2023-03-16,10.0,53.8
nagpur,2023-03-17,5.6,32.8
nagpur,2023-03-18,8.5,43.6
nagpur,2023-03-19,11.2,65.4
nagpur,2023-03-20,8.2,43.0
nagpur,2023-03-21,12.1,70.6
nagpur,2023-03-22,7.8,40.5
nagpur,2023-03-23,6.2,34.8
nagpur,2023-03-24,10.2,64.1
nagpur,2023-03-25,9.6,50.0
nagpur,2023-03-26,15.8,93.3
nagpur,2023-03-27,9.3,47.1
nagpur,2023-03-28,8.5,46.1
nagpur,2023-03-29,5.2,29.7
nagpur,2023-03-30,7.9,34.6
nagpur,2023-03-31,8.0,57.6
nagpur,2023-04-01,6.1,38.5
nagpur,2023-04-02,8.5,58.0
nagpur,2023-04-03,10.1,59.4
nagpur,2023-04-04,24.0,161.5
nagpur,2023-04-05,8.7,40.8
nagpur,2023-04-06,11.9,70.4
nagpur,2023-04-07,15.9,101.9
nagpur,2023-04-08,8.0,43.7
nagpur,2023-04-09,16.4,102.3
nagpur,2023-04-10,16.4,104.1
nagpur,2023-04-11,16.3,101.6
nagpur,2023-04-12,15.6,105.2
nagpur,2023-04-13,15.8,111.1
nagpur,2023-04-14,6.6,40.5
nagpur,2023-04-15,16.8,105.5
nagpur,2023-04-16,32.4,220.5
nagpur,2023-04-17,35.9,251.9
nagpur,2023-04-18,26.4,176.5
nagpur,2023-04-19,41.3,283.1
nagpur,2023-04-20,34.0,242.2
nagpur,2023-04-21,40.1,288.5
nagpur,2023-04-22,30.7,208.8
nagpur,2023-04-23,19.0,126.1
nagpur,2023-04-24,31.6,218.3
nagpur,2023-04-25,24.4,162.3
nagpur,2023-04-26,24.6,152.5
nagpur,2023-04-27,32.2,229.9
nagpur,2023-04-28,12.2,66.0
nagpur,2023-04-29,14.1,79.5
nagpur,2023-04-30,9.3,51.2
nagpur,2023-05-01,18.8,112.2
nagpur,2023-05-02,7.5,43.3
nagpur,2023-05-03,9.9,54.1
nagpur,2023-05-04,14.6,82.9
nagpur,2023-05-05,9.5,48.5
nagpur,2023-05-06,5.9,31.6
nagpur,2023-05-07,24.9,157.1
nagpur,2023-05-08,6.8,47.5
nagpur,2023-05-09,15.8,93.9
nagpur,2023-05-10,18.9,109.8
nagpur,2023-05-11,30.8,203.6
nagpur,2023-05-12,25.3,163.0
nagpur,2023-05-13,20.3,126.4
nagpur,2023-05-14,28.7,208.3
nagpur,2023-05-15,26.1,173.0
nagpur,2023-05-16,42.8,303.5
nagpur,2023-05-17,46.2,320.5
nagpur,2023-05-18,38.4,269.4
nagpur,2023-05-19,37.3,250.8
nagpur,2023-05-20,56.7,396.0
nagpur,2023-05-21,37.5,264.0
nagpur,2023-05-22,51.4,367.5
nagpur,2023-05-23,62.1,460.3
nagpur,2023-05-24,84.5,480.0
nagpur,2023-05-25,64.8,454.1
nagpur,2023-05-26,72.9,480.0
nagpur,2023-05-27,74.3,480.0
nagpur,2023-05-28,51.8,359.5
nagpur,2023-05-29,68.4,480.0
nagpur,2023-05-30,57.0,401.1
nagpur,2023-05-31,58.5,420.3
nagpur,2023-06-01,47.0,336.4
nagpur,2023-06-02,54.1,377.9
nagpur,2023-06-03,43.7,297.3
nagpur,2023-06-04,47.2,332.7
nagpur,2023-06-05,52.9,363.0
nagpur,2023-06-06,43.9,311.2
nagpur,2023-06-07,41.1,283.1
nagpur,2023-06-08,41.4,288.4
nagpur,2023-06-09,36.8,249.8
nagpur,2023-06-10,37.3,258.7
nagpur,2023-06-11,38.4,267.7
nagpur,2023-06-12,35.4,241.8
nagpur,2023-06-13,42.8,284.0
nagpur,2023-06-14,43.7,291.8
nagpur,2023-06-15,39.2,279.6
nagpur,2023-06-16,33.6,246.1
nagpur,2023-06-17,41.4,282.3
nagpur,2023-06-18,50.7,355.6
nagpur,2023-06-19,44.8,315.7
nagpur,2023-06-20,66.0,470.9
nagpur,2023-06-21,80.6,480.0
nagpur,2023-06-22,94.3,480.0
nagpur,2023-06-23,91.8,480.0
nagpur,2023-06-24,93.5,480.0
nagpur,2023-06-25,98.0,480.0
nagpur,2023-06-26,98.0,480.0
nagpur,2023-06-27,98.0,480.0
nagpur,2023-06-28,98.0,480.0
nagpur,2024-03-01,7.1,40.2
nagpur,2024-03-02,3.9,27.6
nagpur,2024-03-03,7.6,48.4
nagpur,2024-03-04,8.1,41.3
nagpur,2024-03-05,5.8,41.0
nagpur,2024-03-06,8.6,32.3
nagpur,2024-03-07,6.1,38.5
nagpur,2024-03-08,7.7,44.2
nagpur,2024-03-09,7.1,48.2
nagpur,2024-03-10,5.7,35.6
nagpur,2024-03-11,7.7,43.7
nagpur,2024-03-12,8.1,46.1
nagpur,2024-03-13,5.0,33.6
nagpur,2024-03-14,9.9,56.6
nagpur,2024-03-15,9.3,40.9
nagpur,2024-03-16,6.0,29.7
nagpur,2024-03-17,10.4,62.6
nagpur,2024-03-18,7.3,45.1
nagpur,2024-03-19,6.9,21.8
nagpur,2024-03-20,7.1,43.2
nagpur,2024-03-21,7.1,29.8
nagpur,2024-03-22,17.0,105.4
nagpur,2024-03-23,17.1,109.9
nagpur,2024-03-24,15.2,95.3
nagpur,2024-03-25,19.2,111.6
nagpur,2024-03-26,10.0,49.0
nagpur,2024-03-27,11.1,64.2
nagpur,2024-03-28,11.8,72.1
nagpur,2024-03-29,6.9,38.4
nagpur,2024-03-30,6.8,48.1
nagpur,2024-03-31,8.2,52.9
nagpur,2024-04-01,19.1,117.9
nagpur,2024-04-02,6.6,33.6
nagpur,2024-04-03,22.2,152.4
nagpur,2024-04-04,8.4,40.4
nagpur,2024-04-05,6.3,34.8
nagpur,2024-04-06,7.6,45.7
nagpur,2024-04-07,16.0,97.6
nagpur,2024-04-08,18.6,118.5
nagpur,2024-04-09,14.4,101.2
nagpur,2024-04-10,19.8,121.6
nagpur,2024-04-11,14.5,81.3
nagpur,2024-04-12,23.7,161.8
nagpur,2024-04-13,13.4,68.4
nagpur,2024-04-14,9.7,50.7
nagpur,2024-04-15,20.7,139.8
nagpur,2024-04-16,31.3,211.6
nagpur,2024-04-17,35.3,243.1
nagpur,2024-04-18,31.0,209.3
nagpur,2024-04-19,34.8,227.5
nagpur,2024-04-20,30.5,206.4
nagpur,2024-04-21,24.6,154.7
nagpur,2024-04-22,23.5,160.3
nagpur,2024-04-23,29.3,193.4
nagpur,2024-04-24,17.8,136.1
nagpur,2024-04-25,31.7,221.2
nagpur,2024-04-26,14.8,91.3
nagpur,2024-04-27,19.1,130.9
nagpur,2024-04-28,13.6,82.7
nagpur,2024-04-29,19.8,130.0
nagpur,2024-04-30,21.6,135.1
nagpur,2024-05-01,19.5,117.2
nagpur,2024-05-02,16.8,96.2
nagpur,2024-05-03,8.9,53.9
nagpur,2024-05-04,10.9,56.2
nagpur,2024-05-05,13.7,94.3
nagpur,2024-05-06,9.0,48.4
nagpur,2024-05-07,20.0,123.4
nagpur,2024-05-08,10.3,50.8
nagpur,2024-05-09,15.4,89.1
nagpur,2024-05-10,19.7,133.5
nagpur,2024-05-11,19.4,134.6
nagpur,2024-05-12,18.0,123.9
nagpur,2024-05-13,19.0,127.8
nagpur,2024-05-14,34.7,237.1
nagpur,2024-05-15,40.8,273.6
nagpur,2024-05-16,34.6,237.2
nagpur,2024-05-17,39.4,277.1
nagpur,2024-05-18,48.9,334.8
nagpur,2024-05-19,60.4,427.8
nagpur,2024-05-20,55.3,380.2
nagpur,2024-05-21,39.4,263.2
nagpur,2024-05-22,47.7,325.1
nagpur,2024-05-23,63.5,447.9
nagpur,2024-05-24,70.1,480.0
nagpur,2024-05-25,47.0,329.7
nagpur,2024-05-26,80.3,480.0
nagpur,2024-05-27,70.7,480.0
nagpur,2024-05-28,85.2,480.0
nagpur,2024-05-29,76.0,480.0
nagpur,2024-05-30,44.6,309.6
nagpur,2024-05-31,62.5,444.4
nagpur,2024-06-01,58.8,410.5
nagpur,2024-06-02,53.0,372.4
nagpur,2024-06-03,51.1,348.7
nagpur,2024-06-04,52.3,368.2
nagpur,2024-06-05,38.0,281.1
nagpur,2024-06-06,39.6,280.0
nagpur,2024-06-07,36.7,255.9
nagpur,2024-06-08,41.1,299.3
nagpur,2024-06-09,43.9,300.5
nagpur,2024-06-10,44.4,305.4
nagpur,2024-06-11,45.1,302.8
nagpur,2024-06-12,43.4,310.1
nagpur,2024-06-13,46.7,329.5
nagpur,2024-06-14,31.9,222.6
nagpur,2024-06-15,44.3,310.4
nagpur,2024-06-16,33.8,233.2
nagpur,2024-06-17,46.4,336.9
nagpur,2024-06-18,50.0,341.7
nagpur,2024-06-19,61.1,420.4
nagpur,2024-06-20,69.8,480.0
nagpur,2024-06-21,74.2,480.0
nagpur,2024-06-22,67.9,471.3
nagpur,2024-06-23,82.5,480.0
nagpur,2024-06-24,98.0,480.0
nagpur,2024-06-25,98.0,480.0
nagpur,2024-06-26,98.0,480.0
nagpur,2024-06-27,98.0,480.0
nagpur,2024-06-28,98.0,480.0
nagpur,2025-03-01,8.6,51.1
nagpur,2025-03-02,8.2,36.8
nagpur,2025-03-03,7.5,34.8
nagpur,2025-03-04,6.5,46.2
nagpur,2025-03-05,7.1,36.0
nagpur,2025-03-06,7.6,34.2
nagpur,2025-03-07,8.9,62.6
nagpur,2025-03-08,10.4,58.3
nagpur,2025-03-09,10.7,52.4
nagpur,2025-03-10,8.9,42.6
nagpur,2025-03-11,6.9,43.5
nagpur,2025-03-12,5.6,36.9
nagpur,2025-03-13,7.1,41.0
nagpur,2025-03-14,8.1,45.9
nagpur,2025-03-15,12.3,67.2
nagpur,2025-03-16,11.8,66.7
nagpur,2025-03-17,8.3,45.2
nagpur,2025-03-18,7.9,45.6
nagpur,2025-03-19,9.2,58.9
nagpur,2025-03-20,16.5,92.3
nagpur,2025-03-21,10.4,56.5
nagpur,2025-03-22,14.6,88.6
nagpur,2025-03-23,13.1,81.7
nagpur,2025-03-24,6.4,37.7
nagpur,2025-03-25,13.4,83.8
nagpur,2025-03-26,9.2,47.7
nagpur,2025-03-27,7.2,57.6
nagpur,2025-03-28,8.9,38.4
nagpur,2025-03-29,10.8,60.5
nagpur,2025-03-30,5.6,34.0
nagpur,2025-03-31,16.5,101.5
nagpur,2025-04-01,17.3,114.7
nagpur,2025-04-02,8.3,39.1
nagpur,2025-04-03,17.8,112.9
nagpur,2025-04-04,12.6,83.3
nagpur,2025-04-05,13.3,82.6
nagpur,2025-04-06,8.0,38.3
nagpur,2025-04-07,16.1,107.7
nagpur,2025-04-08,16.0,103.7
nagpur,2025-04-09,18.4,119.6
nagpur,2025-04-10,24.0,157.8
nagpur,2025-04-11,7.8,34.0
nagpur,2025-04-12,10.1,59.5
nagpur,2025-04-13,15.1,99.9
nagpur,2025-04-14,11.7,77.6
nagpur,2025-04-15,25.4,170.6
nagpur,2025-04-16,28.7,192.5
nagpur,2025-04-17,42.0,283.3
nagpur,2025-04-18,27.6,173.3
nagpur,2025-04-19,31.6,228.0
nagpur,2025-04-20,33.8,233.9
nagpur,2025-04-21,30.9,205.8
nagpur,2025-04-22,19.5,129.5
nagpur,2025-04-23,29.3,206.0
nagpur,2025-04-24,31.4,210.3
nagpur,2025-04-25,27.6,179.5
nagpur,2025-04-26,30.4,209.6
nagpur,2025-04-27,15.4,107.7
nagpur,2025-04-28,22.6,144.9
nagpur,2025-04-29,15.8,110.7
nagpur,2025-04-30,10.7,49.6
nagpur,2025-05-01,17.7,116.3
nagpur,2025-05-02,6.0,27.3
nagpur,2025-05-03,13.0,77.8
nagpur,2025-05-04,10.8,66.7
nagpur,2025-05-05,7.0,40.9
nagpur,2025-05-06,5.2,27.7
nagpur,2025-05-07,13.4,79.2
nagpur,2025-05-08,16.5,102.1
nagpur,2025-05-09,15.8,93.5
nagpur,2025-05-10,18.6,124.3
nagpur,2025-05-11,18.4,124.2
nagpur,2025-05-12,19.6,125.7
nagpur,2025-05-13,27.7,187.7
nagpur,2025-05-14,33.0,220.7
nagpur,2025-05-15,34.7,230.7
nagpur,2025-05-16,29.4,197.3
nagpur,2025-05-17,35.7,243.7
nagpur,2025-05-18,35.0,235.6
nagpur,2025-05-19,39.0,262.6
nagpur,2025-05-20,46.1,322.5
nagpur,2025-05-21,62.8,450.7
nagpur,2025-05-22,62.2,441.7
nagpur,2025-05-23,79.9,480.0
nagpur,2025-05-24,65.1,462.0
nagpur,2025-05-25,79.7,480.0
nagpur,2025-05-26,75.2,480.0
nagpur,2025-05-27,83.9,480.0
nagpur,2025-05-28,85.2,480.0
nagpur,2025-05-29,74.7,480.0
nagpur,2025-05-30,58.0,401.3
nagpur,2025-05-31,69.3,477.2
nagpur,2025-06-01,47.4,337.2
nagpur,2025-06-02,51.0,353.8
nagpur,2025-06-03,49.4,346.2
nagpur,2025-06-04,39.7,269.0
nagpur,2025-06-05,42.0,288.4
nagpur,2025-06-06,31.9,219.4
nagpur,2025-06-07,35.7,249.4
nagpur,2025-06-08,40.9,269.2
nagpur,2025-06-09,42.8,297.3
nagpur,2025-06-10,39.0,270.9
nagpur,2025-06-11,44.4,290.4
nagpur,2025-06-12,49.2,334.4
nagpur,2025-06-13,39.0,266.0
nagpur,2025-06-14,44.4,314.7
nagpur,2025-06-15,34.8,243.1
nagpur,2025-06-16,66.6,467.5
nagpur,2025-06-17,45.5,301.7
nagpur,2025-06-18,57.4,408.4
nagpur,2025-06-19,57.1,398.4
nagpur,2025-06-20,69.3,480.0
nagpur,2025-06-21,80.1,480.0
nagpur,2025-06-22,83.1,480.0
nagpur,2025-06-23,96.1,480.0
nagpur,2025-06-24,96.2,480.0
nagpur,2025-06-25,98.0,480.0
nagpur,2025-06-26,98.0,480.0
nagpur,2025-06-27,98.0,480.0
nagpur,2025-06-28,98.0,480.0
nagpur,2026-03-01,6.9,43.3
nagpur,2026-03-02,8.1,43.7
nagpur,2026-03-03,7.8,44.9
nagpur,2026-03-04,6.1,36.6
nagpur,2026-03-05,6.7,35.9
nagpur,2026-03-06,8.0,54.5
nagpur,2026-03-07,5.0,29.5
nagpur,2026-03-08,10.0,61.6
nagpur,2026-03-09,8.3,29.4
nagpur,2026-03-10,6.6,34.4
nagpur,2026-03-11,8.7,47.2
nagpur,2026-03-12,10.5,52.7
nagpur,2026-03-13,9.7,67.1
nagpur,2026-03-14,6.3,44.5
nagpur,2026-03-15,8.0,48.2
nagpur,2026-03-16,8.4,39.6
nagpur,2026-03-17,4.8,36.9
nagpur,2026-03-18,7.5,38.2
nagpur,2026-03-19,9.0,46.7
nagpur,2026-03-20,5.8,44.3
nagpur,2026-03-21,7.3,50.3
nagpur,2026-03-22,6.8,39.9
nagpur,2026-03-23,11.1,58.3
nagpur,2026-03-24,5.6,41.6
nagpur,2026-03-25,16.1,95.0
nagpur,2026-03-26,7.4,42.5
nagpur,2026-03-27,20.1,122.4
nagpur,2026-03-28,10.9,63.3
nagpur,2026-03-29,11.2,62.9
nagpur,2026-03-30,8.1,47.7
nagpur,2026-03-31,8.8,64.3
nagpur,2026-04-01,4.9,35.5
nagpur,2026-04-02,7.4,38.9
nagpur,2026-04-03,21.1,143.6
nagpur,2026-04-04,9.1,41.6
nagpur,2026-04-05,7.7,47.0
nagpur,2026-04-06,14.0,84.2
nagpur,2026-04-07,9.1,68.0
nagpur,2026-04-08,10.3,55.2
nagpur,2026-04-09,14.5,101.7
nagpur,2026-04-10,17.2,107.6
nagpur,2026-04-11,20.5,129.5
nagpur,2026-04-12,5.4,37.2
nagpur,2026-04-13,31.6,197.7
nagpur,2026-04-14,17.5,121.7
nagpur,2026-04-15,16.9,109.8
nagpur,2026-04-16,37.6,265.9
nagpur,2026-04-17,33.3,224.0
nagpur,2026-04-18,26.8,180.5
nagpur,2026-04-19,16.2,106.6
nagpur,2026-04-20,28.6,192.3
nagpur,2026-04-21,32.6,227.0
nagpur,2026-04-22,30.3,197.7
nagpur,2026-04-23,30.4,200.5
nagpur,2026-04-24,27.5,181.8
nagpur,2026-04-25,28.9,197.2
nagpur,2026-04-26,16.6,96.0
nagpur,2026-04-27,15.8,91.1
nagpur,2026-04-28,21.8,148.4
nagpur,2026-04-29,13.8,87.7
nagpur,2026-04-30,15.6,94.8
nagpur,2026-05-01,11.2,69.2
nagpur,2026-05-02,13.4,88.6
nagpur,2026-05-03,16.2,102.4
nagpur,2026-05-04,6.4,45.6
nagpur,2026-05-05,10.1,57.0
nagpur,2026-05-06,13.5,87.4
nagpur,2026-05-07,17.4,121.5
nagpur,2026-05-08,17.3,103.8
nagpur,2026-05-09,20.9,138.2
nagpur,2026-05-10,14.9,105.8
nagpur,2026-05-11,23.3,160.4
nagpur,2026-05-12,25.4,166.7
nagpur,2026-05-13,29.4,211.5
nagpur,2026-05-14,20.2,134.0
nagpur,2026-05-15,38.0,257.3
nagpur,2026-05-16,32.4,221.2
nagpur,2026-05-17,46.0,317.7
nagpur,2026-05-18,40.2,281.5
nagpur,2026-05-19,43.4,293.8
nagpur,2026-05-20,46.9,332.5
nagpur,2026-05-21,50.5,354.4
nagpur,2026-05-22,53.9,376.5
nagpur,2026-05-23,62.8,444.2
nagpur,2026-05-24,62.5,437.6
nagpur,2026-05-25,76.0,480.0
nagpur,2026-05-26,74.5,480.0
nagpur,2026-05-27,87.7,480.0
nagpur,2026-05-28,66.9,477.1
nagpur,2026-05-29,89.2,480.0
nagpur,2026-05-30,92.0,480.0
nagpur,2026-05-31,92.7,480.0
nagpur,2026-06-01,49.7,332.9
nagpur,2026-06-02,48.0,338.8
nagpur,2026-06-03,55.5,375.2
nagpur,2026-06-04,45.6,328.5
nagpur,2026-06-05,43.4,297.1
nagpur,2026-06-06,41.5,285.2
nagpur,2026-06-07,45.5,319.8
nagpur,2026-06-08,37.3,249.8
nagpur,2026-06-09,48.8,328.7
nagpur,2026-06-10,26.9,194.5
nagpur,2026-06-11,32.4,216.2
nagpur,2026-06-12,35.7,251.1
nagpur,2026-06-13,46.2,316.1
nagpur,2026-06-14,44.6,303.8
nagpur,2026-06-15,61.2,441.1
nagpur,2026-06-16,44.3,312.1
nagpur,2026-06-17,51.5,352.5
nagpur,2026-06-18,51.1,369.7
nagpur,2026-06-19,75.4,480.0
nagpur,2026-06-20,56.6,400.6
nagpur,2026-06-21,71.9,480.0
nagpur,2026-06-22,88.0,480.0
nagpur,2026-06-23,90.7,480.0
nagpur,2026-06-24,98.0,480.0
nagpur,2026-06-25,98.0,480.0
nagpur,2026-06-26,98.0,480.0
nagpur,2026-06-27,98.0,480.0
nagpur,2026-06-28,98.0,480.0
jaipur,2022-03-01,7.1,39.0
jaipur,2022-03-02,8.9,45.4
jaipur,2022-03-03,5.9,46.0
jaipur,2022-03-04,5.5,27.4
jaipur,2022-03-05,6.3,31.9
jaipur,2022-03-06,3.7,36.9
jaipur,2022-03-07,6.8,47.4
jaipur,2022-03-08,10.8,54.7
jaipur,2022-03-09,10.4,51.8
jaipur,2022-03-10,6.8,25.9
jaipur,2022-03-11,8.2,42.6
jaipur,2022-03-12,8.4,44.4
jaipur,2022-03-13,8.4,39.2
jaipur,2022-03-14,7.9,42.5
jaipur,2022-03-15,7.5,34.4
jaipur,2022-03-16,6.9,41.5
jaipur,2022-03-17,9.5,47.5
jaipur,2022-03-18,7.0,38.0
jaipur,2022-03-19,5.0,31.7
jaipur,2022-03-20,8.4,46.2
jaipur,2022-03-21,7.8,47.9
jaipur,2022-03-22,6.5,43.1
jaipur,2022-03-23,8.1,27.6
jaipur,2022-03-24,7.4,40.1
jaipur,2022-03-25,11.6,57.8
jaipur,2022-03-26,12.4,75.8
jaipur,2022-03-27,7.6,41.9
jaipur,2022-03-28,7.2,46.3
jaipur,2022-03-29,9.3,61.7
jaipur,2022-03-30,8.1,36.6
jaipur,2022-03-31,11.3,65.3
jaipur,2022-04-01,11.1,72.1
jaipur,2022-04-02,5.3,30.6
jaipur,2022-04-03,6.1,36.9
jaipur,2022-04-04,11.9,72.5
jaipur,2022-04-05,7.0,36.7
jaipur,2022-04-06,6.8,48.4
jaipur,2022-04-07,5.7,32.7
jaipur,2022-04-08,5.6,44.7
jaipur,2022-04-09,6.4,35.4
jaipur,2022-04-10,8.9,45.2
jaipur,2022-04-11,8.9,47.4
jaipur,2022-04-12,8.9,41.6
jaipur,2022-04-13,27.4,181.7
jaipur,2022-04-14,10.5,63.7
jaipur,2022-04-15,13.8,91.8
jaipur,2022-04-16,28.4,196.2
jaipur,2022-04-17,27.2,186.5
jaipur,2022-04-18,27.1,176.2
jaipur,2022-04-19,19.7,124.0
jaipur,2022-04-20,33.1,221.7
jaipur,2022-04-21,27.5,185.9
jaipur,2022-04-22,28.7,192.6
jaipur,2022-04-23,24.3,165.0
jaipur,2022-04-24,28.5,198.9
jaipur,2022-04-25,19.7,131.0
jaipur,2022-04-26,22.4,148.0
jaipur,2022-04-27,16.3,103.7
jaipur,2022-04-28,26.6,165.3
jaipur,2022-04-29,26.2,177.1
jaipur,2022-04-30,15.0,84.9
jaipur,2022-05-01,8.7,46.8
jaipur,2022-05-02,15.2,107.2
jaipur,2022-05-03,12.5,72.4
jaipur,2022-05-04,13.3,72.2
jaipur,2022-05-05,8.4,48.9
jaipur,2022-05-06,7.9,42.7
jaipur,2022-05-07,9.1,57.0
jaipur,2022-05-08,9.3,58.1
jaipur,2022-05-09,5.4,33.3
jaipur,2022-05-10,13.7,85.4
jaipur,2022-05-11,19.8,131.1
jaipur,2022-05-12,12.9,69.2
jaipur,2022-05-13,18.3,103.7
jaipur,2022-05-14,34.0,240.9
jaipur,2022-05-15,32.0,214.2
jaipur,2022-05-16,28.3,180.7
jaipur,2022-05-17,41.5,275.1
jaipur,2022-05-18,47.3,327.0
jaipur,2022-05-19,51.2,349.0
jaipur,2022-05-20,48.1,328.8
jaipur,2022-05-21,56.5,394.1
jaipur,2022-05-22,69.2,478.7
jaipur,2022-05-23,56.3,391.1
jaipur,2022-05-24,53.5,375.4
jaipur,2022-05-25,60.6,419.2
jaipur,2022-05-26,58.3,396.2
jaipur,2022-05-27,59.6,417.6
jaipur,2022-05-28,53.9,381.6
jaipur,2022-05-29,53.9,367.5
jaipur,2022-05-30,54.7,381.6
jaipur,2022-05-31,61.4,427.3
jaipur,2022-06-01,54.3,369.7
jaipur,2022-06-02,47.1,321.0
jaipur,2022-06-03,44.5,315.5
jaipur,2022-06-04,62.1,433.4
jaipur,2022-06-05,40.2,274.7
jaipur,2022-06-06,45.1,308.3
jaipur,2022-06-07,45.6,296.1
jaipur,2022-06-08,39.4,263.5
jaipur,2022-06-09,36.3,236.8
jaipur,2022-06-10,36.2,241.1
jaipur,2022-06-11,33.4,226.3
jaipur,2022-06-12,30.9,213.2
jaipur,2022-06-13,32.8,238.9
jaipur,2022-06-14,40.1,272.1
jaipur,2022-06-15,37.8,257.8
jaipur,2022-06-16,34.6,246.0
jaipur,2022-06-17,63.6,430.5
jaipur,2022-06-18,47.0,318.4
jaipur,2022-06-19,63.5,431.7
jaipur,2022-06-20,68.6,469.2
jaipur,2022-06-21,50.7,362.0
jaipur,2022-06-22,74.8,480.0
jaipur,2022-06-23,73.9,480.0
jaipur,2022-06-24,97.3,480.0
jaipur,2022-06-25,98.0,480.0
jaipur,2022-06-26,98.0,480.0
jaipur,2022-06-27,98.0,480.0
jaipur,2022-06-28,98.0,480.0
jaipur,2023-03-01,8.9,49.9
jaipur,2023-03-02,8.9,49.4
jaipur,2023-03-03,9.6,46.0
jaipur,2023-03-04,7.7,53.4
jaipur,2023-03-05,10.9,51.4
jaipur,2023-03-06,11.0,57.0
jaipur,2023-03-07,10.0,49.0
jaipur,2023-03-08,8.9,48.5
jaipur,2023-03-09,9.3,49.2
jaipur,2023-03-10,8.1,44.1
jaipur,2023-03-11,7.0,27.6
jaipur,2023-03-12,9.4,45.6
jaipur,2023-03-13,9.2,45.7
jaipur,2023-03-14,8.3,52.1
jaipur,2023-03-15,9.4,52.0
jaipur,2023-03-16,9.7,41.8
jaipur,2023-03-17,7.1,35.1
jaipur,2023-03-18,8.7,50.8
jaipur,2023-03-19,9.1,51.5
jaipur,2023-03-20,8.6,45.8
jaipur,2023-03-21,9.2,47.3
jaipur,2023-03-22,5.5,30.6
jaipur,2023-03-23,7.3,37.9
jaipur,2023-03-24,9.1,47.4
jaipur,2023-03-25,7.7,41.8
jaipur,2023-03-26,9.0,57.0
jaipur,2023-03-27,8.0,38.2
jaipur,2023-03-28,12.0,59.3
jaipur,2023-03-29,11.5,58.8
jaipur,2023-03-30,6.4,37.2
jaipur,2023-03-31,7.9,44.3
jaipur,2023-04-01,11.0,61.9
jaipur,2023-04-02,8.1,41.0
jaipur,2023-04-03,5.9,43.3
jaipur,2023-04-04,13.7,78.2
jaipur,2023-04-05,8.8,53.1
jaipur,2023-04-06,14.2,87.6
jaipur,2023-04-07,8.1,35.0
jaipur,2023-04-08,9.9,55.6
jaipur,2023-04-09,15.8,96.0
jaipur,2023-04-10,8.0,38.3
jaipur,2023-04-11,9.7,53.2
jaipur,2023-04-12,17.4,110.4
jaipur,2023-04-13,8.5,54.9
jaipur,2023-04-14,8.3,53.9
jaipur,2023-04-15,17.3,109.5
jaipur,2023-04-16,18.8,114.4
jaipur,2023-04-17,33.7,224.2
jaipur,2023-04-18,20.8,142.0
jaipur,2023-04-19,32.9,222.7
jaipur,2023-04-20,25.8,179.6
jaipur,2023-04-21,18.9,133.0
jaipur,2023-04-22,22.3,153.4
jaipur,2023-04-23,26.2,175.5
jaipur,2023-04-24,26.1,172.2
jaipur,2023-04-25,30.5,209.1
jaipur,2023-04-26,17.4,108.5
jaipur,2023-04-27,24.0,160.7
jaipur,2023-04-28,21.9,140.7
jaipur,2023-04-29,15.4,95.5
jaipur,2023-04-30,10.0,52.6
jaipur,2023-05-01,7.8,42.6
jaipur,2023-05-02,12.3,77.3
jaipur,2023-05-03,7.0,33.3
jaipur,2023-05-04,14.1,95.0
jaipur,2023-05-05,9.4,58.4
jaipur,2023-05-06,12.5,69.5
jaipur,2023-05-07,6.0,28.1
jaipur,2023-05-08,15.8,94.0
jaipur,2023-05-09,21.2,138.6
jaipur,2023-05-10,18.3,111.8
jaipur,2023-05-11,13.8,89.3
jaipur,2023-05-12,20.4,139.9
jaipur,2023-05-13,21.8,148.5
jaipur,2023-05-14,24.4,165.4
jaipur,2023-05-15,31.6,210.4
jaipur,2023-05-16,36.4,244.3
jaipur,2023-05-17,46.9,318.7
jaipur,2023-05-18,42.9,297.1
jaipur,2023-05-19,42.9,279.6
jaipur,2023-05-20,49.7,358.6
jaipur,2023-05-21,42.2,285.7
jaipur,2023-05-22,52.7,368.4
jaipur,2023-05-23,61.1,417.3
jaipur,2023-05-24,55.1,378.6
jaipur,2023-05-25,52.8,366.0
jaipur,2023-05-26,66.5,462.4
jaipur,2023-05-27,63.1,447.8
jaipur,2023-05-28,58.3,408.9
jaipur,2023-05-29,57.1,397.7
jaipur,2023-05-30,46.1,320.4
jaipur,2023-05-31,55.8,391.0
jaipur,2023-06-01,61.3,429.5
jaipur,2023-06-02,48.9,342.1
jaipur,2023-06-03,45.0,301.9
jaipur,2023-06-04,51.6,349.6
jaipur,2023-06-05,46.8,321.5
jaipur,2023-06-06,36.2,244.5
jaipur,2023-06-07,45.2,297.1
jaipur,2023-06-08,40.3,267.6
jaipur,2023-06-09,44.4,310.7
jaipur,2023-06-10,39.0,255.1
jaipur,2023-06-11,33.9,235.5
jaipur,2023-06-12,43.9,294.0
jaipur,2023-06-13,44.4,305.8
jaipur,2023-06-14,33.7,243.6
jaipur,2023-06-15,34.7,232.4
jaipur,2023-06-16,58.6,400.5
jaipur,2023-06-17,43.9,305.6
jaipur,2023-06-18,52.7,366.0
jaipur,2023-06-19,69.3,480.0
jaipur,2023-06-20,61.0,418.4
jaipur,2023-06-21,60.5,423.5
jaipur,2023-06-22,86.2,480.0
jaipur,2023-06-23,67.8,471.8
jaipur,2023-06-24,85.2,480.0
jaipur,2023-06-25,96.6,480.0
jaipur,2023-06-26,98.0,480.0
jaipur,2023-06-27,98.0,480.0
jaipur,2023-06-28,98.0,480.0
jaipur,2024-03-01,5.4,29.3
jaipur,2024-03-02,6.7,38.5
jaipur,2024-03-03,10.6,52.6
jaipur,2024-03-04,8.8,48.6
jaipur,2024-03-05,6.7,41.3
jaipur,2024-03-06,8.4,34.3
jaipur,2024-03-07,10.0,49.3
jaipur,2024-03-08,9.3,49.3
jaipur,2024-03-09,7.3,39.6
jaipur,2024-03-10,6.6,29.1
jaipur,2024-03-11,9.9,54.8
jaipur,2024-03-12,7.5,39.1
jaipur,2024-03-13,6.1,40.8
jaipur,2024-03-14,8.9,46.3
jaipur,2024-03-15,8.5,39.1
jaipur,2024-03-16,7.5,43.7
jaipur,2024-03-17,8.0,46.5
jaipur,2024-03-18,7.1,44.4
jaipur,2024-03-19,8.3,28.9
jaipur,2024-03-20,7.5,45.1
jaipur,2024-03-21,16.7,114.7
jaipur,2024-03-22,11.3,66.9
jaipur,2024-03-23,6.0,41.7
jaipur,2024-03-24,7.1,29.7
jaipur,2024-03-25,11.0,47.9
jaipur,2024-03-26,8.3,45.3
jaipur,2024-03-27,6.1,23.6
jaipur,2024-03-28,6.9,37.1
jaipur,2024-03-29,12.1,61.8
jaipur,2024-03-30,6.8,47.2
jaipur,2024-03-31,17.2,93.4
jaipur,2024-04-01,13.2,70.7
jaipur,2024-04-02,13.6,78.8
jaipur,2024-04-03,25.0,183.8
jaipur,2024-04-04,8.5,51.0
jaipur,2024-04-05,23.7,160.2
jaipur,2024-04-06,12.0,81.2
jaipur,2024-04-07,7.7,39.8
jaipur,2024-04-08,7.6,52.1
jaipur,2024-04-09,20.8,129.3
jaipur,2024-04-10,8.5,36.9
jaipur,2024-04-11,12.9,74.4
jaipur,2024-04-12,14.7,94.8
jaipur,2024-04-13,15.8,97.2
jaipur,2024-04-14,10.4,47.0
jaipur,2024-04-15,8.4,48.4
jaipur,2024-04-16,33.7,228.2
jaipur,2024-04-17,36.1,249.9
jaipur,2024-04-18,24.9,164.3
jaipur,2024-04-19,41.5,290.2
jaipur,2024-04-20,22.9,156.2
jaipur,2024-04-21,29.4,197.6
jaipur,2024-04-22,24.2,147.8
jaipur,2024-04-23,24.5,159.1
jaipur,2024-04-24,24.7,161.6
jaipur,2024-04-25,26.1,175.3
jaipur,2024-04-26,29.3,189.9
jaipur,2024-04-27,20.3,148.2
jaipur,2024-04-28,9.8,60.9
jaipur,2024-04-29,10.4,60.7
jaipur,2024-04-30,5.3,37.7
jaipur,2024-05-01,14.8,77.0
jaipur,2024-05-02,10.1,62.9
jaipur,2024-05-03,10.0,52.9
jaipur,2024-05-04,13.2,77.4
jaipur,2024-05-05,18.7,113.5
jaipur,2024-05-06,8.0,39.0
jaipur,2024-05-07,8.9,61.4
jaipur,2024-05-08,10.5,61.1
jaipur,2024-05-09,15.0,109.5
jaipur,2024-05-10,10.4,57.0
jaipur,2024-05-11,15.3,104.5
jaipur,2024-05-12,21.4,142.9
jaipur,2024-05-13,25.7,165.1
jaipur,2024-05-14,25.8,160.8
jaipur,2024-05-15,23.8,166.7
jaipur,2024-05-16,33.1,217.6
jaipur,2024-05-17,42.0,290.9
jaipur,2024-05-18,40.4,273.0
jaipur,2024-05-19,47.0,321.4
jaipur,2024-05-20,50.5,363.5
jaipur,2024-05-21,50.2,337.8
jaipur,2024-05-22,49.5,337.6
jaipur,2024-05-23,46.1,322.4
jaipur,2024-05-24,49.8,340.8
jaipur,2024-05-25,73.3,480.0
jaipur,2024-05-26,55.8,385.6
jaipur,2024-05-27,41.2,284.4
jaipur,2024-05-28,66.8,461.1
jaipur,2024-05-29,52.0,358.9
jaipur,2024-05-30,43.9,305.2
jaipur,2024-05-31,49.8,350.6
jaipur,2024-06-01,48.0,326.1
jaipur,2024-06-02,42.2,280.3
jaipur,2024-06-03,40.1,268.3
jaipur,2024-06-04,42.1,298.3
jaipur,2024-06-05,42.8,306.8
jaipur,2024-06-06,46.3,327.7
jaipur,2024-06-07,39.3,264.7
jaipur,2024-06-08,46.6,324.1
jaipur,2024-06-09,26.9,185.4
jaipur,2024-06-10,24.7,166.8
jaipur,2024-06-11,32.2,233.1
jaipur,2024-06-12,38.6,277.0
jaipur,2024-06-13,47.2,318.7
jaipur,2024-06-14,31.6,207.0
jaipur,2024-06-15,35.4,237.9
jaipur,2024-06-16,34.6,235.3
jaipur,2024-06-17,53.2,366.4
jaipur,2024-06-18,50.4,360.2
jaipur,2024-06-19,37.7,256.0
jaipur,2024-06-20,69.2,480.0
jaipur,2024-06-21,74.6,480.0
jaipur,2024-06-22,87.0,480.0
jaipur,2024-06-23,98.0,480.0
jaipur,2024-06-24,96.4,480.0
jaipur,2024-06-25,98.0,480.0
jaipur,2024-06-26,98.0,480.0
jaipur,2024-06-27,98.0,480.0
jaipur,2024-06-28,98.0,480.0
jaipur,2025-03-01,7.6,36.5
jaipur,2025-03-02,8.5,41.2
jaipur,2025-03-03,7.6,38.2
jaipur,2025-03-04,8.2,36.0
jaipur,2025-03-05,9.4,46.2
jaipur,2025-03-06,10.1,40.9
jaipur,2025-03-07,7.0,41.6
jaipur,2025-03-08,8.4,46.0
jaipur,2025-03-09,11.6,57.7
jaipur,2025-03-10,6.7,30.0
jaipur,2025-03-11,12.1,80.5
jaipur,2025-03-12,8.6,43.1
jaipur,2025-03-13,8.7,48.9
jaipur,2025-03-14,10.5,42.6
jaipur,2025-03-15,8.2,41.5
jaipur,2025-03-16,10.0,49.5
jaipur,2025-03-17,6.6,36.8
jaipur,2025-03-18,8.2,37.3
jaipur,2025-03-19,11.5,61.2
jaipur,2025-03-20,10.0,70.5
jaipur,2025-03-21,8.8,41.3
jaipur,2025-03-22,7.4,39.9
jaipur,2025-03-23,6.2,36.9
jaipur,2025-03-24,7.8,41.2
jaipur,2025-03-25,10.4,58.3
jaipur,2025-03-26,6.3,35.2
jaipur,2025-03-27,8.8,48.1
jaipur,2025-03-28,7.2,37.2
jaipur,2025-03-29,6.6,40.1
jaipur,2025-03-30,7.9,43.9
jaipur,2025-03-31,7.9,35.0
jaipur,2025-04-01,9.2,47.0
jaipur,2025-04-02,8.7,49.1
jaipur,2025-04-03,9.9,48.9
jaipur,2025-04-04,12.5,81.9
jaipur,2025-04-05,12.8,75.3
jaipur,2025-04-06,13.4,77.7
jaipur,2025-04-07,8.5,42.5
jaipur,2025-04-08,8.5,47.0
jaipur,2025-04-09,11.4,77.9
jaipur,2025-04-10,7.0,41.9
jaipur,2025-04-11,18.2,108.7
jaipur,2025-04-12,12.7,86.3
jaipur,2025-04-13,12.8,76.9
jaipur,2025-04-14,13.7,73.3
jaipur,2025-04-15,17.5,110.7
jaipur,2025-04-16,27.2,179.5
jaipur,2025-04-17,33.1,235.0
jaipur,2025-04-18,22.9,154.6
jaipur,2025-04-19,26.6,183.7
jaipur,2025-04-20,32.7,222.8
jaipur,2025-04-21,29.2,194.8
jaipur,2025-04-22,36.7,254.1
jaipur,2025-04-23,29.5,198.8
jaipur,2025-04-24,26.0,174.2
jaipur,2025-04-25,24.8,178.9
jaipur,2025-04-26,18.5,115.6
jaipur,2025-04-27,25.3,159.5
jaipur,2025-04-28,22.4,148.4
jaipur,2025-04-29,7.3,44.6
jaipur,2025-04-30,9.7,59.5
jaipur,2025-05-01,6.6,37.7
jaipur,2025-05-02,12.5,70.2
jaipur,2025-05-03,7.4,40.8
jaipur,2025-05-04,12.6,76.2
jaipur,2025-05-05,8.2,48.5
jaipur,2025-05-06,7.9,46.2
jaipur,2025-05-07,11.2,65.8
jaipur,2025-05-08,12.5,70.9
jaipur,2025-05-09,14.8,75.8
jaipur,2025-05-10,21.5,145.3
jaipur,2025-05-11,14.1,98.9
jaipur,2025-05-12,20.6,139.6
jaipur,2025-05-13,21.4,149.0
jaipur,2025-05-14,19.7,137.2
jaipur,2025-05-15,29.3,196.8
jaipur,2025-05-16,36.7,253.4
jaipur,2025-05-17,23.9,154.2
jaipur,2025-05-18,38.4,268.3
jaipur,2025-05-19,35.8,255.0
jaipur,2025-05-20,43.8,313.3
jaipur,2025-05-21,65.7,459.2
jaipur,2025-05-22,46.9,326.2
jaipur,2025-05-23,40.0,277.0
jaipur,2025-05-24,54.2,394.0
jaipur,2025-05-25,57.5,413.9
jaipur,2025-05-26,47.4,332.2
jaipur,2025-05-27,69.8,480.0
jaipur,2025-05-28,67.3,477.5
jaipur,2025-05-29,77.9,480.0
jaipur,2025-05-30,46.8,324.9
jaipur,2025-05-31,49.7,351.5
jaipur,2025-06-01,65.5,452.6
jaipur,2025-06-02,52.5,351.9
jaipur,2025-06-03,45.1,300.8
jaipur,2025-06-04,55.1,379.5
jaipur,2025-06-05,40.7,285.1
jaipur,2025-06-06,43.2,306.7
jaipur,2025-06-07,43.9,302.1
jaipur,2025-06-08,45.3,303.1
jaipur,2025-06-09,38.6,260.8
jaipur,2025-06-10,39.5,275.2
jaipur,2025-06-11,42.7,308.5
jaipur,2025-06-12,41.9,279.5
jaipur,2025-06-13,44.1,305.0
jaipur,2025-06-14,46.7,333.1
jaipur,2025-06-15,48.6,334.6
jaipur,2025-06-16,47.1,327.6
jaipur,2025-06-17,49.2,341.4
jaipur,2025-06-18,44.2,286.5
jaipur,2025-06-19,40.1,267.1
jaipur,2025-06-20,53.2,362.4
jaipur,2025-06-21,74.6,480.0
jaipur,2025-06-22,86.9,480.0
jaipur,2025-06-23,90.7,480.0
jaipur,2025-06-24,95.8,480.0
jaipur,2025-06-25,94.9,480.0
jaipur,2025-06-26,98.0,480.0
jaipur,2025-06-27,98.0,480.0
jaipur,2025-06-28,98.0,480.0
jaipur,2026-03-01,6.8,40.4
jaipur,2026-03-02,8.5,54.3
jaipur,2026-03-03,7.8,44.4
jaipur,2026-03-04,4.7,28.7
jaipur,2026-03-05,7.7,37.3
jaipur,2026-03-06,10.2,42.9
jaipur,2026-03-07,6.9,41.8
jaipur,2026-03-08,9.2,51.0
jaipur,2026-03-09,4.5,20.3
jaipur,2026-03-10,8.4,42.4
jaipur,2026-03-11,8.2,50.4
jaipur,2026-03-12,6.1,36.7
jaipur,2026-03-13,15.2,90.5
jaipur,2026-03-14,9.8,48.1
jaipur,2026-03-15,7.5,34.8
jaipur,2026-03-16,7.8,48.6
jaipur,2026-03-17,10.8,52.3
jaipur,2026-03-18,9.4,56.5
jaipur,2026-03-19,12.7,76.0
jaipur,2026-03-20,7.3,40.8
jaipur,2026-03-21,5.2,32.6
jaipur,2026-03-22,7.0,38.7
jaipur,2026-03-23,9.3,43.7
jaipur,2026-03-24,7.8,35.0
jaipur,2026-03-25,8.1,41.2
jaipur,2026-03-26,8.8,45.4
jaipur,2026-03-27,15.3,100.0
jaipur,2026-03-28,8.8,48.5
jaipur,2026-03-29,9.7,55.1
jaipur,2026-03-30,9.6,54.5
jaipur,2026-03-31,8.5,41.1
jaipur,2026-04-01,19.0,117.6
jaipur,2026-04-02,6.4,42.2
jaipur,2026-04-03,11.6,78.7
jaipur,2026-04-04,9.9,65.4
jaipur,2026-04-05,7.8,47.6
jaipur,2026-04-06,13.5,70.5
jaipur,2026-04-07,6.9,40.8
jaipur,2026-04-08,16.8,98.0
jaipur,2026-04-09,12.6,78.7
jaipur,2026-04-10,19.1,112.9
jaipur,2026-04-11,17.7,119.1
jaipur,2026-04-12,12.6,91.8
jaipur,2026-04-13,6.0,40.8
jaipur,2026-04-14,8.1,39.5
jaipur,2026-04-15,16.2,94.3
jaipur,2026-04-16,34.9,232.8
jaipur,2026-04-17,38.2,249.1
jaipur,2026-04-18,31.2,209.9
jaipur,2026-04-19,37.4,231.7
jaipur,2026-04-20,33.7,232.8
jaipur,2026-04-21,33.5,225.5
jaipur,2026-04-22,30.2,209.4
jaipur,2026-04-23,28.1,188.3
jaipur,2026-04-24,32.0,213.4
jaipur,2026-04-25,15.5,97.4
jaipur,2026-04-26,24.0,167.6
jaipur,2026-04-27,20.7,133.2
jaipur,2026-04-28,10.5,58.8
jaipur,2026-04-29,17.0,101.4
jaipur,2026-04-30,9.1,47.7
jaipur,2026-05-01,10.1,52.7
jaipur,2026-05-02,14.0,84.1
jaipur,2026-05-03,8.0,43.2
jaipur,2026-05-04,10.9,55.1
jaipur,2026-05-05,16.2,102.0
jaipur,2026-05-06,12.7,69.5
jaipur,2026-05-07,14.2,89.2
jaipur,2026-05-08,9.6,63.0
jaipur,2026-05-09,12.2,66.8
jaipur,2026-05-10,13.0,65.9
jaipur,2026-05-11,19.0,124.0
jaipur,2026-05-12,26.1,185.1
jaipur,2026-05-13,31.2,219.4
jaipur,2026-05-14,33.2,214.2
jaipur,2026-05-15,28.6,197.6
jaipur,2026-05-16,38.4,252.8
jaipur,2026-05-17,32.5,223.6
jaipur,2026-05-18,42.2,290.9
jaipur,2026-05-19,53.7,370.1
jaipur,2026-05-20,36.0,254.6
jaipur,2026-05-21,56.1,381.9
jaipur,2026-05-22,40.7,280.6
jaipur,2026-05-23,59.7,412.6
jaipur,2026-05-24,69.3,480.0
jaipur,2026-05-25,74.0,480.0
jaipur,2026-05-26,67.3,460.9
jaipur,2026-05-27,70.6,480.0
jaipur,2026-05-28,74.1,480.0
jaipur,2026-05-29,51.1,359.6
jaipur,2026-05-30,47.6,318.5
jaipur,2026-05-31,47.3,331.9
jaipur,2026-06-01,54.9,401.9
jaipur,2026-06-02,46.9,318.8
jaipur,2026-06-03,40.6,271.8
jaipur,2026-06-04,42.0,297.3
jaipur,2026-06-05,48.7,346.1
jaipur,2026-06-06,45.6,309.0
jaipur,2026-06-07,42.6,286.9
jaipur,2026-06-08,37.7,257.0
jaipur,2026-06-09,51.0,343.3
jaipur,2026-06-10,39.3,271.0
jaipur,2026-06-11,34.8,237.3
jaipur,2026-06-12,38.2,280.3
jaipur,2026-06-13,44.5,314.4
jaipur,2026-06-14,40.9,273.0
jaipur,2026-06-15,42.8,294.6
jaipur,2026-06-16,45.6,309.9
jaipur,2026-06-17,41.9,288.8
jaipur,2026-06-18,45.6,317.0
jaipur,2026-06-19,63.5,442.8
jaipur,2026-06-20,44.7,320.7
jaipur,2026-06-21,49.3,335.6
jaipur,2026-06-22,68.8,471.8
jaipur,2026-06-23,94.3,480.0
jaipur,2026-06-24,92.4,480.0
jaipur,2026-06-25,98.0,480.0
jaipur,2026-06-26,98.0,480.0
jaipur,2026-06-27,98.0,480.0
jaipur,2026-06-28,98.0,480.0
hyderabad,2022-03-01,6.6,31.3
hyderabad,2022-03-02,11.3,51.2
hyderabad,2022-03-03,8.8,38.5
hyderabad,2022-03-04,6.3,44.1
hyderabad,2022-03-05,7.5,35.8
hyderabad,2022-03-06,6.2,31.2
hyderabad,2022-03-07,7.3,30.9
hyderabad,2022-03-08,8.2,41.1
hyderabad,2022-03-09,7.9,45.2
hyderabad,2022-03-10,6.1,34.0
hyderabad,2022-03-11,8.2,38.6
hyderabad,2022-03-12,10.6,53.6
hyderabad,2022-03-13,7.5,34.4
hyderabad,2022-03-14,10.7,46.6
hyderabad,2022-03-15,9.7,53.3
hyderabad,2022-03-16,7.1,41.6
hyderabad,2022-03-17,7.0,26.0
hyderabad,2022-03-18,8.2,39.6
hyderabad,2022-03-19,6.8,43.1
hyderabad,2022-03-20,7.9,47.4
hyderabad,2022-03-21,7.4,36.1
hyderabad,2022-03-22,9.8,47.1
hyderabad,2022-03-23,6.0,30.0
hyderabad,2022-03-24,7.8,45.0
hyderabad,2022-03-25,9.3,43.5
hyderabad,2022-03-26,9.2,44.3
hyderabad,2022-03-27,9.6,48.5
hyderabad,2022-03-28,8.5,53.9
hyderabad,2022-03-29,8.0,43.0
hyderabad,2022-03-30,7.2,32.4
hyderabad,2022-03-31,6.3,42.1
hyderabad,2022-04-01,9.3,45.3
hyderabad,2022-04-02,9.1,44.0
hyderabad,2022-04-03,6.3,35.6
hyderabad,2022-04-04,9.2,45.6
hyderabad,2022-04-05,7.3,40.1
hyderabad,2022-04-06,8.1,47.6
hyderabad,2022-04-07,5.7,33.3
hyderabad,2022-04-08,10.2,61.3
hyderabad,2022-04-09,8.7,43.8
hyderabad,2022-04-10,12.2,71.8
hyderabad,2022-04-11,12.4,53.5
hyderabad,2022-04-12,8.8,42.3
hyderabad,2022-04-13,7.6,43.1
hyderabad,2022-04-14,12.5,70.5
hyderabad,2022-04-15,8.1,46.1
hyderabad,2022-04-16,22.7,148.1
hyderabad,2022-04-17,25.3,164.1
hyderabad,2022-04-18,26.5,176.9
hyderabad,2022-04-19,28.1,199.3
hyderabad,2022-04-20,19.7,126.5
hyderabad,2022-04-21,32.3,204.3
hyderabad,2022-04-22,25.1,175.7
hyderabad,2022-04-23,33.7,224.6
hyderabad,2022-04-24,25.7,162.5
hyderabad,2022-04-25,21.3,125.2
hyderabad,2022-04-26,16.9,113.3
hyderabad,2022-04-27,17.7,111.1
hyderabad,2022-04-28,8.7,47.8
hyderabad,2022-04-29,9.9,43.4
hyderabad,2022-04-30,16.9,105.4
hyderabad,2022-05-01,10.6,71.8
hyderabad,2022-05-02,8.1,40.6
hyderabad,2022-05-03,7.5,35.2
hyderabad,2022-05-04,6.6,35.7
hyderabad,2022-05-05,7.7,37.5
hyderabad,2022-05-06,6.6,35.8
hyderabad,2022-05-07,8.4,44.0
hyderabad,2022-05-08,8.7,54.5
hyderabad,2022-05-09,6.4,38.6
hyderabad,2022-05-10,8.8,50.0
hyderabad,2022-05-11,16.8,93.5
hyderabad,2022-05-12,6.3,42.0
hyderabad,2022-05-13,23.2,152.6
hyderabad,2022-05-14,27.3,174.8
hyderabad,2022-05-15,30.2,185.1
hyderabad,2022-05-16,24.0,145.4
hyderabad,2022-05-17,26.0,169.4
hyderabad,2022-05-18,33.0,224.8
hyderabad,2022-05-19,40.5,279.5
hyderabad,2022-05-20,37.2,257.5
hyderabad,2022-05-21,41.3,275.9
hyderabad,2022-05-22,38.9,267.3
hyderabad,2022-05-23,38.1,264.2
hyderabad,2022-05-24,46.0,322.9
hyderabad,2022-05-25,45.3,318.7
hyderabad,2022-05-26,51.4,362.9
hyderabad,2022-05-27,65.3,462.8
hyderabad,2022-05-28,43.7,302.0
hyderabad,2022-05-29,53.0,371.9
hyderabad,2022-05-30,53.7,354.6
hyderabad,2022-05-31,37.8,269.7
hyderabad,2022-06-01,47.8,334.9
hyderabad,2022-06-02,41.1,284.4
hyderabad,2022-06-03,46.7,325.6
hyderabad,2022-06-04,37.5,252.2
hyderabad,2022-06-05,38.5,264.7
hyderabad,2022-06-06,31.6,209.4
hyderabad,2022-06-07,36.3,260.9
hyderabad,2022-06-08,41.5,281.9
hyderabad,2022-06-09,28.7,189.7
hyderabad,2022-06-10,31.9,209.4
hyderabad,2022-06-11,35.3,236.2
hyderabad,2022-06-12,32.0,205.6
hyderabad,2022-06-13,35.3,234.6
hyderabad,2022-06-14,38.0,250.1
hyderabad,2022-06-15,37.7,259.8
hyderabad,2022-06-16,39.8,261.4
hyderabad,2022-06-17,42.1,297.0
hyderabad,2022-06-18,55.1,380.9
hyderabad,2022-06-19,52.3,353.2
hyderabad,2022-06-20,39.6,279.0
hyderabad,2022-06-21,77.0,480.0
hyderabad,2022-06-22,69.4,480.0
hyderabad,2022-06-23,80.3,480.0
hyderabad,2022-06-24,65.2,456.5
hyderabad,2022-06-25,78.7,480.0
hyderabad,2022-06-26,84.6,480.0
hyderabad,2022-06-27,98.0,480.0
hyderabad,2022-06-28,98.0,480.0
hyderabad,2023-03-01,7.2,36.8
hyderabad,2023-03-02,7.6,33.9
hyderabad,2023-03-03,10.2,37.3
hyderabad,2023-03-04,9.4,44.5
hyderabad,2023-03-05,8.9,48.1
hyderabad,2023-03-06,8.7,41.8
hyderabad,2023-03-07,7.7,41.7
hyderabad,2023-03-08,5.8,32.8
hyderabad,2023-03-09,8.6,43.0
hyderabad,2023-03-10,8.8,40.7
hyderabad,2023-03-11,7.1,40.3
hyderabad,2023-03-12,7.6,33.0
hyderabad,2023-03-13,6.5,32.8
hyderabad,2023-03-14,9.4,43.9
hyderabad,2023-03-15,6.5,36.0
hyderabad,2023-03-16,9.0,40.6
hyderabad,2023-03-17,12.2,46.3
hyderabad,2023-03-18,11.4,56.1
hyderabad,2023-03-19,7.7,39.8
hyderabad,2023-03-20,8.0,31.4
hyderabad,2023-03-21,7.4,40.1
hyderabad,2023-03-22,6.1,35.4
hyderabad,2023-03-23,8.2,41.8
hyderabad,2023-03-24,7.2,29.9
hyderabad,2023-03-25,10.2,50.5
hyderabad,2023-03-26,7.2,36.5
hyderabad,2023-03-27,8.5,46.7
hyderabad,2023-03-28,9.8,58.8
hyderabad,2023-03-29,7.4,38.8
hyderabad,2023-03-30,9.3,48.0
hyderabad,2023-03-31,10.8,44.6
hyderabad,2023-04-01,8.5,43.3
hyderabad,2023-04-02,9.6,46.1
hyderabad,2023-04-03,8.9,39.5
hyderabad,2023-04-04,10.6,61.4
hyderabad,2023-04-05,12.5,63.8
hyderabad,2023-04-06,10.6,55.1
hyderabad,2023-04-07,9.2,43.9
hyderabad,2023-04-08,9.0,35.9
hyderabad,2023-04-09,7.1,37.3
hyderabad,2023-04-10,8.7,45.5
hyderabad,2023-04-11,8.5,47.6
hyderabad,2023-04-12,20.4,144.8
hyderabad,2023-04-13,10.4,56.4
hyderabad,2023-04-14,8.1,39.8
hyderabad,2023-04-15,10.9,63.6
hyderabad,2023-04-16,29.6,197.8
hyderabad,2023-04-17,23.8,161.3
hyderabad,2023-04-18,34.2,216.4
hyderabad,2023-04-19,26.3,166.7
hyderabad,2023-04-20,18.0,111.6
hyderabad,2023-04-21,21.9,136.7
hyderabad,2023-04-22,20.3,131.7
hyderabad,2023-04-23,11.6,78.9
hyderabad,2023-04-24,27.3,172.9
hyderabad,2023-04-25,26.3,171.4
hyderabad,2023-04-26,12.8,86.6
hyderabad,2023-04-27,18.0,126.9
hyderabad,2023-04-28,7.2,42.9
hyderabad,2023-04-29,14.8,91.9
hyderabad,2023-04-30,5.9,29.9
hyderabad,2023-05-01,17.0,117.8
hyderabad,2023-05-02,8.8,52.8
hyderabad,2023-05-03,9.6,50.9
hyderabad,2023-05-04,16.4,87.8
hyderabad,2023-05-05,9.6,48.5
hyderabad,2023-05-06,6.9,26.4
hyderabad,2023-05-07,9.4,43.5
hyderabad,2023-05-08,12.0,71.9
hyderabad,2023-05-09,10.5,52.4
hyderabad,2023-05-10,13.3,66.4
hyderabad,2023-05-11,19.4,110.0
hyderabad,2023-05-12,13.6,85.8
hyderabad,2023-05-13,14.5,95.9
hyderabad,2023-05-14,15.6,109.3
hyderabad,2023-05-15,17.3,123.3
hyderabad,2023-05-16,24.1,152.5
hyderabad,2023-05-17,35.9,233.4
hyderabad,2023-05-18,36.5,254.9
hyderabad,2023-05-19,39.2,266.7
hyderabad,2023-05-20,34.5,226.7
hyderabad,2023-05-21,46.3,316.3
hyderabad,2023-05-22,52.9,367.1
hyderabad,2023-05-23,34.2,237.1
hyderabad,2023-05-24,55.0,366.5
hyderabad,2023-05-25,48.5,329.7
hyderabad,2023-05-26,59.7,418.1
hyderabad,2023-05-27,39.4,260.7
hyderabad,2023-05-28,53.4,374.2
hyderabad,2023-05-29,52.7,368.9
hyderabad,2023-05-30,38.9,263.7
hyderabad,2023-05-31,33.7,231.0
hyderabad,2023-06-01,45.9,317.8
hyderabad,2023-06-02,39.8,284.6
hyderabad,2023-06-03,38.9,265.0
hyderabad,2023-06-04,48.2,333.5
hyderabad,2023-06-05,36.3,254.9
hyderabad,2023-06-06,39.5,254.5
hyderabad,2023-06-07,38.5,256.2
hyderabad,2023-06-08,47.1,307.8
hyderabad,2023-06-09,28.2,188.0
hyderabad,2023-06-10,22.2,142.8
hyderabad,2023-06-11,34.9,238.7
hyderabad,2023-06-12,41.5,283.7
hyderabad,2023-06-13,28.4,186.9
hyderabad,2023-06-14,30.5,210.1
hyderabad,2023-06-15,34.0,231.3
hyderabad,2023-06-16,39.0,257.4
hyderabad,2023-06-17,46.9,321.5
hyderabad,2023-06-18,41.7,301.5
hyderabad,2023-06-19,50.5,351.5
hyderabad,2023-06-20,50.3,350.3
hyderabad,2023-06-21,77.1,480.0
hyderabad,2023-06-22,79.4,480.0
hyderabad,2023-06-23,84.8,480.0
hyderabad,2023-06-24,82.4,480.0
hyderabad,2023-06-25,83.5,480.0
hyderabad,2023-06-26,94.8,480.0
hyderabad,2023-06-27,98.0,480.0
hyderabad,2023-06-28,98.0,480.0
hyderabad,2024-03-01,9.2,52.4
hyderabad,2024-03-02,7.7,30.6
hyderabad,2024-03-03,7.3,40.4
hyderabad,2024-03-04,4.9,22.2
hyderabad,2024-03-05,6.8,37.9
hyderabad,2024-03-06,9.2,47.2
hyderabad,2024-03-07,9.4,41.7
hyderabad,2024-03-08,7.8,50.2
hyderabad,2024-03-09,6.9,46.3
hyderabad,2024-03-10,6.8,33.6
hyderabad,2024-03-11,10.1,60.0
hyderabad,2024-03-12,7.6,38.2
hyderabad,2024-03-13,7.0,34.5
hyderabad,2024-03-14,8.4,40.8
hyderabad,2024-03-15,6.4,37.0
hyderabad,2024-03-16,8.2,46.5
hyderabad,2024-03-17,9.9,54.2
hyderabad,2024-03-18,8.3,41.5
hyderabad,2024-03-19,10.3,47.3
hyderabad,2024-03-20,10.2,43.0
hyderabad,2024-03-21,7.2,55.2
hyderabad,2024-03-22,9.1,46.8
hyderabad,2024-03-23,8.7,35.1
hyderabad,2024-03-24,6.4,30.5
hyderabad,2024-03-25,10.4,54.2
hyderabad,2024-03-26,7.6,39.9
hyderabad,2024-03-27,4.9,33.7
hyderabad,2024-03-28,8.8,41.3
hyderabad,2024-03-29,8.9,46.4
hyderabad,2024-03-30,11.1,49.6
hyderabad,2024-03-31,8.4,41.3
hyderabad,2024-04-01,6.7,38.1
hyderabad,2024-04-02,8.6,44.3
hyderabad,2024-04-03,7.6,38.6
hyderabad,2024-04-04,8.1,36.6
hyderabad,2024-04-05,6.1,35.0
hyderabad,2024-04-06,8.4,50.7
hyderabad,2024-04-07,8.3,31.4
hyderabad,2024-04-08,7.8,39.8
hyderabad,2024-04-09,9.1,45.1
hyderabad,2024-04-10,7.9,39.5
hyderabad,2024-04-11,4.6,28.0
hyderabad,2024-04-12,9.6,59.2
hyderabad,2024-04-13,7.6,31.3
hyderabad,2024-04-14,11.4,62.9
hyderabad,2024-04-15,9.3,40.1
hyderabad,2024-04-16,26.5,192.9
hyderabad,2024-04-17,17.5,108.0
hyderabad,2024-04-18,29.0,194.6
hyderabad,2024-04-19,28.7,195.1
hyderabad,2024-04-20,24.0,157.2
hyderabad,2024-04-21,27.8,196.2
hyderabad,2024-04-22,19.3,118.5
hyderabad,2024-04-23,26.4,169.8
hyderabad,2024-04-24,10.9,75.3
hyderabad,2024-04-25,21.6,140.6
hyderabad,2024-04-26,11.3,61.1
hyderabad,2024-04-27,17.5,120.9
hyderabad,2024-04-28,6.8,34.2
hyderabad,2024-04-29,10.5,52.1
hyderabad,2024-04-30,19.7,134.2
hyderabad,2024-05-01,10.2,56.8
hyderabad,2024-05-02,10.4,60.6
hyderabad,2024-05-03,7.1,43.1
hyderabad,2024-05-04,10.1,43.8
hyderabad,2024-05-05,13.6,69.7
hyderabad,2024-05-06,7.6,33.7
hyderabad,2024-05-07,9.3,49.5
hyderabad,2024-05-08,7.1,42.4
hyderabad,2024-05-09,7.0,40.2
hyderabad,2024-05-10,10.9,56.0
hyderabad,2024-05-11,21.0,130.2
hyderabad,2024-05-12,16.0,97.2
hyderabad,2024-05-13,13.2,91.7
hyderabad,2024-05-14,24.2,154.2
hyderabad,2024-05-15,18.1,114.8
hyderabad,2024-05-16,36.0,238.5
hyderabad,2024-05-17,30.2,186.3
hyderabad,2024-05-18,24.5,154.0
hyderabad,2024-05-19,35.6,236.1
hyderabad,2024-05-20,43.9,295.6
hyderabad,2024-05-21,36.9,238.5
hyderabad,2024-05-22,54.7,384.3
hyderabad,2024-05-23,53.8,375.1
hyderabad,2024-05-24,43.3,293.8
hyderabad,2024-05-25,46.5,314.5
hyderabad,2024-05-26,48.6,330.0
hyderabad,2024-05-27,52.4,366.1
hyderabad,2024-05-28,51.0,351.8
hyderabad,2024-05-29,64.7,445.1
hyderabad,2024-05-30,45.8,329.8
hyderabad,2024-05-31,41.1,274.8
hyderabad,2024-06-01,51.9,352.3
hyderabad,2024-06-02,46.6,315.8
hyderabad,2024-06-03,36.0,242.0
hyderabad,2024-06-04,39.4,270.4
hyderabad,2024-06-05,41.3,278.3
hyderabad,2024-06-06,37.8,255.5
hyderabad,2024-06-07,28.6,185.6
hyderabad,2024-06-08,34.6,241.8
hyderabad,2024-06-09,38.7,269.1
hyderabad,2024-06-10,32.6,208.0
hyderabad,2024-06-11,25.5,158.6
hyderabad,2024-06-12,32.3,215.2
hyderabad,2024-06-13,32.3,225.1
hyderabad,2024-06-14,41.2,275.9
hyderabad,2024-06-15,35.7,239.0
hyderabad,2024-06-16,42.3,287.0
hyderabad,2024-06-17,45.0,303.4
hyderabad,2024-06-18,41.5,276.2
hyderabad,2024-06-19,52.1,346.5
hyderabad,2024-06-20,51.3,343.0
hyderabad,2024-06-21,72.9,480.0
hyderabad,2024-06-22,55.3,382.2
hyderabad,2024-06-23,59.7,400.7
hyderabad,2024-06-24,98.0,480.0
hyderabad,2024-06-25,84.1,480.0
hyderabad,2024-06-26,96.8,480.0
hyderabad,2024-06-27,98.0,480.0
hyderabad,2024-06-28,98.0,480.0
hyderabad,2025-03-01,8.9,49.6
hyderabad,2025-03-02,7.4,33.5
hyderabad,2025-03-03,8.8,50.0
hyderabad,2025-03-04,6.5,36.5
hyderabad,2025-03-05,10.0,42.7
hyderabad,2025-03-06,8.0,41.3
hyderabad,2025-03-07,8.6,43.4
hyderabad,2025-03-08,10.3,42.5
hyderabad,2025-03-09,9.1,43.6
hyderabad,2025-03-10,7.2,32.2
hyderabad,2025-03-11,10.2,51.7
hyderabad,2025-03-12,9.9,49.5
hyderabad,2025-03-13,10.2,52.0
hyderabad,2025-03-14,9.4,45.7
hyderabad,2025-03-15,8.8,34.6
hyderabad,2025-03-16,8.4,43.4
hyderabad,2025-03-17,8.2,45.2
hyderabad,2025-03-18,6.3,32.8
hyderabad,2025-03-19,7.3,38.0
hyderabad,2025-03-20,7.2,35.9
hyderabad,2025-03-21,7.2,36.0
hyderabad,2025-03-22,7.2,32.5
hyderabad,2025-03-23,9.5,46.0
hyderabad,2025-03-24,7.7,40.3
hyderabad,2025-03-25,9.0,43.4
hyderabad,2025-03-26,8.4,44.5
hyderabad,2025-03-27,7.6,47.2
hyderabad,2025-03-28,10.4,44.5
hyderabad,2025-03-29,7.0,43.5
hyderabad,2025-03-30,8.6,48.3
hyderabad,2025-03-31,7.6,30.4
hyderabad,2025-04-01,9.9,62.7
hyderabad,2025-04-02,9.8,55.6
hyderabad,2025-04-03,7.4,40.4
hyderabad,2025-04-04,6.5,40.1
hyderabad,2025-04-05,9.3,55.6
hyderabad,2025-04-06,16.8,99.1
hyderabad,2025-04-07,11.1,58.5
hyderabad,2025-04-08,10.2,54.0
hyderabad,2025-04-09,5.0,20.0
hyderabad,2025-04-10,18.9,105.1
hyderabad,2025-04-11,10.8,62.6
hyderabad,2025-04-12,3.8,29.1
hyderabad,2025-04-13,9.8,49.6
hyderabad,2025-04-14,6.8,42.5
hyderabad,2025-04-15,7.1,37.1
hyderabad,2025-04-16,30.9,209.8
hyderabad,2025-04-17,33.1,224.3
hyderabad,2025-04-18,22.7,142.8
hyderabad,2025-04-19,16.9,120.1
hyderabad,2025-04-20,22.2,142.6
hyderabad,2025-04-21,28.7,200.3
hyderabad,2025-04-22,27.1,173.0
hyderabad,2025-04-23,30.5,198.0
hyderabad,2025-04-24,21.4,147.6
hyderabad,2025-04-25,14.2,81.5
hyderabad,2025-04-26,12.8,75.3
hyderabad,2025-04-27,14.0,73.8
hyderabad,2025-04-28,16.6,107.1
hyderabad,2025-04-29,15.9,94.2
hyderabad,2025-04-30,9.6,47.4
hyderabad,2025-05-01,9.6,45.8
hyderabad,2025-05-02,9.4,46.1
hyderabad,2025-05-03,8.8,55.9
hyderabad,2025-05-04,6.2,47.5
hyderabad,2025-05-05,13.4,67.8
hyderabad,2025-05-06,8.9,46.3
hyderabad,2025-05-07,10.4,62.5
hyderabad,2025-05-08,7.2,26.9
hyderabad,2025-05-09,6.4,38.0
hyderabad,2025-05-10,10.4,62.4
hyderabad,2025-05-11,23.5,139.4
hyderabad,2025-05-12,22.2,138.6
hyderabad,2025-05-13,18.6,122.8
hyderabad,2025-05-14,23.1,142.7
hyderabad,2025-05-15,15.0,82.3
hyderabad,2025-05-16,36.9,261.3
hyderabad,2025-05-17,33.8,202.9
hyderabad,2025-05-18,32.9,218.1
hyderabad,2025-05-19,25.7,173.3
hyderabad,2025-05-20,52.9,364.5
hyderabad,2025-05-21,32.4,223.8
hyderabad,2025-05-22,46.3,321.8
hyderabad,2025-05-23,42.4,288.2
hyderabad,2025-05-24,49.3,335.9
hyderabad,2025-05-25,54.5,379.1
hyderabad,2025-05-26,50.6,354.8
hyderabad,2025-05-27,41.3,281.8
hyderabad,2025-05-28,39.1,268.8
hyderabad,2025-05-29,43.7,303.1
hyderabad,2025-05-30,48.8,341.5
hyderabad,2025-05-31,41.5,280.8
hyderabad,2025-06-01,32.1,219.3
hyderabad,2025-06-02,38.3,264.3
hyderabad,2025-06-03,36.3,232.8
hyderabad,2025-06-04,41.2,279.3
hyderabad,2025-06-05,31.3,207.0
hyderabad,2025-06-06,29.9,211.9
hyderabad,2025-06-07,31.1,210.6
hyderabad,2025-06-08,35.1,241.5
hyderabad,2025-06-09,35.2,247.2
hyderabad,2025-06-10,25.5,162.5
hyderabad,2025-06-11,38.3,262.5
hyderabad,2025-06-12,36.4,250.6
hyderabad,2025-06-13,29.4,209.9
hyderabad,2025-06-14,37.4,250.9
hyderabad,2025-06-15,44.8,297.8
hyderabad,2025-06-16,44.6,293.2
hyderabad,2025-06-17,42.8,295.4
hyderabad,2025-06-18,47.4,326.1
hyderabad,2025-06-19,59.9,403.1
hyderabad,2025-06-20,31.5,201.4
hyderabad,2025-06-21,45.4,321.7
hyderabad,2025-06-22,68.9,480.0
hyderabad,2025-06-23,80.4,480.0
hyderabad,2025-06-24,82.1,480.0
hyderabad,2025-06-25,98.0,480.0
hyderabad,2025-06-26,87.8,480.0
hyderabad,2025-06-27,95.8,480.0
hyderabad,2025-06-28,98.0,480.0
hyderabad,2026-03-01,8.2,45.2
hyderabad,2026-03-02,6.0,33.2
hyderabad,2026-03-03,8.3,34.2
hyderabad,2026-03-04,8.3,35.7
hyderabad,2026-03-05,5.4,36.8
hyderabad,2026-03-06,10.0,53.3
hyderabad,2026-03-07,7.2,44.3
hyderabad,2026-03-08,9.4,45.4
hyderabad,2026-03-09,7.7,39.5
hyderabad,2026-03-10,10.5,46.6
hyderabad,2026-03-11,5.6,40.6
hyderabad,2026-03-12,5.8,34.4
hyderabad,2026-03-13,7.3,46.6
hyderabad,2026-03-14,9.0,38.3
hyderabad,2026-03-15,9.4,48.2
hyderabad,2026-03-16,8.2,36.1
hyderabad,2026-03-17,6.0,39.8
hyderabad,2026-03-18,9.7,53.4
hyderabad,2026-03-19,11.0,50.6
hyderabad,2026-03-20,6.2,32.8
hyderabad,2026-03-21,7.6,37.6
hyderabad,2026-03-22,8.5,40.2
hyderabad,2026-03-23,6.6,37.7
hyderabad,2026-03-24,9.4,45.1
hyderabad,2026-03-25,8.6,44.4
hyderabad,2026-03-26,9.7,48.4
hyderabad,2026-03-27,7.6,39.4
hyderabad,2026-03-28,7.1,38.5
hyderabad,2026-03-29,9.8,42.9
hyderabad,2026-03-30,7.1,44.2
hyderabad,2026-03-31,8.2,41.6
hyderabad,2026-04-01,6.2,33.7
hyderabad,2026-04-02,9.9,53.0
hyderabad,2026-04-03,6.9,38.4
hyderabad,2026-04-04,8.7,43.1
hyderabad,2026-04-05,9.4,50.9
hyderabad,2026-04-06,6.7,33.9
hyderabad,2026-04-07,12.3,70.0
hyderabad,2026-04-08,10.4,41.4
hyderabad,2026-04-09,8.4,46.6
hyderabad,2026-04-10,8.1,39.9
hyderabad,2026-04-11,8.7,42.3
hyderabad,2026-04-12,10.5,53.9
hyderabad,2026-04-13,3.1,29.2
hyderabad,2026-04-14,6.4,35.9
hyderabad,2026-04-15,8.7,54.8
hyderabad,2026-04-16,19.6,124.1
hyderabad,2026-04-17,17.3,101.6
hyderabad,2026-04-18,17.1,108.8
hyderabad,2026-04-19,27.9,172.8
hyderabad,2026-04-20,21.4,125.5
hyderabad,2026-04-21,23.8,158.6
hyderabad,2026-04-22,30.6,202.8
hyderabad,2026-04-23,17.1,109.1
hyderabad,2026-04-24,23.0,144.3
hyderabad,2026-04-25,16.6,97.4
hyderabad,2026-04-26,16.8,98.5
hyderabad,2026-04-27,13.5,81.4
hyderabad,2026-04-28,10.4,51.1
hyderabad,2026-04-29,6.7,39.7
hyderabad,2026-04-30,9.7,61.4
hyderabad,2026-05-01,7.8,42.1
hyderabad,2026-05-02,11.6,61.2
hyderabad,2026-05-03,8.9,38.8
hyderabad,2026-05-04,8.5,46.6
hyderabad,2026-05-05,5.7,39.6
hyderabad,2026-05-06,10.1,45.5
hyderabad,2026-05-07,10.0,62.2
hyderabad,2026-05-08,8.2,38.7
hyderabad,2026-05-09,8.8,69.6
hyderabad,2026-05-10,14.0,72.7
hyderabad,2026-05-11,12.8,71.9
hyderabad,2026-05-12,21.4,132.1
hyderabad,2026-05-13,23.2,145.2
hyderabad,2026-05-14,21.9,137.1
hyderabad,2026-05-15,29.9,216.1
hyderabad,2026-05-16,33.3,221.6
hyderabad,2026-05-17,29.3,186.6
hyderabad,2026-05-18,37.0,254.3
hyderabad,2026-05-19,30.2,196.5
hyderabad,2026-05-20,39.8,278.5
hyderabad,2026-05-21,35.7,238.1
hyderabad,2026-05-22,44.7,296.0
hyderabad,2026-05-23,45.6,315.7
hyderabad,2026-05-24,40.0,276.1
hyderabad,2026-05-25,61.8,433.8
hyderabad,2026-05-26,40.2,275.8
hyderabad,2026-05-27,44.5,313.1
hyderabad,2026-05-28,54.2,388.3
hyderabad,2026-05-29,43.2,303.0
hyderabad,2026-05-30,52.1,348.9
hyderabad,2026-05-31,42.3,295.4
hyderabad,2026-06-01,43.2,299.4
hyderabad,2026-06-02,32.6,220.2
hyderabad,2026-06-03,28.3,197.7
hyderabad,2026-06-04,43.8,294.6
hyderabad,2026-06-05,49.6,337.6
hyderabad,2026-06-06,42.6,277.5
hyderabad,2026-06-07,32.2,221.2
hyderabad,2026-06-08,32.8,227.6
hyderabad,2026-06-09,28.9,187.3
hyderabad,2026-06-10,35.6,223.9
hyderabad,2026-06-11,32.9,240.0
hyderabad,2026-06-12,27.5,186.7
hyderabad,2026-06-13,30.5,202.0
hyderabad,2026-06-14,29.4,198.6
hyderabad,2026-06-15,49.2,341.8
hyderabad,2026-06-16,42.9,291.6
hyderabad,2026-06-17,41.5,275.2
hyderabad,2026-06-18,38.9,259.4
hyderabad,2026-06-19,40.5,273.6
hyderabad,2026-06-20,44.1,308.1
hyderabad,2026-06-21,52.6,350.6
hyderabad,2026-06-22,60.8,423.5
hyderabad,2026-06-23,69.7,480.0
hyderabad,2026-06-24,63.9,446.6
hyderabad,2026-06-25,97.0,480.0
hyderabad,2026-06-26,98.0,480.0
hyderabad,2026-06-27,97.3,480.0
hyderabad,2026-06-28,98.0,480.0
lucknow,2022-03-01,10.8,65.1
lucknow,2022-03-02,7.6,44.3
lucknow,2022-03-03,8.1,40.9
lucknow,2022-03-04,10.5,50.9
lucknow,2022-03-05,5.2,32.9
lucknow,2022-03-06,8.3,47.0
lucknow,2022-03-07,9.4,45.3
lucknow,2022-03-08,8.1,39.8
lucknow,2022-03-09,9.9,43.7
lucknow,2022-03-10,7.9,41.8
lucknow,2022-03-11,7.3,45.6
lucknow,2022-03-12,6.6,39.9
lucknow,2022-03-13,6.6,46.1
lucknow,2022-03-14,8.0,45.7
lucknow,2022-03-15,5.7,37.6
lucknow,2022-03-16,6.4,40.8
lucknow,2022-03-17,5.0,18.2
lucknow,2022-03-18,9.5,55.2
lucknow,2022-03-19,8.4,48.1
lucknow,2022-03-20,10.1,55.9
lucknow,2022-03-21,8.3,42.0
lucknow,2022-03-22,7.7,40.5
lucknow,2022-03-23,8.3,35.9
lucknow,2022-03-24,8.2,43.8
lucknow,2022-03-25,7.3,43.8
lucknow,2022-03-26,6.7,41.6
lucknow,2022-03-27,14.2,82.8
lucknow,2022-03-28,7.7,39.5
lucknow,2022-03-29,9.1,45.6
lucknow,2022-03-30,19.9,130.1
lucknow,2022-03-31,7.9,49.6
lucknow,2022-04-01,14.6,103.6
lucknow,2022-04-02,11.6,57.4
lucknow,2022-04-03,4.8,23.6
lucknow,2022-04-04,12.4,72.0
lucknow,2022-04-05,7.7,36.9
lucknow,2022-04-06,4.6,33.2
lucknow,2022-04-07,12.2,76.8
lucknow,2022-04-08,14.1,77.1
lucknow,2022-04-09,7.7,36.0
lucknow,2022-04-10,10.8,68.7
lucknow,2022-04-11,9.2,49.3
lucknow,2022-04-12,9.1,44.9
lucknow,2022-04-13,22.7,138.6
lucknow,2022-04-14,6.5,38.7
lucknow,2022-04-15,7.8,44.2
lucknow,2022-04-16,31.6,210.8
lucknow,2022-04-17,30.5,210.6
lucknow,2022-04-18,28.7,191.4
lucknow,2022-04-19,29.5,196.5
lucknow,2022-04-20,34.5,233.5
lucknow,2022-04-21,24.2,178.2
lucknow,2022-04-22,37.7,255.3
lucknow,2022-04-23,29.1,195.0
lucknow,2022-04-24,22.0,144.7
lucknow,2022-04-25,23.9,169.1
lucknow,2022-04-26,18.4,117.0
lucknow,2022-04-27,15.5,101.1
lucknow,2022-04-28,18.1,121.5
lucknow,2022-04-29,19.2,122.9
lucknow,2022-04-30,9.6,66.2
lucknow,2022-05-01,9.6,49.4
lucknow,2022-05-02,7.4,44.2
lucknow,2022-05-03,8.1,43.4
lucknow,2022-05-04,8.2,43.3
lucknow,2022-05-05,19.6,132.9
lucknow,2022-05-06,7.6,45.2
lucknow,2022-05-07,16.5,103.7
lucknow,2022-05-08,8.3,36.5
lucknow,2022-05-09,14.9,80.2
lucknow,2022-05-10,16.0,106.2
lucknow,2022-05-11,17.8,116.3
lucknow,2022-05-12,10.9,73.5
lucknow,2022-05-13,28.9,190.5
lucknow,2022-05-14,18.9,130.2
lucknow,2022-05-15,25.5,163.9
lucknow,2022-05-16,33.4,224.9
lucknow,2022-05-17,31.5,213.3
lucknow,2022-05-18,33.8,232.2
lucknow,2022-05-19,37.3,251.1
lucknow,2022-05-20,54.7,391.6
lucknow,2022-05-21,45.5,312.5
lucknow,2022-05-22,42.8,293.9
lucknow,2022-05-23,40.8,280.5
lucknow,2022-05-24,54.5,385.2
lucknow,2022-05-25,52.1,363.8
lucknow,2022-05-26,52.7,367.9
lucknow,2022-05-27,58.5,404.2
lucknow,2022-05-28,50.7,348.3
lucknow,2022-05-29,56.1,391.5
lucknow,2022-05-30,46.0,314.6
lucknow,2022-05-31,51.7,366.3
lucknow,2022-06-01,60.5,430.4
lucknow,2022-06-02,47.7,320.0
lucknow,2022-06-03,44.4,298.3
lucknow,2022-06-04,51.2,350.8
lucknow,2022-06-05,40.3,276.6
lucknow,2022-06-06,32.8,222.0
lucknow,2022-06-07,32.9,233.0
lucknow,2022-06-08,38.7,264.4
lucknow,2022-06-09,35.8,244.9
lucknow,2022-06-10,35.7,231.3
lucknow,2022-06-11,27.8,180.9
lucknow,2022-06-12,39.5,269.5
lucknow,2022-06-13,40.6,276.3
lucknow,2022-06-14,40.0,267.2
lucknow,2022-06-15,36.1,241.5
lucknow,2022-06-16,37.8,251.5
lucknow,2022-06-17,41.5,287.5
lucknow,2022-06-18,46.9,326.5
lucknow,2022-06-19,45.3,311.2
lucknow,2022-06-20,67.2,469.5
lucknow,2022-06-21,64.3,453.2
lucknow,2022-06-22,77.2,480.0
lucknow,2022-06-23,77.7,480.0
lucknow,2022-06-24,95.7,480.0
lucknow,2022-06-25,98.0,480.0
lucknow,2022-06-26,98.0,480.0
lucknow,2022-06-27,98.0,480.0
lucknow,2022-06-28,98.0,480.0
lucknow,2023-03-01,8.4,46.0
lucknow,2023-03-02,9.1,45.1
lucknow,2023-03-03,6.8,40.2
lucknow,2023-03-04,10.8,49.6
lucknow,2023-03-05,7.3,37.4
lucknow,2023-03-06,5.4,38.1
lucknow,2023-03-07,9.6,42.0
lucknow,2023-03-08,7.0,36.4
lucknow,2023-03-09,5.8,35.9
lucknow,2023-03-10,8.1,45.3
lucknow,2023-03-11,5.7,32.9
lucknow,2023-03-12,5.2,43.8
lucknow,2023-03-13,5.8,44.8
lucknow,2023-03-14,8.9,41.6
lucknow,2023-03-15,8.9,44.8
lucknow,2023-03-16,7.3,47.4
lucknow,2023-03-17,8.7,54.7
lucknow,2023-03-18,8.6,38.1
lucknow,2023-03-19,6.5,40.9
lucknow,2023-03-20,8.6,45.6
lucknow,2023-03-21,8.8,54.5
lucknow,2023-03-22,7.0,43.7
lucknow,2023-03-23,7.9,36.7
lucknow,2023-03-24,7.5,37.0
lucknow,2023-03-25,6.2,36.5
lucknow,2023-03-26,7.7,48.3
lucknow,2023-03-27,15.4,93.7
lucknow,2023-03-28,9.3,40.2
lucknow,2023-03-29,6.8,41.9
lucknow,2023-03-30,5.8,29.8
lucknow,2023-03-31,8.6,43.9
lucknow,2023-04-01,9.3,45.1
lucknow,2023-04-02,8.1,43.3
lucknow,2023-04-03,7.6,36.9
lucknow,2023-04-04,7.2,44.1
lucknow,2023-04-05,11.8,82.8
lucknow,2023-04-06,15.6,100.2
lucknow,2023-04-07,7.8,39.0
lucknow,2023-04-08,10.6,51.1
lucknow,2023-04-09,11.1,57.7
lucknow,2023-04-10,7.3,45.2
lucknow,2023-04-11,20.1,128.5
lucknow,2023-04-12,9.9,44.7
lucknow,2023-04-13,8.6,49.7
lucknow,2023-04-14,7.9,45.6
lucknow,2023-04-15,5.2,29.1
lucknow,2023-04-16,28.4,191.3
lucknow,2023-04-17,25.3,167.1
lucknow,2023-04-18,27.2,170.9
lucknow,2023-04-19,32.0,226.7
lucknow,2023-04-20,29.5,197.6
lucknow,2023-04-21,20.3,124.7
lucknow,2023-04-22,36.4,240.2
lucknow,2023-04-23,23.1,145.5
lucknow,2023-04-24,18.5,116.0
lucknow,2023-04-25,26.3,173.2
lucknow,2023-04-26,23.2,157.5
lucknow,2023-04-27,25.1,160.7
lucknow,2023-04-28,21.8,128.5
lucknow,2023-04-29,17.7,112.5
lucknow,2023-04-30,14.0,88.3
lucknow,2023-05-01,8.4,35.7
lucknow,2023-05-02,8.0,37.1
lucknow,2023-05-03,8.6,52.8
lucknow,2023-05-04,10.2,41.1
lucknow,2023-05-05,7.1,47.0
lucknow,2023-05-06,15.9,103.6
lucknow,2023-05-07,11.7,72.3
lucknow,2023-05-08,12.9,92.7
lucknow,2023-05-09,22.1,133.9
lucknow,2023-05-10,14.2,84.3
lucknow,2023-05-11,12.6,77.8
lucknow,2023-05-12,12.9,80.1
lucknow,2023-05-13,25.9,173.1
lucknow,2023-05-14,23.9,156.3
lucknow,2023-05-15,34.2,231.9
lucknow,2023-05-16,28.6,192.9
lucknow,2023-05-17,34.5,231.0
lucknow,2023-05-18,37.5,257.3
lucknow,2023-05-19,40.9,282.1
lucknow,2023-05-20,48.6,316.7
lucknow,2023-05-21,50.9,354.6
lucknow,2023-05-22,51.1,361.1
lucknow,2023-05-23,58.5,406.2
lucknow,2023-05-24,58.9,422.9
lucknow,2023-05-25,43.0,306.9
lucknow,2023-05-26,59.0,415.9
lucknow,2023-05-27,52.2,368.1
lucknow,2023-05-28,55.4,391.1
lucknow,2023-05-29,54.6,382.9
lucknow,2023-05-30,65.2,454.7
lucknow,2023-05-31,52.8,369.2
lucknow,2023-06-01,46.6,328.4
lucknow,2023-06-02,55.7,383.9
lucknow,2023-06-03,43.7,300.5
lucknow,2023-06-04,33.7,234.5
lucknow,2023-06-05,45.3,309.3
lucknow,2023-06-06,41.4,276.7
lucknow,2023-06-07,39.1,269.2
lucknow,2023-06-08,40.5,290.7
lucknow,2023-06-09,37.2,265.3
lucknow,2023-06-10,25.5,166.2
lucknow,2023-06-11,34.8,252.3
lucknow,2023-06-12,28.3,189.8
lucknow,2023-06-13,31.1,213.8
lucknow,2023-06-14,38.9,269.3
lucknow,2023-06-15,37.1,247.8
lucknow,2023-06-16,35.9,254.0
lucknow,2023-06-17,42.2,294.0
lucknow,2023-06-18,49.1,338.4
lucknow,2023-06-19,48.1,324.2
lucknow,2023-06-20,43.7,304.1
lucknow,2023-06-21,63.0,433.6
lucknow,2023-06-22,83.5,480.0
lucknow,2023-06-23,82.8,480.0
lucknow,2023-06-24,81.8,480.0
lucknow,2023-06-25,98.0,480.0
lucknow,2023-06-26,97.9,480.0
lucknow,2023-06-27,98.0,480.0
lucknow,2023-06-28,98.0,480.0
lucknow,2024-03-01,6.5,42.3
lucknow,2024-03-02,9.7,49.0
lucknow,2024-03-03,7.4,47.3
lucknow,2024-03-04,8.3,43.2
lucknow,2024-03-05,7.0,27.3
lucknow,2024-03-06,7.8,36.6
lucknow,2024-03-07,8.3,44.3
lucknow,2024-03-08,7.8,52.5
lucknow,2024-03-09,5.5,36.5
lucknow,2024-03-10,6.5,33.7
lucknow,2024-03-11,6.1,33.9
lucknow,2024-03-12,4.3,33.8
lucknow,2024-03-13,8.8,42.8
lucknow,2024-03-14,7.1,34.7
lucknow,2024-03-15,9.0,40.1
lucknow,2024-03-16,6.1,44.0
lucknow,2024-03-17,10.1,64.3
lucknow,2024-03-18,8.7,45.1
lucknow,2024-03-19,10.6,57.5
lucknow,2024-03-20,8.3,36.3
lucknow,2024-03-21,8.3,36.6
lucknow,2024-03-22,5.6,32.7
lucknow,2024-03-23,5.5,44.3
lucknow,2024-03-24,8.5,41.0
lucknow,2024-03-25,5.9,42.1
lucknow,2024-03-26,10.5,64.3
lucknow,2024-03-27,4.2,30.1
lucknow,2024-03-28,6.3,39.8
lucknow,2024-03-29,8.7,42.1
lucknow,2024-03-30,7.3,42.2
lucknow,2024-03-31,6.0,32.4
lucknow,2024-04-01,6.5,42.6
lucknow,2024-04-02,9.4,49.5
lucknow,2024-04-03,7.7,35.0
lucknow,2024-04-04,6.4,41.3
lucknow,2024-04-05,9.1,50.3
lucknow,2024-04-06,6.3,32.3
lucknow,2024-04-07,10.8,57.2
lucknow,2024-04-08,7.7,27.8
lucknow,2024-04-09,7.4,44.1
lucknow,2024-04-10,7.0,40.9
lucknow,2024-04-11,9.7,54.7
lucknow,2024-04-12,14.6,95.2
lucknow,2024-04-13,20.2,128.8
lucknow,2024-04-14,12.4,79.9
lucknow,2024-04-15,12.3,78.2
lucknow,2024-04-16,28.1,180.0
lucknow,2024-04-17,24.6,169.0
lucknow,2024-04-18,25.9,176.5
lucknow,2024-04-19,28.1,190.3
lucknow,2024-04-20,24.9,169.8
lucknow,2024-04-21,21.0,142.1
lucknow,2024-04-22,25.8,172.2
lucknow,2024-04-23,22.5,160.5
lucknow,2024-04-24,21.7,136.9
lucknow,2024-04-25,21.2,139.8
lucknow,2024-04-26,24.1,161.5
lucknow,2024-04-27,10.1,59.8
lucknow,2024-04-28,21.1,136.8
lucknow,2024-04-29,25.6,154.2
lucknow,2024-04-30,12.1,74.1
lucknow,2024-05-01,6.3,32.3
lucknow,2024-05-02,8.6,51.7
lucknow,2024-05-03,7.2,32.1
lucknow,2024-05-04,11.2,73.1
lucknow,2024-05-05,4.1,27.4
lucknow,2024-05-06,8.1,51.7
lucknow,2024-05-07,13.0,87.6
lucknow,2024-05-08,11.1,47.6
lucknow,2024-05-09,6.9,42.4
lucknow,2024-05-10,6.4,42.8
lucknow,2024-05-11,11.2,72.6
lucknow,2024-05-12,9.0,61.3
lucknow,2024-05-13,19.5,124.6
lucknow,2024-05-14,24.8,184.9
lucknow,2024-05-15,24.9,175.7
lucknow,2024-05-16,27.2,189.3
lucknow,2024-05-17,32.5,213.7
lucknow,2024-05-18,40.0,271.6
lucknow,2024-05-19,37.7,258.6
lucknow,2024-05-20,41.8,296.0
lucknow,2024-05-21,46.3,311.2
lucknow,2024-05-22,37.9,268.0
lucknow,2024-05-23,56.3,394.5
lucknow,2024-05-24,46.6,315.7
lucknow,2024-05-25,62.6,438.5
lucknow,2024-05-26,58.9,408.8
lucknow,2024-05-27,69.4,480.0
lucknow,2024-05-28,60.7,418.8
lucknow,2024-05-29,61.8,433.0
lucknow,2024-05-30,57.9,414.2
lucknow,2024-05-31,44.0,314.0
lucknow,2024-06-01,44.9,314.8
lucknow,2024-06-02,46.7,324.6
lucknow,2024-06-03,40.4,275.4
lucknow,2024-06-04,49.5,347.7
lucknow,2024-06-05,37.8,261.6
lucknow,2024-06-06,43.7,293.4
lucknow,2024-06-07,37.7,248.8
lucknow,2024-06-08,39.0,273.4
lucknow,2024-06-09,42.7,278.5
lucknow,2024-06-10,39.5,282.7
lucknow,2024-06-11,42.6,298.3
lucknow,2024-06-12,42.0,281.6
lucknow,2024-06-13,35.1,244.5
lucknow,2024-06-14,40.6,275.6
lucknow,2024-06-15,43.3,309.1
lucknow,2024-06-16,37.7,267.2
lucknow,2024-06-17,56.9,389.2
lucknow,2024-06-18,52.8,362.8
lucknow,2024-06-19,45.5,318.0
lucknow,2024-06-20,72.3,480.0
lucknow,2024-06-21,56.2,391.6
lucknow,2024-06-22,88.3,480.0
lucknow,2024-06-23,91.0,480.0
lucknow,2024-06-24,79.9,480.0
lucknow,2024-06-25,84.2,480.0
lucknow,2024-06-26,98.0,480.0
lucknow,2024-06-27,98.0,480.0
lucknow,2024-06-28,98.0,480.0
lucknow,2025-03-01,10.0,45.3
lucknow,2025-03-02,8.2,42.8
lucknow,2025-03-03,8.6,56.9
lucknow,2025-03-04,9.0,48.0
lucknow,2025-03-05,8.2,45.8
lucknow,2025-03-06,7.0,47.7
lucknow,2025-03-07,9.2,45.5
lucknow,2025-03-08,9.6,46.8
lucknow,2025-03-09,8.6,48.6
lucknow,2025-03-10,6.3,44.9
lucknow,2025-03-11,10.7,47.3
lucknow,2025-03-12,6.5,33.1
lucknow,2025-03-13,6.6,34.1
lucknow,2025-03-14,9.0,41.0
lucknow,2025-03-15,6.6,38.8
lucknow,2025-03-16,10.0,44.3
lucknow,2025-03-17,8.8,40.8
lucknow,2025-03-18,8.1,44.6
lucknow,2025-03-19,11.2,62.3
lucknow,2025-03-20,5.0,32.9
lucknow,2025-03-21,11.4,53.3
lucknow,2025-03-22,9.5,45.3
lucknow,2025-03-23,8.3,40.5
lucknow,2025-03-24,8.3,50.7
lucknow,2025-03-25,10.0,49.1
lucknow,2025-03-26,9.1,53.7
lucknow,2025-03-27,7.7,38.2
lucknow,2025-03-28,6.1,36.2
lucknow,2025-03-29,8.5,48.8
lucknow,2025-03-30,9.1,48.9
lucknow,2025-03-31,6.1,33.1
lucknow,2025-04-01,5.6,33.8
lucknow,2025-04-02,9.7,47.3
lucknow,2025-04-03,13.6,85.9
lucknow,2025-04-04,8.0,43.5
lucknow,2025-04-05,15.8,93.3
lucknow,2025-04-06,11.9,73.3
lucknow,2025-04-07,15.3,91.0
lucknow,2025-04-08,18.3,112.2
lucknow,2025-04-09,16.8,94.8
lucknow,2025-04-10,13.2,87.1
lucknow,2025-04-11,10.0,50.8
lucknow,2025-04-12,7.5,41.4
lucknow,2025-04-13,9.5,41.5
lucknow,2025-04-14,6.6,46.9
lucknow,2025-04-15,6.0,38.6
lucknow,2025-04-16,28.9,201.0
lucknow,2025-04-17,32.6,223.1
lucknow,2025-04-18,39.1,266.5
lucknow,2025-04-19,28.0,189.1
lucknow,2025-04-20,27.1,175.4
lucknow,2025-04-21,11.4,78.8
lucknow,2025-04-22,20.2,148.2
lucknow,2025-04-23,29.3,199.7
lucknow,2025-04-24,22.5,135.6
lucknow,2025-04-25,24.0,157.3
lucknow,2025-04-26,18.1,106.1
lucknow,2025-04-27,17.4,110.5
lucknow,2025-04-28,16.5,99.0
lucknow,2025-04-29,13.2,68.4
lucknow,2025-04-30,10.3,56.8
lucknow,2025-05-01,8.8,49.4
lucknow,2025-05-02,5.7,31.0
lucknow,2025-05-03,11.9,67.4
lucknow,2025-05-04,7.6,36.1
lucknow,2025-05-05,10.3,49.4
lucknow,2025-05-06,7.5,34.7
lucknow,2025-05-07,7.0,37.9
lucknow,2025-05-08,9.5,44.0
lucknow,2025-05-09,8.8,41.8
lucknow,2025-05-10,7.6,44.4
lucknow,2025-05-11,20.0,128.0
lucknow,2025-05-12,18.9,111.1
lucknow,2025-05-13,18.9,126.3
lucknow,2025-05-14,25.8,179.9
lucknow,2025-05-15,25.4,167.6
lucknow,2025-05-16,37.0,247.1
lucknow,2025-05-17,32.4,212.1
lucknow,2025-05-18,32.3,234.0
lucknow,2025-05-19,49.2,348.1
lucknow,2025-05-20,40.6,282.6
lucknow,2025-05-21,45.7,327.6
lucknow,2025-05-22,53.6,364.4
lucknow,2025-05-23,56.5,397.7
lucknow,2025-05-24,39.0,261.9
lucknow,2025-05-25,52.0,370.0
lucknow,2025-05-26,63.6,441.2
lucknow,2025-05-27,63.2,456.6
lucknow,2025-05-28,65.9,461.9
lucknow,2025-05-29,47.4,327.9
lucknow,2025-05-30,56.3,396.2
lucknow,2025-05-31,39.2,264.3
lucknow,2025-06-01,44.9,302.4
lucknow,2025-06-02,47.3,330.7
lucknow,2025-06-03,50.4,346.7
lucknow,2025-06-04,36.5,255.3
lucknow,2025-06-05,40.6,289.9
lucknow,2025-06-06,46.2,317.7
lucknow,2025-06-07,27.2,196.3
lucknow,2025-06-08,34.0,241.4
lucknow,2025-06-09,29.1,204.2
lucknow,2025-06-10,47.1,337.8
lucknow,2025-06-11,39.4,280.2
lucknow,2025-06-12,27.8,181.4
lucknow,2025-06-13,30.8,207.6
lucknow,2025-06-14,39.5,264.5
lucknow,2025-06-15,43.5,299.1
lucknow,2025-06-16,31.6,214.5
lucknow,2025-06-17,43.0,306.2
lucknow,2025-06-18,45.2,307.3
lucknow,2025-06-19,48.0,321.3
lucknow,2025-06-20,70.5,480.0
lucknow,2025-06-21,46.7,323.0
lucknow,2025-06-22,64.2,450.7
lucknow,2025-06-23,83.0,480.0
lucknow,2025-06-24,98.0,480.0
lucknow,2025-06-25,86.9,480.0
lucknow,2025-06-26,98.0,480.0
lucknow,2025-06-27,98.0,480.0
lucknow,2025-06-28,98.0,480.0
lucknow,2026-03-01,6.4,33.2
lucknow,2026-03-02,7.7,42.1
lucknow,2026-03-03,5.5,30.4
lucknow,2026-03-04,7.8,38.2
lucknow,2026-03-05,7.9,27.6
lucknow,2026-03-06,5.6,38.2
lucknow,2026-03-07,7.3,45.7
lucknow,2026-03-08,11.0,56.6
lucknow,2026-03-09,6.6,37.5
lucknow,2026-03-10,8.1,39.0
lucknow,2026-03-11,6.7,42.9
lucknow,2026-03-12,6.0,41.9
lucknow,2026-03-13,7.9,36.6
lucknow,2026-03-14,8.8,47.5
lucknow,2026-03-15,6.8,36.3
lucknow,2026-03-16,8.6,50.0
lucknow,2026-03-17,8.0,43.8
lucknow,2026-03-18,10.0,59.6
lucknow,2026-03-19,6.9,45.5
lucknow,2026-03-20,13.8,65.0
lucknow,2026-03-21,8.9,51.7
lucknow,2026-03-22,6.5,34.6
lucknow,2026-03-23,7.6,37.1
lucknow,2026-03-24,7.7,39.4
lucknow,2026-03-25,13.8,101.1
lucknow,2026-03-26,8.1,45.1
lucknow,2026-03-27,10.0,53.6
lucknow,2026-03-28,10.2,55.7
lucknow,2026-03-29,8.7,50.1
lucknow,2026-03-30,6.0,34.1
lucknow,2026-03-31,7.6,41.2
lucknow,2026-04-01,7.6,43.1
lucknow,2026-04-02,10.0,54.0
lucknow,2026-04-03,11.0,62.9
lucknow,2026-04-04,7.9,47.5
lucknow,2026-04-05,6.7,46.5
lucknow,2026-04-06,9.7,71.5
lucknow,2026-04-07,11.3,67.2
lucknow,2026-04-08,6.8,40.9
lucknow,2026-04-09,7.4,35.9
lucknow,2026-04-10,15.3,85.9
lucknow,2026-04-11,12.1,59.8
lucknow,2026-04-12,9.1,52.0
lucknow,2026-04-13,12.7,67.4
lucknow,2026-04-14,8.6,39.9
lucknow,2026-04-15,15.3,86.9
lucknow,2026-04-16,30.9,215.6
lucknow,2026-04-17,28.2,184.6
lucknow,2026-04-18,30.0,208.7
lucknow,2026-04-19,31.9,225.9
lucknow,2026-04-20,27.7,190.3
lucknow,2026-04-21,30.2,201.2
lucknow,2026-04-22,19.0,132.5
lucknow,2026-04-23,18.6,118.3
lucknow,2026-04-24,20.9,129.4
lucknow,2026-04-25,18.9,136.7
lucknow,2026-04-26,17.5,111.7
lucknow,2026-04-27,22.0,141.8
lucknow,2026-04-28,21.0,116.5
lucknow,2026-04-29,9.2,56.4
lucknow,2026-04-30,9.5,46.6
lucknow,2026-05-01,9.0,45.4
lucknow,2026-05-02,8.5,49.2
lucknow,2026-05-03,8.1,52.7
lucknow,2026-05-04,8.8,36.1
lucknow,2026-05-05,7.3,43.4
lucknow,2026-05-06,6.0,34.1
lucknow,2026-05-07,9.0,52.6
lucknow,2026-05-08,5.4,33.0
lucknow,2026-05-09,12.2,70.8
lucknow,2026-05-10,11.5,61.5
lucknow,2026-05-11,10.1,61.9
lucknow,2026-05-12,27.3,177.3
lucknow,2026-05-13,27.2,181.8
lucknow,2026-05-14,30.7,217.7
lucknow,2026-05-15,31.7,205.6
lucknow,2026-05-16,31.0,209.5
lucknow,2026-05-17,30.4,217.0
lucknow,2026-05-18,36.5,238.3
lucknow,2026-05-19,42.9,290.0
lucknow,2026-05-20,47.2,330.7
lucknow,2026-05-21,53.5,381.6
lucknow,2026-05-22,51.3,349.7
lucknow,2026-05-23,64.0,445.1
lucknow,2026-05-24,39.8,281.2
lucknow,2026-05-25,69.0,474.5
lucknow,2026-05-26,60.4,414.7
lucknow,2026-05-27,64.0,452.5
lucknow,2026-05-28,50.4,347.9
lucknow,2026-05-29,58.9,407.0
lucknow,2026-05-30,48.2,324.6
lucknow,2026-05-31,51.8,368.6
lucknow,2026-06-01,39.2,258.3
lucknow,2026-06-02,53.5,377.0
lucknow,2026-06-03,46.3,325.7
lucknow,2026-06-04,40.3,277.4
lucknow,2026-06-05,50.2,343.7
lucknow,2026-06-06,36.5,257.0
lucknow,2026-06-07,26.6,175.4
lucknow,2026-06-08,32.0,221.5
lucknow,2026-06-09,34.1,234.8
lucknow,2026-06-10,38.2,250.1
lucknow,2026-06-11,34.0,217.1
lucknow,2026-06-12,40.3,295.8
lucknow,2026-06-13,40.5,279.7
lucknow,2026-06-14,54.5,369.2
lucknow,2026-06-15,39.5,271.1
lucknow,2026-06-16,44.5,297.5
lucknow,2026-06-17,46.4,314.9
lucknow,2026-06-18,46.3,312.1
lucknow,2026-06-19,45.2,314.1
lucknow,2026-06-20,47.7,335.9
lucknow,2026-06-21,57.6,399.6
lucknow,2026-06-22,87.1,480.0
lucknow,2026-06-23,90.3,480.0
lucknow,2026-06-24,92.3,480.0
lucknow,2026-06-25,98.0,480.0
lucknow,2026-06-26,98.0,480.0
lucknow,2026-06-27,98.0,480.0
lucknow,2026-06-28,98.0,480.0
