location_id,date,temperature,humidity,wind_speed,solar_radiation,surface_pressure,rainfall_mm,relative_humidity,heat_index,wbgt,utci,hour,day,month,day_of_year,consecutive_hot_days,temp_lag_1d,temp_lag_2d,temp_lag_3d,wbgt_lag_1d,wbgt_lag_2d,wbgt_lag_3d,cumulative_heat_exposure,population_density,elderly_percentage,outdoor_worker_percentage,children_percentage,mortality_target,hospitalization_target,is_demo_synthetic_target
ahmedabad,2022-03-01,27.3,61.0,3.0,708.1,1002.1,0.1,61.0,28.6,26.7,34.8,0.0,1.0,3.0,60.0,0.0,26.1,25.3,24.3,25.7,24.9,24.2,0.0,11200.0,8.8,21.0,10.4,5.3,30.2,False
ahmedabad,2022-03-02,28.6,54.8,2.8,693.1,1006.5,0.4,54.8,29.7,27.1,35.7,0.0,2.0,3.0,61.0,0.0,27.3,26.6,25.6,26.7,25.3,24.6,0.0,11200.0,8.8,21.0,10.4,8.4,42.2,False
ahmedabad,2022-03-03,27.2,66.1,1.8,791.9,1002.6,0.1,66.1,28.8,27.6,36.3,0.0,3.0,3.0,62.0,0.0,28.6,27.3,24.2,27.1,26.7,25.1,0.0,11200.0,8.8,21.0,10.4,10.3,52.8,False
ahmedabad,2022-03-04,26.3,59.3,3.5,785.0,1001.1,0.6,59.3,26.5,25.9,32.8,0.0,4.0,3.0,63.0,0.0,27.2,28.6,27.3,27.6,27.1,26.7,0.0,11200.0,8.8,21.0,10.4,7.4,24.5,False
ahmedabad,2022-03-05,28.2,52.8,0.9,615.1,1003.4,0.8,52.8,29.0,26.2,35.8,0.0,5.0,3.0,64.0,0.0,26.3,27.2,28.6,25.9,27.6,27.1,0.0,11200.0,8.8,21.0,10.4,8.6,52.2,False
ahmedabad,2022-03-06,27.3,58.1,4.6,750.3,999.0,0.1,58.1,28.3,26.5,33.4,0.0,6.0,3.0,65.0,0.0,28.2,26.3,27.2,26.2,25.9,27.6,0.0,11200.0,8.8,21.0,10.4,8.0,44.4,False
ahmedabad,2022-03-07,27.7,60.9,3.1,867.7,1001.1,0.1,60.9,29.1,27.8,35.3,0.0,7.0,3.0,66.0,0.0,27.3,28.2,26.3,26.5,26.2,25.9,0.0,11200.0,8.8,21.0,10.4,7.0,33.1,False
ahmedabad,2022-03-08,29.8,52.5,3.1,745.5,999.3,1.3,52.5,31.1,28.2,36.7,0.0,8.0,3.0,67.0,0.0,27.7,27.3,28.2,27.8,26.5,26.2,0.0,11200.0,8.8,21.0,10.4,8.5,55.4,False
ahmedabad,2022-03-09,26.9,59.8,3.0,681.8,1002.6,0.1,59.8,27.9,26.0,34.0,0.0,9.0,3.0,68.0,0.0,29.8,27.7,27.3,28.2,27.8,26.5,0.0,11200.0,8.8,21.0,10.4,6.8,41.6,False
ahmedabad,2022-03-10,28.5,61.4,3.8,706.3,1000.0,2.2,61.4,30.4,27.8,36.2,0.0,10.0,3.0,69.0,0.0,26.9,29.8,27.7,26.0,28.2,27.8,0.0,11200.0,8.8,21.0,10.4,10.6,47.1,False
ahmedabad,2022-03-11,26.7,62.6,1.9,719.2,998.6,0.0,62.6,27.9,26.4,34.8,0.0,11.0,3.0,70.0,0.0,28.5,26.9,29.8,27.8,26.0,28.2,0.0,11200.0,8.8,21.0,10.4,7.7,33.8,False
ahmedabad,2022-03-12,26.6,58.9,2.7,790.0,1000.4,0.5,58.9,27.5,26.2,33.6,0.0,12.0,3.0,71.0,0.0,26.7,28.5,26.9,26.4,27.8,26.0,0.0,11200.0,8.8,21.0,10.4,8.6,41.1,False
ahmedabad,2022-03-13,26.9,53.9,3.0,798.9,1002.6,0.3,53.9,27.6,26.0,33.0,0.0,13.0,3.0,72.0,0.0,26.6,26.7,28.5,26.2,26.4,27.8,0.0,11200.0,8.8,21.0,10.4,8.2,41.5,False
ahmedabad,2022-03-14,29.4,57.9,2.9,800.0,1000.2,0.9,57.9,31.4,28.7,37.4,0.0,14.0,3.0,73.0,0.0,26.9,26.6,26.7,26.0,26.2,26.4,0.0,11200.0,8.8,21.0,10.4,12.3,70.6,False
ahmedabad,2022-03-15,30.3,59.3,3.1,778.9,1003.3,0.0,59.3,33.3,29.6,39.0,0.0,15.0,3.0,74.0,0.0,29.4,26.9,26.6,28.7,26.0,26.2,0.0,11200.0,8.8,21.0,10.4,18.0,99.1,False
ahmedabad,2022-03-16,30.1,51.7,2.5,776.7,1005.2,0.7,51.7,31.5,28.5,37.4,0.0,16.0,3.0,75.0,0.0,30.3,29.4,26.9,29.6,28.7,26.0,0.0,11200.0,8.8,21.0,10.4,9.3,55.7,False
ahmedabad,2022-03-17,27.0,61.4,2.7,824.6,999.6,0.5,61.4,28.2,27.0,34.6,0.0,17.0,3.0,76.0,0.0,30.1,30.3,29.4,28.5,29.6,28.7,0.0,11200.0,8.8,21.0,10.4,8.4,46.6,False
ahmedabad,2022-03-18,27.5,46.4,2.6,750.6,1001.9,0.4,46.4,27.7,25.4,32.7,0.0,18.0,3.0,77.0,0.0,27.0,30.1,30.3,27.0,28.5,29.6,0.0,11200.0,8.8,21.0,10.4,7.1,38.5,False
ahmedabad,2022-03-19,29.2,55.2,2.3,759.7,1000.0,0.5,55.2,30.6,28.1,36.9,0.0,19.0,3.0,78.0,0.0,27.5,27.0,30.1,25.4,27.0,28.5,0.0,11200.0,8.8,21.0,10.4,9.4,54.2,False
ahmedabad,2022-03-20,27.6,61.2,1.5,820.7,999.1,1.0,61.2,29.0,27.6,36.2,0.0,20.0,3.0,79.0,0.0,29.2,27.5,27.0,28.1,25.4,27.0,0.0,11200.0,8.8,21.0,10.4,6.9,38.6,False
ahmedabad,2022-03-21,27.1,58.3,3.3,823.2,1001.0,0.8,58.3,28.1,26.7,33.9,0.0,21.0,3.0,80.0,0.0,27.6,29.2,27.5,27.6,28.1,25.4,0.0,11200.0,8.8,21.0,10.4,6.9,37.4,False
ahmedabad,2022-03-22,29.0,56.7,3.0,838.9,1000.3,0.3,56.7,30.5,28.4,36.5,0.0,22.0,3.0,81.0,0.0,27.1,27.6,29.2,26.7,27.6,28.1,0.0,11200.0,8.8,21.0,10.4,8.9,36.6,False
ahmedabad,2022-03-23,28.6,58.3,1.1,737.7,1006.4,0.1,58.3,30.1,27.8,37.4,0.0,23.0,3.0,82.0,0.0,29.0,27.1,27.6,28.4,26.7,27.6,0.0,11200.0,8.8,21.0,10.4,7.9,40.6,False
ahmedabad,2022-03-24,29.9,52.2,2.3,744.1,999.8,0.3,52.2,31.2,28.3,37.3,0.0,24.0,3.0,83.0,0.0,28.6,29.0,27.1,27.8,28.4,26.7,0.0,11200.0,8.8,21.0,10.4,10.8,47.6,False
ahmedabad,2022-03-25,26.4,63.4,2.9,787.1,998.0,0.1,63.4,27.5,26.5,33.9,0.0,25.0,3.0,84.0,0.0,29.9,28.6,29.0,28.3,27.8,28.4,0.0,11200.0,8.8,21.0,10.4,7.3,46.7,False
ahmedabad,2022-03-26,28.3,60.2,1.8,788.8,1000.1,0.7,60.2,29.9,28.0,36.9,0.0,26.0,3.0,85.0,0.0,26.4,29.9,28.6,26.5,28.3,27.8,0.0,11200.0,8.8,21.0,10.4,9.5,37.1,False
ahmedabad,2022-03-27,29.3,52.8,2.7,780.9,1003.3,0.2,52.8,30.4,28.0,36.3,0.0,27.0,3.0,86.0,0.0,28.3,26.4,29.9,28.0,26.5,28.3,0.0,11200.0,8.8,21.0,10.4,7.1,37.9,False
ahmedabad,2022-03-28,27.4,61.6,2.3,709.6,1001.3,0.6,61.6,28.7,26.9,35.5,0.0,28.0,3.0,87.0,0.0,29.3,28.3,26.4,28.0,28.0,26.5,0.0,11200.0,8.8,21.0,10.4,9.7,41.5,False
ahmedabad,2022-03-29,29.4,58.4,1.0,801.3,999.7,0.2,58.4,31.5,28.9,38.8,0.0,29.0,3.0,88.0,0.0,27.4,29.3,28.3,26.9,28.0,28.0,0.0,11200.0,8.8,21.0,10.4,12.2,75.6,False
ahmedabad,2022-03-30,30.4,53.6,1.8,807.7,1001.7,0.8,53.6,32.3,29.2,38.7,0.0,30.0,3.0,89.0,0.0,29.4,27.4,29.3,28.9,26.9,28.0,0.0,11200.0,8.8,21.0,10.4,11.7,76.0,False
ahmedabad,2022-03-31,28.4,59.3,0.5,927.5,1001.6,0.4,59.3,30.0,28.8,37.7,0.0,31.0,3.0,90.0,0.0,30.4,29.4,27.4,29.2,28.9,26.9,0.0,11200.0,8.8,21.0,10.4,13.0,72.1,False
ahmedabad,2022-04-01,29.1,53.6,2.8,787.9,1001.0,0.2,53.6,30.3,27.9,36.1,0.0,1.0,4.0,91.0,0.0,28.4,30.4,29.4,28.8,29.2,28.9,0.0,11200.0,8.8,21.0,10.4,7.3,32.0,False
ahmedabad,2022-04-02,29.0,49.8,2.7,801.5,1000.7,0.0,49.8,29.6,27.4,35.3,0.0,2.0,4.0,92.0,0.0,29.1,28.4,30.4,27.9,28.8,29.2,0.0,11200.0,8.8,21.0,10.4,7.6,40.1,False
ahmedabad,2022-04-03,30.4,64.8,3.4,782.3,999.4,0.2,64.8,34.7,30.3,40.1,0.0,3.0,4.0,93.0,0.0,29.0,29.1,28.4,27.4,27.9,28.8,0.0,11200.0,8.8,21.0,10.4,19.0,129.0,False
ahmedabad,2022-04-04,28.6,61.0,3.3,875.4,998.6,0.1,61.0,30.5,28.7,36.6,0.0,4.0,4.0,94.0,0.0,30.4,29.0,29.1,30.3,27.4,27.9,0.0,11200.0,8.8,21.0,10.4,12.9,70.8,False
ahmedabad,2022-04-05,29.8,56.1,2.2,845.8,999.9,0.5,56.1,31.7,29.2,38.1,0.0,5.0,4.0,95.0,0.0,28.6,30.4,29.0,28.7,30.3,27.4,0.0,11200.0,8.8,21.0,10.4,13.7,79.7,False
ahmedabad,2022-04-06,28.9,56.2,1.6,809.5,996.8,0.7,56.2,30.3,28.2,37.1,0.0,6.0,4.0,96.0,0.0,29.8,28.6,30.4,29.2,28.7,30.3,0.0,11200.0,8.8,21.0,10.4,7.8,42.4,False
ahmedabad,2022-04-07,29.9,49.6,1.3,830.7,999.3,0.6,49.6,30.8,28.4,37.4,0.0,7.0,4.0,97.0,0.0,28.9,29.8,28.6,28.2,29.2,28.7,0.0,11200.0,8.8,21.0,10.4,9.8,50.0,False
ahmedabad,2022-04-08,29.9,51.9,2.1,879.6,1001.8,0.4,51.9,31.2,28.9,37.4,0.0,8.0,4.0,98.0,0.0,29.9,28.9,29.8,28.4,28.2,29.2,0.0,11200.0,8.8,21.0,10.4,13.6,77.3,False
ahmedabad,2022-04-09,28.6,58.8,3.3,859.5,1000.8,1.1,58.8,30.2,28.4,36.1,0.0,9.0,4.0,99.0,0.0,29.9,29.9,28.9,28.9,28.4,28.2,0.0,11200.0,8.8,21.0,10.4,13.1,69.2,False
ahmedabad,2022-04-10,30.4,60.1,2.9,791.6,999.1,0.3,60.1,33.6,29.9,39.5,0.0,10.0,4.0,100.0,0.0,28.6,29.9,29.9,28.4,28.9,28.4,0.0,11200.0,8.8,21.0,10.4,19.2,117.1,False
ahmedabad,2022-04-11,28.9,56.4,2.3,925.6,1001.7,0.5,56.4,30.3,28.7,36.7,0.0,11.0,4.0,101.0,0.0,30.4,28.6,29.9,29.9,28.4,28.9,0.0,11200.0,8.8,21.0,10.4,12.1,74.8,False
ahmedabad,2022-04-12,30.0,59.9,3.3,750.0,1001.1,0.0,59.9,32.8,29.2,38.5,0.0,12.0,4.0,102.0,0.0,28.9,30.4,28.6,28.7,29.9,28.4,0.0,11200.0,8.8,21.0,10.4,14.7,100.4,False
ahmedabad,2022-04-13,31.3,48.0,3.1,872.9,999.0,0.1,48.0,32.7,29.6,37.9,0.0,13.0,4.0,103.0,0.0,30.0,28.9,30.4,29.2,28.7,29.9,0.0,11200.0,8.8,21.0,10.4,17.5,113.7,False
ahmedabad,2022-04-14,31.0,57.4,2.8,753.9,999.4,1.7,57.4,34.2,29.9,39.9,0.0,14.0,4.0,104.0,0.0,31.3,30.0,28.9,29.6,29.2,28.7,0.0,11200.0,8.8,21.0,10.4,20.4,118.2,False
ahmedabad,2022-04-15,30.2,56.8,2.4,865.0,999.0,1.1,56.8,32.6,29.7,38.7,0.0,15.0,4.0,105.0,0.0,31.0,31.3,30.0,29.9,29.6,29.2,0.0,11200.0,8.8,21.0,10.4,16.7,105.4,False
ahmedabad,2022-04-16,33.4,54.4,2.3,899.3,1002.8,0.2,54.4,38.5,32.5,43.4,0.0,16.0,4.0,106.0,0.0,30.2,31.0,31.3,29.7,29.9,29.6,0.0,11200.0,8.8,21.0,10.4,33.0,210.9,False
ahmedabad,2022-04-17,33.6,51.4,0.7,802.8,1001.9,0.4,51.4,38.0,31.9,44.1,0.0,17.0,4.0,107.0,0.0,33.4,30.2,31.0,32.5,29.7,29.9,0.0,11200.0,8.8,21.0,10.4,28.0,195.7,False
ahmedabad,2022-04-18,34.9,47.1,3.0,911.8,999.2,0.5,47.1,39.4,32.9,43.1,0.0,18.0,4.0,108.0,0.0,33.6,33.4,30.2,31.9,32.5,29.7,0.0,11200.0,8.8,21.0,10.4,35.4,253.0,False
ahmedabad,2022-04-19,35.2,44.5,2.3,787.8,994.7,0.0,44.5,39.1,32.2,43.2,0.0,19.0,4.0,109.0,0.0,34.9,33.6,33.4,32.9,31.9,32.5,0.0,11200.0,8.8,21.0,10.4,32.5,229.0,False
ahmedabad,2022-04-20,35.3,43.7,2.2,810.7,995.9,0.1,43.7,39.0,32.3,43.2,0.0,20.0,4.0,110.0,0.0,35.2,34.9,33.6,32.2,32.9,31.9,0.0,11200.0,8.8,21.0,10.4,31.5,218.6,False
ahmedabad,2022-04-21,35.5,45.5,3.5,826.3,998.8,2.0,45.5,40.1,32.8,43.1,0.0,21.0,4.0,111.0,0.0,35.3,35.2,34.9,32.3,32.2,32.9,0.0,11200.0,8.8,21.0,10.4,37.2,246.1,False
ahmedabad,2022-04-22,33.9,48.2,2.6,811.1,995.2,1.5,48.2,37.6,31.7,42.2,0.0,22.0,4.0,112.0,0.0,35.5,35.3,35.2,32.8,32.3,32.2,0.0,11200.0,8.8,21.0,10.4,31.8,198.6,False
ahmedabad,2022-04-23,33.7,43.1,2.3,714.8,996.0,0.4,43.1,35.7,30.3,40.6,0.0,23.0,4.0,113.0,0.0,33.9,35.5,35.3,31.7,32.8,32.3,0.0,11200.0,8.8,21.0,10.4,19.5,126.5,False
ahmedabad,2022-04-24,34.3,48.6,1.5,902.7,1000.8,1.7,48.6,38.6,32.6,43.8,0.0,24.0,4.0,114.0,0.0,33.7,33.9,35.5,30.3,31.7,32.8,0.0,11200.0,8.8,21.0,10.4,34.5,229.8,False
ahmedabad,2022-04-25,33.5,47.9,2.5,828.8,996.0,0.5,47.9,36.7,31.4,41.5,0.0,25.0,4.0,115.0,0.0,34.3,33.7,33.9,32.6,30.3,31.7,0.0,11200.0,8.8,21.0,10.4,29.5,188.6,False
ahmedabad,2022-04-26,32.5,44.5,2.4,802.7,1000.9,2.3,44.5,34.0,29.9,39.2,0.0,26.0,4.0,116.0,0.0,33.5,34.3,33.7,31.4,32.6,30.3,0.0,11200.0,8.8,21.0,10.4,20.4,123.8,False
ahmedabad,2022-04-27,29.7,52.8,1.0,866.5,1000.8,1.1,52.8,31.0,28.8,38.0,0.0,27.0,4.0,117.0,0.0,32.5,33.5,34.3,29.9,31.4,32.6,0.0,11200.0,8.8,21.0,10.4,13.3,75.0,False
ahmedabad,2022-04-28,29.7,51.0,3.1,847.6,998.8,1.0,51.0,30.8,28.4,36.3,0.0,28.0,4.0,118.0,0.0,29.7,32.5,33.5,28.8,29.9,31.4,0.0,11200.0,8.8,21.0,10.4,9.9,49.8,False
ahmedabad,2022-04-29,30.0,47.4,1.5,855.5,999.5,0.4,47.4,30.7,28.4,36.9,0.0,29.0,4.0,119.0,0.0,29.7,29.7,32.5,28.4,28.8,29.9,0.0,11200.0,8.8,21.0,10.4,10.5,59.7,False
ahmedabad,2022-04-30,28.8,55.9,3.0,772.2,999.4,1.1,55.9,30.1,27.8,36.1,0.0,30.0,4.0,120.0,0.0,30.0,29.7,29.7,28.4,28.4,28.8,0.0,11200.0,8.8,21.0,10.4,8.5,50.8,False
ahmedabad,2022-05-01,29.7,62.4,4.1,765.0,999.4,0.0,62.4,32.7,29.3,38.0,0.0,1.0,5.0,121.0,0.0,28.8,30.0,29.7,27.8,28.4,28.4,0.0,11200.0,8.8,21.0,10.4,17.0,111.3,False
ahmedabad,2022-05-02,29.3,58.1,2.6,817.7,995.3,1.2,58.1,31.2,28.8,37.5,0.0,2.0,5.0,122.0,0.0,29.7,28.8,30.0,29.3,27.8,28.4,0.0,11200.0,8.8,21.0,10.4,11.7,72.9,False
ahmedabad,2022-05-03,27.9,56.2,2.4,791.2,997.2,0.6,56.2,28.9,27.1,35.2,0.0,3.0,5.0,123.0,0.0,29.3,29.7,28.8,28.8,29.3,27.8,0.0,11200.0,8.8,21.0,10.4,7.2,38.7,False
ahmedabad,2022-05-04,30.0,57.0,2.7,860.6,999.6,0.4,57.0,32.3,29.5,38.3,0.0,4.0,5.0,124.0,0.0,27.9,29.3,29.7,27.1,28.8,29.3,0.0,11200.0,8.8,21.0,10.4,16.9,103.7,False
ahmedabad,2022-05-05,27.9,59.1,1.7,975.3,998.1,0.0,59.1,29.2,28.4,36.1,0.0,5.0,5.0,125.0,0.0,30.0,27.9,29.3,29.5,27.1,28.8,0.0,11200.0,8.8,21.0,10.4,10.5,51.3,False
ahmedabad,2022-05-06,28.9,58.7,3.8,830.5,995.5,0.3,58.7,30.7,28.5,36.3,0.0,6.0,5.0,126.0,0.0,27.9,30.0,27.9,28.4,29.5,27.1,0.0,11200.0,8.8,21.0,10.4,12.4,65.5,False
ahmedabad,2022-05-07,28.3,54.9,3.0,859.1,997.0,0.0,54.9,29.3,27.7,35.1,0.0,7.0,5.0,127.0,0.0,28.9,27.9,30.0,28.5,28.4,29.5,0.0,11200.0,8.8,21.0,10.4,8.6,43.9,False
ahmedabad,2022-05-08,30.0,58.4,2.8,886.0,995.4,0.9,58.4,32.5,29.8,38.5,0.0,8.0,5.0,128.0,0.0,28.3,28.9,27.9,27.7,28.5,28.4,0.0,11200.0,8.8,21.0,10.4,18.4,112.5,False
ahmedabad,2022-05-09,29.4,58.4,2.0,843.8,1000.7,0.9,58.4,31.5,29.1,38.1,0.0,9.0,5.0,129.0,0.0,30.0,28.3,28.9,29.8,27.7,28.5,0.0,11200.0,8.8,21.0,10.4,15.8,92.0,False
ahmedabad,2022-05-10,30.4,53.6,3.1,882.9,1003.1,0.1,53.6,32.3,29.5,37.9,0.0,10.0,5.0,130.0,0.0,29.4,30.0,28.3,29.1,29.8,27.7,0.0,11200.0,8.8,21.0,10.4,15.3,97.4,False
ahmedabad,2022-05-11,29.4,56.4,1.8,810.0,998.5,0.3,56.4,31.1,28.7,37.8,0.0,11.0,5.0,131.0,0.0,30.4,29.4,30.0,29.5,29.1,29.8,0.0,11200.0,8.8,21.0,10.4,12.6,61.5,False
ahmedabad,2022-05-12,31.7,52.5,3.1,918.7,997.4,0.7,52.5,34.4,30.8,39.6,0.0,12.0,5.0,132.0,0.0,29.4,30.4,29.4,28.7,29.5,29.1,0.0,11200.0,8.8,21.0,10.4,23.6,148.5,False
ahmedabad,2022-05-13,32.0,47.4,2.7,940.1,996.4,0.4,47.4,33.8,30.5,39.0,0.0,13.0,5.0,133.0,0.0,31.7,29.4,30.4,30.8,28.7,29.5,0.0,11200.0,8.8,21.0,10.4,20.2,125.9,False
ahmedabad,2022-05-14,33.3,50.1,2.7,851.0,997.9,0.2,50.1,36.9,31.6,41.7,0.0,14.0,5.0,134.0,0.0,32.0,31.7,29.4,30.5,30.8,28.7,0.0,11200.0,8.8,21.0,10.4,28.7,192.8,False
ahmedabad,2022-05-15,34.4,49.4,2.0,834.9,993.3,0.0,49.4,39.1,32.4,43.8,0.0,15.0,5.0,135.0,0.0,33.3,32.0,31.7,31.6,30.5,30.8,0.0,11200.0,8.8,21.0,10.4,33.4,217.8,False
ahmedabad,2022-05-16,33.2,48.5,3.3,859.8,996.5,0.1,48.5,36.3,31.3,40.7,0.0,16.0,5.0,136.0,0.0,34.4,33.3,32.0,32.4,31.6,30.5,0.0,11200.0,8.8,21.0,10.4,27.9,180.2,False
ahmedabad,2022-05-17,35.7,50.5,4.4,792.9,1000.6,0.8,50.5,42.6,33.4,44.4,0.0,17.0,5.0,137.0,0.0,33.2,34.4,33.3,31.3,32.4,31.6,0.0,11200.0,8.8,21.0,10.4,36.5,252.2,False
ahmedabad,2022-05-18,36.8,40.5,2.4,900.0,998.8,0.1,40.5,41.0,33.6,44.2,0.0,18.0,5.0,138.0,0.0,35.7,33.2,34.4,33.4,31.3,32.4,0.0,11200.0,8.8,21.0,10.4,39.9,263.9,False
ahmedabad,2022-05-19,38.0,43.1,0.6,852.9,998.7,0.3,43.1,44.9,34.9,48.8,0.0,19.0,5.0,139.0,0.0,36.8,35.7,33.2,33.6,33.4,31.3,0.0,11200.0,8.8,21.0,10.4,50.7,327.6,False
ahmedabad,2022-05-20,37.7,45.1,3.0,931.2,1001.6,0.3,45.1,45.1,35.2,46.9,0.0,20.0,5.0,140.0,0.0,38.0,36.8,35.7,34.9,33.6,33.4,0.0,11200.0,8.8,21.0,10.4,48.7,333.8,False
ahmedabad,2022-05-21,37.8,52.1,2.8,918.8,997.4,0.4,52.1,49.2,36.3,50.1,0.0,21.0,5.0,141.0,0.0,37.7,38.0,36.8,35.2,34.9,33.6,0.0,11200.0,8.8,21.0,10.4,53.9,368.3,False
ahmedabad,2022-05-22,40.0,42.6,3.3,886.0,996.7,0.0,42.6,49.8,36.6,49.5,0.0,22.0,5.0,142.0,1.0,37.8,37.7,38.0,36.3,35.2,34.9,5.0,11200.0,8.8,21.0,10.4,63.1,451.7,False
ahmedabad,2022-05-23,40.1,36.0,2.1,865.0,994.9,0.0,36.0,46.3,35.5,47.7,0.0,23.0,5.0,143.0,2.0,40.0,37.8,37.7,36.6,36.3,35.2,10.2,11200.0,8.8,21.0,10.4,60.8,421.1,False
ahmedabad,2022-05-24,39.6,37.6,1.2,991.1,1000.3,0.0,37.6,46.0,36.0,48.5,0.0,24.0,5.0,144.0,0.0,40.1,40.0,37.8,35.5,36.6,36.3,0.0,11200.0,8.8,21.0,10.4,57.3,402.5,False
ahmedabad,2022-05-25,40.6,43.9,1.8,946.3,996.7,0.0,43.9,52.4,37.7,52.8,0.0,25.0,5.0,145.0,1.0,39.6,40.1,40.0,36.0,35.5,36.6,5.6,11200.0,8.8,21.0,10.4,71.8,480.0,False
ahmedabad,2022-05-26,41.6,48.0,1.5,928.3,996.9,0.0,48.0,58.6,39.2,57.3,0.0,26.0,5.0,146.0,2.0,40.6,39.6,40.1,37.7,36.0,35.5,13.2,11200.0,8.8,21.0,10.4,89.2,480.0,False
ahmedabad,2022-05-27,39.0,38.4,2.6,862.9,999.0,0.0,38.4,45.0,34.9,46.6,0.0,27.0,5.0,147.0,0.0,41.6,40.6,39.6,39.2,37.7,36.0,0.0,11200.0,8.8,21.0,10.4,51.7,353.6,False
ahmedabad,2022-05-28,41.8,39.0,1.5,964.8,996.4,0.0,39.0,52.4,38.0,52.7,0.0,28.0,5.0,148.0,1.0,39.0,41.6,40.6,34.9,39.2,37.7,6.8,11200.0,8.8,21.0,10.4,81.4,480.0,False
ahmedabad,2022-05-29,40.5,33.3,1.8,964.5,997.2,0.0,33.3,45.8,35.8,47.2,0.0,29.0,5.0,149.0,2.0,41.8,39.0,41.6,38.0,34.9,39.2,11.0,11200.0,8.8,21.0,10.4,65.3,458.4,False
ahmedabad,2022-05-30,40.4,40.5,2.3,884.4,999.2,0.0,40.5,49.6,36.6,50.2,0.0,30.0,5.0,150.0,3.0,40.5,41.8,39.0,35.8,38.0,34.9,16.2,11200.0,8.8,21.0,10.4,72.2,480.0,False
ahmedabad,2022-05-31,40.5,38.7,1.8,863.7,995.5,0.0,38.7,48.8,36.3,49.9,0.0,31.0,5.0,151.0,4.0,40.4,40.5,41.8,36.6,35.8,38.0,22.0,11200.0,8.8,21.0,10.4,71.9,480.0,False
ahmedabad,2022-06-01,38.2,43.5,2.0,890.3,994.4,0.0,43.5,45.6,35.2,48.0,0.0,1.0,6.0,152.0,0.0,40.5,40.4,40.5,36.3,36.6,35.8,0.0,11200.0,8.8,21.0,10.4,48.4,332.6,False
ahmedabad,2022-06-02,39.1,42.2,1.5,959.2,997.8,0.0,42.2,47.2,36.2,49.5,0.0,2.0,6.0,153.0,0.0,38.2,40.5,40.4,35.2,36.3,36.6,0.0,11200.0,8.8,21.0,10.4,58.0,400.6,False
ahmedabad,2022-06-03,37.6,44.5,2.9,819.3,996.2,0.0,44.5,44.6,34.5,46.6,0.0,3.0,6.0,154.0,0.0,39.1,38.2,40.5,36.2,35.2,36.3,0.0,11200.0,8.8,21.0,10.4,43.7,305.9,False
ahmedabad,2022-06-04,37.4,39.9,1.7,893.5,996.6,0.2,39.9,42.0,34.0,45.5,0.0,4.0,6.0,155.0,0.0,37.6,39.1,38.2,34.5,36.2,35.2,0.0,11200.0,8.8,21.0,10.4,40.9,283.6,False
ahmedabad,2022-06-05,36.1,47.6,1.1,881.9,996.5,2.3,47.6,42.3,34.0,46.8,0.0,5.0,6.0,156.0,0.0,37.4,37.6,39.1,34.0,34.5,36.2,0.0,11200.0,8.8,21.0,10.4,43.9,289.7,False
ahmedabad,2022-06-06,36.3,48.0,0.5,968.5,995.3,1.0,48.0,43.0,34.7,47.9,0.0,6.0,6.0,157.0,0.0,36.1,37.4,37.6,34.0,34.0,34.5,0.0,11200.0,8.8,21.0,10.4,45.5,316.1,False
ahmedabad,2022-06-07,35.8,49.9,1.2,868.1,993.5,1.6,49.9,42.6,34.0,47.0,0.0,7.0,6.0,158.0,0.0,36.3,36.1,37.4,34.7,34.0,34.0,0.0,11200.0,8.8,21.0,10.4,41.0,276.9,False
ahmedabad,2022-06-08,35.8,43.5,2.5,903.2,996.4,0.3,43.5,40.0,33.2,43.7,0.0,8.0,6.0,159.0,0.0,35.8,36.3,36.1,34.0,34.7,34.0,0.0,11200.0,8.8,21.0,10.4,39.0,255.4,False
ahmedabad,2022-06-09,35.4,53.3,1.5,860.4,994.8,0.1,53.3,43.1,34.0,47.3,0.0,9.0,6.0,160.0,0.0,35.8,35.8,36.3,33.2,34.0,34.7,0.0,11200.0,8.8,21.0,10.4,41.3,280.4,False
ahmedabad,2022-06-10,37.6,45.4,2.5,892.1,998.0,0.1,45.4,45.0,35.0,47.3,0.0,10.0,6.0,161.0,0.0,35.4,35.8,35.8,34.0,33.2,34.0,0.0,11200.0,8.8,21.0,10.4,45.5,324.7,False
ahmedabad,2022-06-11,36.5,45.3,3.6,844.4,994.2,0.5,45.3,42.3,33.7,44.5,0.0,11.0,6.0,162.0,0.0,37.6,35.4,35.8,35.0,34.0,33.2,0.0,11200.0,8.8,21.0,10.4,36.5,263.3,False
ahmedabad,2022-06-12,34.3,50.4,2.3,890.2,997.2,1.2,50.4,39.2,32.7,43.7,0.0,12.0,6.0,163.0,0.0,36.5,37.6,35.4,33.7,35.0,34.0,0.0,11200.0,8.8,21.0,10.4,31.4,221.1,False
ahmedabad,2022-06-13,34.8,46.2,2.9,927.9,995.1,0.5,46.2,38.8,32.8,42.7,0.0,13.0,6.0,164.0,0.0,34.3,36.5,37.6,32.7,33.7,35.0,0.0,11200.0,8.8,21.0,10.4,34.8,238.3,False
ahmedabad,2022-06-14,35.9,40.8,2.3,954.3,995.4,0.2,40.8,39.2,33.1,43.1,0.0,14.0,6.0,165.0,0.0,34.8,34.3,36.5,32.8,32.7,33.7,0.0,11200.0,8.8,21.0,10.4,35.4,245.1,False
ahmedabad,2022-06-15,36.3,37.6,2.0,867.7,996.8,0.3,37.6,38.9,32.5,42.7,0.0,15.0,6.0,166.0,0.0,35.9,34.8,34.3,33.1,32.8,32.7,0.0,11200.0,8.8,21.0,10.4,31.3,214.3,False
ahmedabad,2022-06-16,34.8,42.0,2.2,862.6,998.2,0.0,42.0,37.4,31.9,41.9,0.0,16.0,6.0,167.0,0.0,36.3,35.9,34.8,32.5,33.1,32.8,0.0,11200.0,8.8,21.0,10.4,30.9,198.7,False
ahmedabad,2022-06-17,37.8,48.0,2.8,927.0,995.4,0.2,48.0,46.9,35.7,48.4,0.0,17.0,6.0,168.0,0.0,34.8,36.3,35.9,31.9,32.5,33.1,0.0,11200.0,8.8,21.0,10.4,49.8,343.7,False
ahmedabad,2022-06-18,37.4,44.8,3.1,965.7,996.3,0.0,44.8,44.2,35.1,46.2,0.0,18.0,6.0,169.0,0.0,37.8,34.8,36.3,35.7,31.9,32.5,0.0,11200.0,8.8,21.0,10.4,47.4,316.1,False
ahmedabad,2022-06-19,38.9,42.1,3.9,877.9,998.5,0.0,42.1,46.6,35.5,46.9,0.0,19.0,6.0,170.0,0.0,37.4,37.8,34.8,35.1,35.7,31.9,0.0,11200.0,8.8,21.0,10.4,55.1,370.3,False
ahmedabad,2022-06-20,39.9,36.0,2.3,933.2,997.8,0.0,36.0,45.8,35.6,47.2,0.0,20.0,6.0,171.0,0.0,38.9,37.4,37.8,35.5,35.1,35.7,0.0,11200.0,8.8,21.0,10.4,59.0,399.7,False
ahmedabad,2022-06-21,39.0,41.4,2.7,949.1,995.7,0.0,41.4,46.5,35.9,47.8,0.0,21.0,6.0,172.0,0.0,39.9,38.9,37.4,35.6,35.5,35.1,0.0,11200.0,8.8,21.0,10.4,55.8,392.9,False
ahmedabad,2022-06-22,42.3,35.1,2.1,929.8,999.6,0.0,35.1,51.1,37.5,50.8,0.0,22.0,6.0,173.0,1.0,39.0,39.9,38.9,35.9,35.6,35.5,7.3,11200.0,8.8,21.0,10.4,78.9,480.0,False
ahmedabad,2022-06-23,42.3,40.9,4.1,962.5,996.5,0.0,40.9,55.2,38.7,52.0,0.0,23.0,6.0,174.0,2.0,42.3,39.0,39.9,37.5,35.9,35.6,14.6,11200.0,8.8,21.0,10.4,88.0,480.0,False
ahmedabad,2022-06-24,44.4,33.9,2.8,906.1,995.5,0.0,33.9,55.7,38.9,52.9,0.0,24.0,6.0,175.0,3.0,42.3,42.3,39.0,38.7,37.5,35.9,28.2,11200.0,8.8,21.0,10.4,98.0,480.0,False
ahmedabad,2022-06-25,44.1,42.2,2.8,879.5,995.9,0.0,42.2,61.9,40.1,57.7,0.0,25.0,6.0,176.0,4.0,44.4,42.3,42.3,38.9,38.7,37.5,36.4,11200.0,8.8,21.0,10.4,98.0,480.0,False
ahmedabad,2022-06-26,46.9,32.5,2.9,953.3,993.4,0.0,32.5,61.4,40.9,56.2,0.0,26.0,6.0,177.0,5.0,44.1,44.4,42.3,40.1,38.9,38.7,59.5,11200.0,8.8,21.0,10.4,98.0,480.0,False
ahmedabad,2022-06-27,45.0,22.4,2.3,939.6,996.4,0.0,22.4,48.7,36.9,46.4,0.0,27.0,6.0,178.0,6.0,46.9,44.1,44.4,40.9,40.1,38.9,60.0,11200.0,8.8,21.0,10.4,98.0,480.0,False
ahmedabad,2022-06-28,46.9,34.4,1.3,973.6,997.3,0.0,34.4,63.3,41.5,59.7,0.0,28.0,6.0,179.0,7.0,45.0,46.9,44.1,36.9,40.9,40.1,83.3,11200.0,8.8,21.0,10.4,98.0,480.0,False
ahmedabad,2023-03-01,26.9,57.0,3.1,719.3,1000.3,0.4,57.0,27.8,25.9,33.5,0.0,1.0,3.0,60.0,0.0,46.9,45.0,46.9,41.5,36.9,40.9,0.0,11200.0,8.8,21.0,10.4,7.5,37.6,False
ahmedabad,2023-03-02,28.1,57.0,2.0,768.2,1005.2,0.8,57.0,29.3,27.3,35.8,0.0,2.0,3.0,61.0,0.0,26.9,46.9,45.0,25.9,41.5,36.9,0.0,11200.0,8.8,21.0,10.4,8.1,54.1,False
ahmedabad,2023-03-03,26.6,58.7,1.5,801.0,1005.3,0.3,58.7,27.5,26.3,34.2,0.0,3.0,3.0,62.0,0.0,28.1,26.9,46.9,27.3,25.9,41.5,0.0,11200.0,8.8,21.0,10.4,10.9,49.2,False
ahmedabad,2023-03-04,28.4,64.2,0.6,811.3,1003.1,0.3,64.2,30.6,28.7,38.7,0.0,4.0,3.0,63.0,0.0,26.6,28.1,26.9,26.3,27.3,25.9,0.0,11200.0,8.8,21.0,10.4,10.8,67.4,False
ahmedabad,2023-03-05,27.5,61.3,2.4,684.1,1002.0,1.3,61.3,28.9,26.8,35.5,0.0,5.0,3.0,64.0,0.0,28.4,26.6,28.1,28.7,26.3,27.3,0.0,11200.0,8.8,21.0,10.4,10.0,39.3,False
ahmedabad,2023-03-06,24.5,64.1,2.3,778.2,1001.2,1.2,64.1,24.7,24.7,31.6,0.0,6.0,3.0,65.0,0.0,27.5,28.4,26.6,26.8,28.7,26.3,0.0,11200.0,8.8,21.0,10.4,8.4,46.2,False
ahmedabad,2023-03-07,28.8,59.6,2.7,710.1,1001.7,0.1,59.6,30.6,27.9,37.0,0.0,7.0,3.0,66.0,0.0,24.5,27.5,28.4,24.7,26.8,28.7,0.0,11200.0,8.8,21.0,10.4,7.6,37.5,False
ahmedabad,2023-03-08,26.6,68.0,1.6,762.0,1000.0,0.1,68.0,28.1,27.1,35.8,0.0,8.0,3.0,67.0,0.0,28.8,24.5,27.5,27.9,24.7,26.8,0.0,11200.0,8.8,21.0,10.4,11.2,57.9,False
ahmedabad,2023-03-09,29.4,57.5,3.4,727.1,1000.3,0.5,57.5,31.3,28.3,37.0,0.0,9.0,3.0,68.0,0.0,26.6,28.8,24.5,27.1,27.9,24.7,0.0,11200.0,8.8,21.0,10.4,5.9,32.1,False
ahmedabad,2023-03-10,28.7,57.8,2.9,748.0,999.8,0.4,57.8,30.2,27.8,36.3,0.0,10.0,3.0,69.0,0.0,29.4,26.6,28.8,28.3,27.1,27.9,0.0,11200.0,8.8,21.0,10.4,9.0,43.5,False
ahmedabad,2023-03-11,27.9,60.0,2.3,761.5,1001.1,0.6,60.0,29.3,27.4,35.9,0.0,11.0,3.0,70.0,0.0,28.7,29.4,26.6,27.8,28.3,27.1,0.0,11200.0,8.8,21.0,10.4,9.8,46.9,False
ahmedabad,2023-03-12,28.6,57.4,1.4,777.5,1000.6,0.4,57.4,30.0,27.9,37.0,0.0,12.0,3.0,71.0,0.0,27.9,28.7,29.4,27.4,27.8,28.3,0.0,11200.0,8.8,21.0,10.4,9.9,48.6,False
ahmedabad,2023-03-13,27.3,48.8,2.4,753.7,1002.2,0.2,48.8,27.6,25.6,33.0,0.0,13.0,3.0,72.0,0.0,28.6,27.9,28.7,27.9,27.4,27.8,0.0,11200.0,8.8,21.0,10.4,8.1,51.6,False
ahmedabad,2023-03-14,27.4,58.7,1.5,802.3,1002.1,0.5,58.7,28.5,27.1,35.4,0.0,14.0,3.0,73.0,0.0,27.3,28.6,27.9,25.6,27.9,27.4,0.0,11200.0,8.8,21.0,10.4,7.2,40.2,False
ahmedabad,2023-03-15,27.2,62.7,2.6,788.3,999.7,0.3,62.7,28.6,27.2,35.2,0.0,15.0,3.0,74.0,0.0,27.4,27.3,28.6,27.1,25.6,27.9,0.0,11200.0,8.8,21.0,10.4,9.4,53.0,False
ahmedabad,2023-03-16,28.6,55.8,2.9,778.7,1003.9,0.3,55.8,29.8,27.6,35.8,0.0,16.0,3.0,75.0,0.0,27.2,27.4,27.3,27.2,27.1,25.6,0.0,11200.0,8.8,21.0,10.4,9.5,38.0,False
ahmedabad,2023-03-17,27.4,65.2,3.7,823.6,1000.8,1.0,65.2,29.1,27.8,35.3,0.0,17.0,3.0,76.0,0.0,28.6,27.2,27.4,27.6,27.2,27.1,0.0,11200.0,8.8,21.0,10.4,8.5,34.7,False
ahmedabad,2023-03-18,27.8,57.9,1.2,764.6,1002.9,0.7,57.9,28.9,27.2,36.0,0.0,18.0,3.0,77.0,0.0,27.4,28.6,27.2,27.8,27.6,27.2,0.0,11200.0,8.8,21.0,10.4,8.3,37.7,False
ahmedabad,2023-03-19,28.1,51.9,2.1,708.2,1002.5,0.1,51.9,28.7,26.4,34.8,0.0,19.0,3.0,78.0,0.0,27.8,27.4,28.6,27.2,27.8,27.6,0.0,11200.0,8.8,21.0,10.4,9.5,47.5,False
ahmedabad,2023-03-20,28.9,56.8,0.6,840.7,1005.2,0.3,56.8,30.4,28.5,37.9,0.0,20.0,3.0,79.0,0.0,28.1,27.8,27.4,26.4,27.2,27.8,0.0,11200.0,8.8,21.0,10.4,9.1,55.3,False
ahmedabad,2023-03-21,28.4,62.8,2.8,758.4,999.1,0.4,62.8,30.4,28.1,36.9,0.0,21.0,3.0,80.0,0.0,28.9,28.1,27.8,28.5,26.4,27.2,0.0,11200.0,8.8,21.0,10.4,8.4,41.8,False
ahmedabad,2023-03-22,27.6,51.7,1.4,774.4,1003.8,0.1,51.7,28.1,26.3,34.4,0.0,22.0,3.0,81.0,0.0,28.4,28.9,28.1,28.1,28.5,26.4,0.0,11200.0,8.8,21.0,10.4,8.5,34.3,False
ahmedabad,2023-03-23,28.7,52.8,3.9,812.9,1000.1,1.1,52.8,29.6,27.5,34.8,0.0,23.0,3.0,82.0,0.0,27.6,28.4,28.9,26.3,28.1,28.5,0.0,11200.0,8.8,21.0,10.4,7.3,37.9,False
ahmedabad,2023-03-24,28.4,55.0,2.4,687.4,1001.9,0.3,55.0,29.5,26.9,35.6,0.0,24.0,3.0,83.0,0.0,28.7,27.6,28.4,27.5,26.3,28.1,0.0,11200.0,8.8,21.0,10.4,9.8,49.3,False
ahmedabad,2023-03-25,27.7,66.0,2.6,738.2,1002.5,0.1,66.0,29.6,27.7,36.5,0.0,25.0,3.0,84.0,0.0,28.4,28.7,27.6,26.9,27.5,26.3,0.0,11200.0,8.8,21.0,10.4,9.0,46.7,False
ahmedabad,2023-03-26,28.9,55.8,2.8,777.4,1002.0,0.4,55.8,30.3,27.9,36.3,0.0,26.0,3.0,85.0,0.0,27.7,28.4,28.7,27.7,26.9,27.5,0.0,11200.0,8.8,21.0,10.4,7.7,48.8,False
ahmedabad,2023-03-27,27.9,55.7,2.1,732.6,996.3,0.2,55.7,28.9,26.8,35.2,0.0,27.0,3.0,86.0,0.0,28.9,27.7,28.4,27.9,27.7,26.9,0.0,11200.0,8.8,21.0,10.4,8.0,41.8,False
ahmedabad,2023-03-28,29.0,56.3,2.2,776.0,1002.1,0.0,56.3,30.5,28.1,36.9,0.0,28.0,3.0,87.0,0.0,27.9,28.9,27.7,26.8,27.9,27.7,0.0,11200.0,8.8,21.0,10.4,9.8,56.8,False
ahmedabad,2023-03-29,28.1,58.2,2.8,747.0,1000.6,0.4,58.2,29.4,27.3,35.6,0.0,29.0,3.0,88.0,0.0,29.0,27.9,28.9,28.1,26.8,27.9,0.0,11200.0,8.8,21.0,10.4,6.2,35.4,False
ahmedabad,2023-03-30,28.8,58.8,3.1,736.1,1000.5,1.9,58.8,30.5,27.9,36.6,0.0,30.0,3.0,89.0,0.0,28.1,29.0,27.9,27.3,28.1,26.8,0.0,11200.0,8.8,21.0,10.4,8.3,36.2,False
ahmedabad,2023-03-31,30.3,49.1,2.3,747.9,1001.6,0.0,49.1,31.4,28.3,37.2,0.0,31.0,3.0,90.0,0.0,28.8,28.1,29.0,27.9,27.3,28.1,0.0,11200.0,8.8,21.0,10.4,9.5,57.5,False
ahmedabad,2023-04-01,28.3,49.9,2.7,772.3,1000.1,2.3,49.9,28.8,26.7,34.4,0.0,1.0,4.0,91.0,0.0,30.3,28.8,28.1,28.3,27.9,27.3,0.0,11200.0,8.8,21.0,10.4,8.5,41.5,False
ahmedabad,2023-04-02,29.7,55.1,2.7,722.2,1004.2,0.0,55.1,31.4,28.3,37.4,0.0,2.0,4.0,92.0,0.0,28.3,30.3,28.8,26.7,28.3,27.9,0.0,11200.0,8.8,21.0,10.4,9.8,50.9,False
ahmedabad,2023-04-03,28.5,54.1,3.0,734.5,1001.1,1.0,54.1,29.5,27.1,35.3,0.0,3.0,4.0,93.0,0.0,29.7,28.3,30.3,28.3,26.7,28.3,0.0,11200.0,8.8,21.0,10.4,8.4,46.2,False
ahmedabad,2023-04-04,28.0,55.3,2.9,911.6,1000.0,0.6,55.3,29.0,27.7,34.8,0.0,4.0,4.0,94.0,0.0,28.5,29.7,28.3,27.1,28.3,26.7,0.0,11200.0,8.8,21.0,10.4,9.3,60.0,False
ahmedabad,2023-04-05,27.0,58.2,1.1,900.9,999.7,1.4,58.2,28.0,27.2,35.0,0.0,5.0,4.0,95.0,0.0,28.0,28.5,29.7,27.7,27.1,28.3,0.0,11200.0,8.8,21.0,10.4,8.0,40.7,False
ahmedabad,2023-04-06,32.5,50.2,2.9,777.5,1000.8,0.6,50.2,35.4,30.5,40.3,0.0,6.0,4.0,96.0,0.0,27.0,28.0,28.5,27.2,27.7,27.1,0.0,11200.0,8.8,21.0,10.4,21.8,150.5,False
ahmedabad,2023-04-07,27.4,58.6,3.5,805.4,995.5,0.4,58.6,28.5,27.0,34.2,0.0,7.0,4.0,97.0,0.0,32.5,27.0,28.0,30.5,27.2,27.7,0.0,11200.0,8.8,21.0,10.4,10.0,55.7,False
ahmedabad,2023-04-08,29.8,51.9,0.6,847.5,998.5,0.3,51.9,31.0,28.8,38.2,0.0,8.0,4.0,98.0,0.0,27.4,32.5,27.0,27.0,30.5,27.2,0.0,11200.0,8.8,21.0,10.4,13.0,84.5,False
ahmedabad,2023-04-09,30.3,52.0,2.3,908.1,998.2,0.0,52.0,31.8,29.4,37.9,0.0,9.0,4.0,99.0,0.0,29.8,27.4,32.5,28.8,27.0,30.5,0.0,11200.0,8.8,21.0,10.4,16.3,106.0,False
ahmedabad,2023-04-10,29.6,55.1,1.6,857.7,1000.4,0.4,55.1,31.2,28.9,38.0,0.0,10.0,4.0,100.0,0.0,30.3,29.8,27.4,29.4,28.8,27.0,0.0,11200.0,8.8,21.0,10.4,12.7,67.6,False
ahmedabad,2023-04-11,28.7,59.6,1.6,745.5,1003.7,0.3,59.6,30.5,28.1,37.5,0.0,11.0,4.0,101.0,0.0,29.6,30.3,29.8,28.9,29.4,28.8,0.0,11200.0,8.8,21.0,10.4,10.0,47.8,False
ahmedabad,2023-04-12,32.9,46.7,1.8,791.7,1000.4,0.1,46.7,35.2,30.5,40.8,0.0,12.0,4.0,102.0,0.0,28.7,29.6,30.3,28.1,28.9,29.4,0.0,11200.0,8.8,21.0,10.4,21.4,135.0,False
ahmedabad,2023-04-13,31.7,48.8,0.5,782.2,999.3,0.2,48.8,33.6,29.8,40.4,0.0,13.0,4.0,103.0,0.0,32.9,28.7,29.6,30.5,28.1,28.9,0.0,11200.0,8.8,21.0,10.4,20.1,127.0,False
ahmedabad,2023-04-14,29.9,48.0,2.0,793.3,998.5,0.2,48.0,30.6,28.0,36.6,0.0,14.0,4.0,104.0,0.0,31.7,32.9,28.7,29.8,30.5,28.1,0.0,11200.0,8.8,21.0,10.4,7.3,40.4,False
ahmedabad,2023-04-15,29.4,50.5,3.5,849.4,1003.3,0.1,50.5,30.3,28.1,35.5,0.0,15.0,4.0,105.0,0.0,29.9,31.7,32.9,28.0,29.8,30.5,0.0,11200.0,8.8,21.0,10.4,7.7,43.8,False
ahmedabad,2023-04-16,32.0,57.6,3.0,751.6,996.7,0.1,57.6,36.4,30.8,41.4,0.0,16.0,4.0,106.0,0.0,29.4,29.9,31.7,28.1,28.0,29.8,0.0,11200.0,8.8,21.0,10.4,26.3,162.4,False
ahmedabad,2023-04-17,32.9,53.5,2.3,758.8,996.8,0.2,53.5,37.1,31.2,42.3,0.0,17.0,4.0,107.0,0.0,32.0,29.4,29.9,30.8,28.1,28.0,0.0,11200.0,8.8,21.0,10.4,26.7,177.6,False
ahmedabad,2023-04-18,33.1,54.7,2.5,884.6,999.5,0.6,54.7,37.9,32.2,42.8,0.0,18.0,4.0,108.0,0.0,32.9,32.0,29.4,31.2,30.8,28.1,0.0,11200.0,8.8,21.0,10.4,27.7,186.3,False
ahmedabad,2023-04-19,33.9,48.4,1.6,703.5,999.4,0.6,48.4,37.7,31.2,43.0,0.0,19.0,4.0,109.0,0.0,33.1,32.9,32.0,32.2,31.2,30.8,0.0,11200.0,8.8,21.0,10.4,26.7,172.2,False
ahmedabad,2023-04-20,35.7,48.1,2.3,788.7,1001.1,1.0,48.1,41.6,33.2,45.3,0.0,20.0,4.0,110.0,0.0,33.9,33.1,32.9,31.2,32.2,31.2,0.0,11200.0,8.8,21.0,10.4,34.2,237.6,False
ahmedabad,2023-04-21,34.7,50.0,4.1,843.2,997.3,1.5,50.0,40.0,32.7,42.8,0.0,21.0,4.0,111.0,0.0,35.7,33.9,33.1,33.2,31.2,32.2,0.0,11200.0,8.8,21.0,10.4,31.6,215.9,False
ahmedabad,2023-04-22,34.6,48.8,3.4,856.8,997.5,0.8,48.8,39.3,32.6,42.8,0.0,22.0,4.0,112.0,0.0,34.7,35.7,33.9,32.7,33.2,31.2,0.0,11200.0,8.8,21.0,10.4,32.5,220.7,False
ahmedabad,2023-04-23,33.0,62.1,2.7,796.4,1002.0,0.5,62.1,40.3,32.6,44.6,0.0,23.0,4.0,113.0,0.0,34.6,34.7,35.7,32.6,32.7,33.2,0.0,11200.0,8.8,21.0,10.4,35.5,243.4,False
ahmedabad,2023-04-24,31.7,55.5,2.5,762.8,1000.3,0.8,55.5,35.2,30.4,40.7,0.0,24.0,4.0,114.0,0.0,33.0,34.6,34.7,32.6,32.6,32.7,0.0,11200.0,8.8,21.0,10.4,22.8,137.1,False
ahmedabad,2023-04-25,30.8,48.9,2.2,848.4,998.0,2.3,48.9,32.1,29.2,38.0,0.0,25.0,4.0,115.0,0.0,31.7,33.0,34.6,30.4,32.6,32.6,0.0,11200.0,8.8,21.0,10.4,13.9,90.6,False
ahmedabad,2023-04-26,32.6,54.5,2.4,873.5,998.3,0.5,54.5,36.8,31.7,42.0,0.0,26.0,4.0,116.0,0.0,30.8,31.7,33.0,29.2,30.4,32.6,0.0,11200.0,8.8,21.0,10.4,31.8,194.3,False
ahmedabad,2023-04-27,31.3,66.0,3.2,875.1,1000.7,0.5,66.0,37.2,31.8,42.1,0.0,27.0,4.0,117.0,0.0,32.6,30.8,31.7,31.7,29.2,30.4,0.0,11200.0,8.8,21.0,10.4,29.8,192.8,False
ahmedabad,2023-04-28,31.9,52.2,3.0,739.0,1000.0,0.0,52.2,34.7,30.0,39.9,0.0,28.0,4.0,118.0,0.0,31.3,32.6,30.8,31.8,31.7,29.2,0.0,11200.0,8.8,21.0,10.4,18.4,120.2,False
ahmedabad,2023-04-29,29.3,57.9,2.7,899.0,1001.5,0.3,57.9,31.2,29.1,37.4,0.0,29.0,4.0,119.0,0.0,31.9,31.3,32.6,30.0,31.8,31.7,0.0,11200.0,8.8,21.0,10.4,17.4,99.1,False
ahmedabad,2023-04-30,31.6,50.3,1.9,852.0,999.9,0.6,50.3,33.7,30.1,39.7,0.0,30.0,4.0,120.0,0.0,29.3,31.9,31.3,29.1,30.0,31.8,0.0,11200.0,8.8,21.0,10.4,19.3,128.7,False
ahmedabad,2023-05-01,28.4,58.6,1.5,837.4,1000.2,0.6,58.6,29.9,28.1,36.9,0.0,1.0,5.0,121.0,0.0,31.6,29.3,31.9,30.1,29.1,30.0,0.0,11200.0,8.8,21.0,10.4,9.6,43.2,False
ahmedabad,2023-05-02,28.2,55.2,1.7,825.9,998.5,0.1,55.2,29.2,27.5,35.8,0.0,2.0,5.0,122.0,0.0,28.4,31.6,29.3,28.1,30.1,29.1,0.0,11200.0,8.8,21.0,10.4,9.6,37.5,False
ahmedabad,2023-05-03,28.5,61.6,2.3,796.1,999.3,0.6,61.6,30.4,28.3,37.2,0.0,3.0,5.0,123.0,0.0,28.2,28.4,31.6,27.5,28.1,30.1,0.0,11200.0,8.8,21.0,10.4,13.3,67.3,False
ahmedabad,2023-05-04,28.8,60.7,2.7,876.6,1003.8,0.2,60.7,30.8,28.9,37.2,0.0,4.0,5.0,124.0,0.0,28.5,28.2,28.4,28.3,27.5,28.1,0.0,11200.0,8.8,21.0,10.4,12.9,76.4,False
ahmedabad,2023-05-05,28.7,54.7,2.6,856.2,997.9,0.2,54.7,29.8,28.0,35.9,0.0,5.0,5.0,125.0,0.0,28.8,28.5,28.2,28.9,28.3,27.5,0.0,11200.0,8.8,21.0,10.4,5.9,31.6,False
ahmedabad,2023-05-06,29.6,52.0,1.4,863.5,1000.4,0.0,52.0,30.8,28.6,37.4,0.0,6.0,5.0,126.0,0.0,28.7,28.8,28.5,28.0,28.9,28.3,0.0,11200.0,8.8,21.0,10.4,9.1,60.2,False
ahmedabad,2023-05-07,30.0,58.3,3.3,847.7,1002.8,0.5,58.3,32.5,29.5,38.2,0.0,7.0,5.0,127.0,0.0,29.6,28.7,28.8,28.6,28.0,28.9,0.0,11200.0,8.8,21.0,10.4,17.3,104.7,False
ahmedabad,2023-05-08,29.6,61.7,1.4,820.3,1001.4,1.0,61.7,32.4,29.5,39.6,0.0,8.0,5.0,128.0,0.0,30.0,29.6,28.7,29.5,28.6,28.0,0.0,11200.0,8.8,21.0,10.4,18.2,113.9,False
ahmedabad,2023-05-09,29.3,60.0,2.6,953.3,1004.1,0.4,60.0,31.6,29.7,37.9,0.0,9.0,5.0,129.0,0.0,29.6,30.0,29.6,29.5,29.5,28.6,0.0,11200.0,8.8,21.0,10.4,17.8,114.2,False
ahmedabad,2023-05-10,30.2,64.3,2.6,853.0,996.8,0.2,64.3,34.2,30.5,40.3,0.0,10.0,5.0,130.0,0.0,29.3,29.6,30.0,29.7,29.5,29.5,0.0,11200.0,8.8,21.0,10.4,23.8,146.5,False
ahmedabad,2023-05-11,31.7,55.1,2.6,826.6,1001.9,0.6,55.1,35.1,30.7,40.6,0.0,11.0,5.0,131.0,0.0,30.2,29.3,29.6,30.5,29.7,29.5,0.0,11200.0,8.8,21.0,10.4,21.3,138.7,False
ahmedabad,2023-05-12,30.5,59.6,3.7,886.0,1000.8,0.0,59.6,33.7,30.3,39.0,0.0,12.0,5.0,132.0,0.0,31.7,30.2,29.3,30.7,30.5,29.7,0.0,11200.0,8.8,21.0,10.4,21.2,128.3,False
ahmedabad,2023-05-13,31.9,49.1,2.4,864.9,999.9,2.1,49.1,34.0,30.3,39.5,0.0,13.0,5.0,133.0,0.0,30.5,31.7,30.2,30.3,30.7,30.5,0.0,11200.0,8.8,21.0,10.4,22.1,138.5,False
ahmedabad,2023-05-14,33.2,46.7,2.6,910.2,996.0,0.0,46.7,35.8,31.3,40.7,0.0,14.0,5.0,134.0,0.0,31.9,30.5,31.7,30.3,30.3,30.7,0.0,11200.0,8.8,21.0,10.4,26.7,178.1,False
ahmedabad,2023-05-15,34.4,50.9,1.6,884.0,996.8,0.1,50.9,39.6,32.9,44.6,0.0,15.0,5.0,135.0,0.0,33.2,31.9,30.5,31.3,30.3,30.3,0.0,11200.0,8.8,21.0,10.4,34.0,238.2,False
ahmedabad,2023-05-16,37.4,40.5,2.9,840.3,1000.3,0.1,40.5,42.3,33.8,44.7,0.0,16.0,5.0,136.0,0.0,34.4,33.2,31.9,32.9,31.3,30.3,0.0,11200.0,8.8,21.0,10.4,37.8,258.8,False
ahmedabad,2023-05-17,36.2,39.6,2.1,836.0,999.9,1.1,39.6,39.4,32.6,43.2,0.0,17.0,5.0,137.0,0.0,37.4,34.4,33.2,33.8,32.9,31.3,0.0,11200.0,8.8,21.0,10.4,33.5,225.8,False
ahmedabad,2023-05-18,35.9,47.0,3.7,841.1,1000.4,0.2,47.0,41.6,33.4,44.1,0.0,18.0,5.0,138.0,0.0,36.2,37.4,34.4,32.6,33.8,32.9,0.0,11200.0,8.8,21.0,10.4,40.3,261.4,False
ahmedabad,2023-05-19,37.1,44.5,4.0,831.5,999.7,0.2,44.5,43.4,34.0,44.9,0.0,19.0,5.0,139.0,0.0,35.9,36.2,37.4,33.4,32.6,33.8,0.0,11200.0,8.8,21.0,10.4,43.0,284.4,False
ahmedabad,2023-05-20,38.1,46.7,2.1,881.0,998.0,0.0,46.7,47.0,35.6,49.1,0.0,20.0,5.0,140.0,0.0,37.1,35.9,36.2,34.0,33.4,32.6,0.0,11200.0,8.8,21.0,10.4,51.6,354.6,False
ahmedabad,2023-05-21,38.5,42.5,2.2,811.1,998.5,0.0,42.5,45.8,34.9,47.9,0.0,21.0,5.0,141.0,0.0,38.1,37.1,35.9,35.6,34.0,33.4,0.0,11200.0,8.8,21.0,10.4,51.1,337.0,False
ahmedabad,2023-05-22,38.5,38.8,3.1,909.1,997.6,0.0,38.8,44.0,34.8,45.6,0.0,22.0,5.0,142.0,0.0,38.5,38.1,37.1,34.9,35.6,34.0,0.0,11200.0,8.8,21.0,10.4,46.3,322.6,False
ahmedabad,2023-05-23,38.1,43.4,3.2,825.8,994.8,0.0,43.4,45.3,34.7,46.7,0.0,23.0,5.0,143.0,0.0,38.5,38.5,38.1,34.8,34.9,35.6,0.0,11200.0,8.8,21.0,10.4,48.5,321.4,False
ahmedabad,2023-05-24,41.1,37.7,2.4,911.9,996.0,0.0,37.7,49.7,36.9,49.9,0.0,24.0,5.0,144.0,1.0,38.1,38.5,38.5,34.7,34.8,34.9,6.1,11200.0,8.8,21.0,10.4,71.5,480.0,False
ahmedabad,2023-05-25,38.9,43.0,2.3,883.8,995.3,0.0,43.0,47.1,35.7,48.7,0.0,25.0,5.0,145.0,0.0,41.1,38.1,38.5,36.9,34.7,34.8,0.0,11200.0,8.8,21.0,10.4,56.5,386.9,False
ahmedabad,2023-05-26,41.3,36.8,1.1,991.0,997.6,0.0,36.8,49.6,37.3,51.0,0.0,26.0,5.0,146.0,1.0,38.9,41.1,38.1,35.7,36.9,34.7,6.3,11200.0,8.8,21.0,10.4,73.1,480.0,False
ahmedabad,2023-05-27,41.5,37.7,3.5,949.1,995.5,0.0,37.7,50.7,37.3,49.5,0.0,27.0,5.0,147.0,2.0,41.3,38.9,41.1,37.3,35.7,36.9,13.0,11200.0,8.8,21.0,10.4,76.2,480.0,False
ahmedabad,2023-05-28,37.5,43.2,1.4,872.8,997.0,0.0,43.2,43.7,34.5,47.3,0.0,28.0,5.0,148.0,0.0,41.5,41.3,38.9,37.3,37.3,35.7,0.0,11200.0,8.8,21.0,10.4,43.6,292.1,False
ahmedabad,2023-05-29,41.0,33.4,1.4,902.7,999.5,0.0,33.4,46.9,36.0,48.4,0.0,29.0,5.0,149.0,1.0,37.5,41.5,41.3,34.5,37.3,37.3,6.0,11200.0,8.8,21.0,10.4,69.1,474.2,False
ahmedabad,2023-05-30,41.3,33.2,4.2,806.9,996.5,0.0,33.2,47.5,35.6,46.2,0.0,30.0,5.0,150.0,2.0,41.0,37.5,41.5,36.0,34.5,37.3,12.6,11200.0,8.8,21.0,10.4,68.0,463.5,False
ahmedabad,2023-05-31,38.5,37.9,2.3,972.7,997.5,0.0,37.9,43.6,35.0,45.9,0.0,31.0,5.0,151.0,0.0,41.3,41.0,37.5,35.6,36.0,34.5,0.0,11200.0,8.8,21.0,10.4,48.1,318.2,False
ahmedabad,2023-06-01,39.4,44.1,1.1,900.0,997.8,0.0,44.1,49.1,36.5,51.3,0.0,1.0,6.0,152.0,0.0,38.5,41.3,41.0,35.0,35.6,36.0,0.0,11200.0,8.8,21.0,10.4,61.9,421.3,False
ahmedabad,2023-06-02,37.7,41.6,3.5,957.2,997.3,0.3,41.6,43.5,34.8,45.1,0.0,2.0,6.0,153.0,0.0,39.4,38.5,41.3,36.5,35.0,35.6,0.0,11200.0,8.8,21.0,10.4,44.8,310.0,False
ahmedabad,2023-06-03,37.3,45.5,2.3,859.7,1000.0,0.1,45.5,44.3,34.6,47.0,0.0,3.0,6.0,154.0,0.0,37.7,39.4,38.5,34.8,36.5,35.0,0.0,11200.0,8.8,21.0,10.4,46.1,313.7,False
ahmedabad,2023-06-04,37.2,45.7,2.9,928.0,996.4,0.7,45.7,44.2,34.8,46.4,0.0,4.0,6.0,155.0,0.0,37.3,37.7,39.4,34.6,34.8,36.5,0.0,11200.0,8.8,21.0,10.4,43.2,309.0,False
ahmedabad,2023-06-05,36.6,43.7,4.6,925.1,996.4,0.2,43.7,41.8,33.9,43.3,0.0,5.0,6.0,156.0,0.0,37.2,37.3,37.7,34.8,34.6,34.8,0.0,11200.0,8.8,21.0,10.4,37.5,269.3,False
ahmedabad,2023-06-06,37.0,43.0,1.6,928.9,995.2,0.7,43.0,42.5,34.3,46.2,0.0,6.0,6.0,157.0,0.0,36.6,37.2,37.3,33.9,34.8,34.6,0.0,11200.0,8.8,21.0,10.4,42.8,294.1,False
ahmedabad,2023-06-07,35.8,46.9,2.6,961.8,999.0,0.1,46.9,41.3,33.9,44.8,0.0,7.0,6.0,158.0,0.0,37.0,36.6,37.2,34.3,33.9,34.8,0.0,11200.0,8.8,21.0,10.4,41.6,276.4,False
ahmedabad,2023-06-08,35.7,56.0,1.9,911.1,996.1,1.1,56.0,45.1,34.9,48.4,0.0,8.0,6.0,159.0,0.0,35.8,37.0,36.6,33.9,34.3,33.9,0.0,11200.0,8.8,21.0,10.4,44.5,311.0,False
ahmedabad,2023-06-09,36.0,46.7,3.2,967.6,995.8,0.6,46.7,41.7,34.1,44.6,0.0,9.0,6.0,160.0,0.0,35.7,35.8,37.0,34.9,33.9,34.3,0.0,11200.0,8.8,21.0,10.4,41.0,280.5,False
ahmedabad,2023-06-10,34.3,51.2,3.0,989.9,996.5,0.9,51.2,39.5,33.3,43.4,0.0,10.0,6.0,161.0,0.0,36.0,35.7,35.8,34.1,34.9,33.9,0.0,11200.0,8.8,21.0,10.4,35.7,250.4,False
ahmedabad,2023-06-11,34.8,43.3,2.2,890.7,996.5,1.2,43.3,37.9,32.2,42.3,0.0,11.0,6.0,162.0,0.0,34.3,36.0,35.7,33.3,34.1,34.9,0.0,11200.0,8.8,21.0,10.4,29.3,203.5,False
ahmedabad,2023-06-12,35.2,44.7,2.7,928.0,998.4,0.2,44.7,39.1,32.9,43.0,0.0,12.0,6.0,163.0,0.0,34.8,34.3,36.0,32.2,33.3,34.1,0.0,11200.0,8.8,21.0,10.4,34.1,237.5,False
ahmedabad,2023-06-13,35.9,46.3,2.4,983.9,994.3,0.6,46.3,41.3,34.1,44.9,0.0,13.0,6.0,164.0,0.0,35.2,34.8,34.3,32.9,32.2,33.3,0.0,11200.0,8.8,21.0,10.4,42.8,287.8,False
ahmedabad,2023-06-14,37.8,40.0,4.3,924.7,998.7,0.9,40.0,43.0,34.4,44.0,0.0,14.0,6.0,165.0,0.0,35.9,35.2,34.8,34.1,32.9,32.2,0.0,11200.0,8.8,21.0,10.4,43.0,301.8,False
ahmedabad,2023-06-15,36.2,40.0,2.1,957.6,999.5,0.2,40.0,39.5,33.3,43.4,0.0,15.0,6.0,166.0,0.0,37.8,35.9,35.2,34.4,34.1,32.9,0.0,11200.0,8.8,21.0,10.4,37.7,247.8,False
ahmedabad,2023-06-16,37.9,43.9,2.3,914.3,995.7,1.0,43.9,45.0,35.1,47.4,0.0,16.0,6.0,167.0,0.0,36.2,37.8,35.9,33.3,34.4,34.1,0.0,11200.0,8.8,21.0,10.4,47.6,325.6,False
ahmedabad,2023-06-17,36.9,44.2,2.4,921.7,996.7,0.8,44.2,42.8,34.3,45.8,0.0,17.0,6.0,168.0,0.0,37.9,36.2,37.8,35.1,33.3,34.4,0.0,11200.0,8.8,21.0,10.4,43.1,285.4,False
ahmedabad,2023-06-18,37.5,43.3,1.2,1036.2,998.2,0.1,43.3,43.8,35.4,47.5,0.0,18.0,6.0,169.0,0.0,36.9,37.9,36.2,34.3,35.1,33.3,0.0,11200.0,8.8,21.0,10.4,46.0,324.9,False
ahmedabad,2023-06-19,41.5,31.6,0.9,858.4,998.3,0.0,31.6,47.0,35.9,48.7,0.0,19.0,6.0,170.0,1.0,37.5,36.9,37.9,35.4,34.3,35.1,6.5,11200.0,8.8,21.0,10.4,68.5,469.5,False
ahmedabad,2023-06-20,40.8,44.4,3.9,922.7,991.8,0.0,44.4,53.3,37.7,51.2,0.0,20.0,6.0,171.0,2.0,41.5,37.5,36.9,35.9,35.4,34.3,11.6,11200.0,8.8,21.0,10.4,75.5,480.0,False
ahmedabad,2023-06-21,40.7,38.2,3.4,1000.4,996.1,0.0,38.2,49.0,37.0,48.5,0.0,21.0,6.0,172.0,3.0,40.8,41.5,37.5,37.7,35.9,35.4,17.1,11200.0,8.8,21.0,10.4,76.4,480.0,False
ahmedabad,2023-06-22,42.0,40.6,2.6,1041.2,993.5,0.0,40.6,54.1,38.8,52.8,0.0,22.0,6.0,173.0,4.0,40.7,40.8,41.5,37.0,37.7,35.9,28.0,11200.0,8.8,21.0,10.4,91.0,480.0,False
ahmedabad,2023-06-23,43.2,40.3,2.5,868.9,998.0,0.0,40.3,57.4,38.9,55.0,0.0,23.0,6.0,174.0,5.0,42.0,40.7,40.8,38.8,37.0,37.7,41.0,11200.0,8.8,21.0,10.4,98.0,480.0,False
ahmedabad,2023-06-24,43.7,28.1,2.0,896.5,997.9,0.0,28.1,49.8,37.0,48.8,0.0,24.0,6.0,175.0,6.0,43.2,42.0,40.7,38.9,38.8,37.0,52.2,11200.0,8.8,21.0,10.4,92.9,480.0,False
ahmedabad,2023-06-25,45.4,26.2,2.8,902.6,995.5,0.0,26.2,52.2,38.0,49.1,0.0,25.0,6.0,176.0,7.0,43.7,43.2,42.0,37.0,38.9,38.8,72.8,11200.0,8.8,21.0,10.4,98.0,480.0,False
ahmedabad,2023-06-26,46.6,29.8,2.7,923.1,996.5,0.0,29.8,58.0,39.9,53.8,0.0,26.0,6.0,177.0,8.0,45.4,43.7,43.2,38.0,37.0,38.9,92.8,11200.0,8.8,21.0,10.4,98.0,480.0,False
ahmedabad,2023-06-27,44.2,35.0,2.8,912.7,993.5,0.0,35.0,56.0,39.0,53.2,0.0,27.0,6.0,178.0,9.0,46.6,45.4,43.7,39.9,38.0,37.0,82.8,11200.0,8.8,21.0,10.4,98.0,480.0,False
ahmedabad,2023-06-28,46.5,25.7,1.8,1013.5,996.3,0.0,25.7,54.2,39.3,51.4,0.0,28.0,6.0,179.0,10.0,44.2,46.6,45.4,39.0,39.9,38.0,115.0,11200.0,8.8,21.0,10.4,98.0,480.0,False
ahmedabad,2024-03-01,26.8,65.8,3.6,726.7,1000.7,0.2,65.8,28.2,26.8,34.5,0.0,1.0,3.0,61.0,0.0,46.5,44.2,46.6,39.3,39.0,39.9,0.0,11200.0,8.8,21.0,10.4,4.5,26.2,False
ahmedabad,2024-03-02,27.5,56.2,4.0,777.5,1001.0,0.8,56.2,28.4,26.6,33.7,0.0,2.0,3.0,62.0,0.0,26.8,46.5,44.2,26.8,39.3,39.0,0.0,11200.0,8.8,21.0,10.4,5.5,31.6,False
ahmedabad,2024-03-03,26.2,64.3,3.1,708.4,1000.4,0.1,64.3,26.6,26.0,33.7,0.0,3.0,3.0,63.0,0.0,27.5,26.8,46.5,26.6,26.8,39.3,0.0,11200.0,8.8,21.0,10.4,7.7,40.4,False
ahmedabad,2024-03-04,28.4,61.0,2.2,673.3,999.8,0.1,61.0,30.2,27.6,36.9,0.0,4.0,3.0,64.0,0.0,26.2,27.5,26.8,26.0,26.6,26.8,0.0,11200.0,8.8,21.0,10.4,6.1,29.4,False
ahmedabad,2024-03-05,26.5,64.2,1.9,762.9,1001.0,1.4,64.2,27.7,26.6,34.8,0.0,5.0,3.0,65.0,0.0,28.4,26.2,27.5,27.6,26.0,26.6,0.0,11200.0,8.8,21.0,10.4,6.5,43.4,False
ahmedabad,2024-03-06,26.5,58.0,2.2,750.7,1001.1,0.1,58.0,27.4,25.9,33.6,0.0,6.0,3.0,66.0,0.0,26.5,28.4,26.2,26.6,27.6,26.0,0.0,11200.0,8.8,21.0,10.4,9.2,42.3,False
ahmedabad,2024-03-07,27.7,57.2,2.6,641.0,998.0,0.2,57.2,28.7,26.3,34.9,0.0,7.0,3.0,67.0,0.0,26.5,26.5,28.4,25.9,26.6,27.6,0.0,11200.0,8.8,21.0,10.4,9.3,49.0,False
ahmedabad,2024-03-08,28.1,56.7,3.1,658.5,1003.2,0.1,56.7,29.2,26.7,35.1,0.0,8.0,3.0,68.0,0.0,27.7,26.5,26.5,26.3,25.9,26.6,0.0,11200.0,8.8,21.0,10.4,9.4,58.8,False
ahmedabad,2024-03-09,27.5,53.1,2.8,829.4,1001.8,0.6,53.1,28.1,26.6,33.8,0.0,9.0,3.0,69.0,0.0,28.1,27.7,26.5,26.7,26.3,25.9,0.0,11200.0,8.8,21.0,10.4,7.0,40.4,False
ahmedabad,2024-03-10,29.0,58.4,1.9,677.8,999.7,0.6,58.4,30.8,27.9,37.5,0.0,10.0,3.0,70.0,0.0,27.5,28.1,27.7,26.6,26.7,26.3,0.0,11200.0,8.8,21.0,10.4,9.0,38.0,False
ahmedabad,2024-03-11,28.8,55.8,3.5,791.2,999.1,0.5,55.8,30.1,27.9,35.7,0.0,11.0,3.0,71.0,0.0,29.0,27.5,28.1,27.9,26.6,26.7,0.0,11200.0,8.8,21.0,10.4,10.5,45.1,False
ahmedabad,2024-03-12,29.1,58.7,4.5,771.8,1004.9,0.3,58.7,31.0,28.3,36.1,0.0,12.0,3.0,72.0,0.0,28.8,29.0,27.5,27.9,27.9,26.6,0.0,11200.0,8.8,21.0,10.4,9.5,52.3,False
ahmedabad,2024-03-13,27.5,62.0,3.4,784.2,1000.7,0.0,62.0,28.9,27.3,35.0,0.0,13.0,3.0,73.0,0.0,29.1,28.8,29.0,28.3,27.9,27.9,0.0,11200.0,8.8,21.0,10.4,8.3,44.9,False
ahmedabad,2024-03-14,27.9,56.4,2.7,800.5,1000.0,0.9,56.4,28.9,27.2,35.0,0.0,14.0,3.0,74.0,0.0,27.5,29.1,28.8,27.3,28.3,27.9,0.0,11200.0,8.8,21.0,10.4,10.7,57.3,False
ahmedabad,2024-03-15,27.2,62.5,1.7,808.1,1000.3,0.3,62.5,28.5,27.3,35.7,0.0,15.0,3.0,75.0,0.0,27.9,27.5,29.1,27.2,27.3,28.3,0.0,11200.0,8.8,21.0,10.4,6.8,20.7,False
ahmedabad,2024-03-16,29.2,50.0,3.8,812.0,1000.4,0.7,50.0,29.9,27.6,35.0,0.0,16.0,3.0,76.0,0.0,27.2,27.9,27.5,27.3,27.2,27.3,0.0,11200.0,8.8,21.0,10.4,8.4,48.5,False
ahmedabad,2024-03-17,28.4,54.4,2.3,706.5,1001.0,0.7,54.4,29.4,27.0,35.6,0.0,17.0,3.0,77.0,0.0,29.2,27.2,27.9,27.6,27.3,27.2,0.0,11200.0,8.8,21.0,10.4,10.0,54.6,False
ahmedabad,2024-03-18,28.6,62.8,2.2,813.1,1001.0,0.3,62.8,30.8,28.6,37.6,0.0,18.0,3.0,78.0,0.0,28.4,29.2,27.2,27.0,27.6,27.3,0.0,11200.0,8.8,21.0,10.4,13.9,73.6,False
ahmedabad,2024-03-19,28.3,62.7,2.4,714.0,1005.4,0.9,62.7,30.2,27.8,37.0,0.0,19.0,3.0,79.0,0.0,28.6,28.4,29.2,28.6,27.0,27.6,0.0,11200.0,8.8,21.0,10.4,7.7,33.3,False
ahmedabad,2024-03-20,28.4,52.8,1.7,749.1,1001.1,0.1,52.8,29.2,27.0,35.6,0.0,20.0,3.0,80.0,0.0,28.3,28.6,28.4,27.8,28.6,27.0,0.0,11200.0,8.8,21.0,10.4,7.9,42.1,False
ahmedabad,2024-03-21,28.0,51.8,3.8,788.5,1003.9,0.5,51.8,28.6,26.6,33.7,0.0,21.0,3.0,81.0,0.0,28.4,28.3,28.6,27.0,27.8,28.6,0.0,11200.0,8.8,21.0,10.4,8.0,31.1,False
ahmedabad,2024-03-22,27.1,61.4,3.7,727.9,1000.2,0.1,61.4,28.3,26.6,34.2,0.0,22.0,3.0,82.0,0.0,28.0,28.4,28.3,26.6,27.0,27.8,0.0,11200.0,8.8,21.0,10.4,5.7,41.7,False
ahmedabad,2024-03-23,27.1,59.6,3.2,807.8,1000.8,1.9,59.6,28.2,26.8,34.2,0.0,23.0,3.0,83.0,0.0,27.1,28.0,28.4,26.6,26.6,27.0,0.0,11200.0,8.8,21.0,10.4,5.8,38.2,False
ahmedabad,2024-03-24,26.7,60.8,1.9,834.2,1002.2,0.6,60.8,27.8,26.8,34.5,0.0,24.0,3.0,84.0,0.0,27.1,27.1,28.0,26.8,26.6,26.6,0.0,11200.0,8.8,21.0,10.4,6.5,46.9,False
ahmedabad,2024-03-25,29.3,56.0,3.4,908.3,997.9,0.0,56.0,30.9,28.9,36.6,0.0,25.0,3.0,85.0,0.0,26.7,27.1,27.1,26.8,26.8,26.6,0.0,11200.0,8.8,21.0,10.4,13.0,77.6,False
ahmedabad,2024-03-26,26.9,56.0,0.8,737.2,1000.5,0.0,56.0,27.7,26.0,34.6,0.0,26.0,3.0,86.0,0.0,29.3,26.7,27.1,28.9,26.8,26.8,0.0,11200.0,8.8,21.0,10.4,8.9,51.8,False
ahmedabad,2024-03-27,28.0,59.8,1.2,816.2,999.9,0.1,59.8,29.4,27.8,36.7,0.0,27.0,3.0,87.0,0.0,26.9,29.3,26.7,26.0,28.9,26.8,0.0,11200.0,8.8,21.0,10.4,7.2,37.0,False
ahmedabad,2024-03-28,28.4,54.7,2.6,779.3,997.5,0.0,54.7,29.4,27.3,35.5,0.0,28.0,3.0,88.0,0.0,28.0,26.9,29.3,27.8,26.0,28.9,0.0,11200.0,8.8,21.0,10.4,6.7,45.6,False
ahmedabad,2024-03-29,27.9,55.5,1.7,886.6,1001.7,0.4,55.5,28.8,27.6,35.4,0.0,29.0,3.0,89.0,0.0,28.4,28.0,26.9,27.3,27.8,26.0,0.0,11200.0,8.8,21.0,10.4,7.0,41.0,False
ahmedabad,2024-03-30,29.9,56.5,2.0,830.9,1000.4,0.1,56.5,32.0,29.2,38.5,0.0,30.0,3.0,90.0,0.0,27.9,28.4,28.0,27.6,27.3,27.8,0.0,11200.0,8.8,21.0,10.4,13.1,91.3,False
ahmedabad,2024-03-31,28.8,58.0,3.2,768.5,1002.2,0.2,58.0,30.4,28.0,36.3,0.0,31.0,3.0,91.0,0.0,29.9,27.9,28.4,29.2,27.6,27.3,0.0,11200.0,8.8,21.0,10.4,4.3,25.7,False
ahmedabad,2024-04-01,27.3,59.5,2.4,776.7,1000.9,0.5,59.5,28.4,26.9,34.9,0.0,1.0,4.0,92.0,0.0,28.8,29.9,27.9,28.0,29.2,27.6,0.0,11200.0,8.8,21.0,10.4,8.9,45.1,False
ahmedabad,2024-04-02,30.0,58.1,2.5,758.5,999.1,0.8,58.1,32.5,29.1,38.6,0.0,2.0,4.0,93.0,0.0,27.3,28.8,29.9,26.9,28.0,29.2,0.0,11200.0,8.8,21.0,10.4,13.6,83.0,False
ahmedabad,2024-04-03,28.1,52.8,2.7,768.5,996.8,0.2,52.8,28.8,26.8,34.6,0.0,3.0,4.0,94.0,0.0,30.0,27.3,28.8,29.1,26.9,28.0,0.0,11200.0,8.8,21.0,10.4,9.1,41.7,False
ahmedabad,2024-04-04,29.0,58.4,2.9,752.7,1002.3,0.2,58.4,30.8,28.2,36.9,0.0,4.0,4.0,95.0,0.0,28.1,30.0,27.3,26.8,29.1,26.9,0.0,11200.0,8.8,21.0,10.4,11.2,56.4,False
ahmedabad,2024-04-05,30.1,54.2,3.4,750.4,999.7,0.3,54.2,31.9,28.7,37.4,0.0,5.0,4.0,96.0,0.0,29.0,28.1,30.0,28.2,26.8,29.1,0.0,11200.0,8.8,21.0,10.4,11.6,68.4,False
ahmedabad,2024-04-06,30.9,52.5,3.4,881.4,1003.1,0.4,52.5,32.9,29.8,38.2,0.0,6.0,4.0,97.0,0.0,30.1,29.0,28.1,28.7,28.2,26.8,0.0,11200.0,8.8,21.0,10.4,18.7,111.6,False
ahmedabad,2024-04-07,29.1,56.0,3.3,822.8,1002.1,0.6,56.0,30.6,28.3,36.3,0.0,7.0,4.0,98.0,0.0,30.9,30.1,29.0,29.8,28.7,28.2,0.0,11200.0,8.8,21.0,10.4,10.9,63.2,False
ahmedabad,2024-04-08,30.0,45.0,2.1,873.2,998.5,1.2,45.0,30.3,28.1,36.0,0.0,8.0,4.0,99.0,0.0,29.1,30.9,30.1,28.3,29.8,28.7,0.0,11200.0,8.8,21.0,10.4,8.6,46.7,False
ahmedabad,2024-04-09,29.0,49.6,1.2,791.5,1000.4,0.5,49.6,29.6,27.4,36.1,0.0,9.0,4.0,100.0,0.0,30.0,29.1,30.9,28.1,28.3,29.8,0.0,11200.0,8.8,21.0,10.4,9.3,48.5,False
ahmedabad,2024-04-10,30.6,55.4,4.8,765.3,996.6,0.2,55.4,33.0,29.3,37.5,0.0,10.0,4.0,101.0,0.0,29.0,30.0,29.1,27.4,28.1,28.3,0.0,11200.0,8.8,21.0,10.4,14.9,84.6,False
ahmedabad,2024-04-11,29.1,59.0,2.2,828.6,999.0,0.1,59.0,31.0,28.8,37.6,0.0,11.0,4.0,102.0,0.0,30.6,29.0,30.0,29.3,27.4,28.1,0.0,11200.0,8.8,21.0,10.4,12.0,70.8,False
ahmedabad,2024-04-12,30.9,50.6,2.3,838.3,996.0,1.0,50.6,32.6,29.4,38.4,0.0,12.0,4.0,103.0,0.0,29.1,30.6,29.0,28.8,29.3,27.4,0.0,11200.0,8.8,21.0,10.4,12.5,85.9,False
ahmedabad,2024-04-13,31.7,56.1,2.9,821.6,999.8,1.2,56.1,35.3,30.7,40.6,0.0,13.0,4.0,104.0,0.0,30.9,29.1,30.6,29.4,28.8,29.3,0.0,11200.0,8.8,21.0,10.4,23.7,160.1,False
ahmedabad,2024-04-14,28.1,59.5,4.2,837.4,1003.1,1.0,59.5,29.5,27.8,35.0,0.0,14.0,4.0,105.0,0.0,31.7,30.9,29.1,30.7,29.4,28.8,0.0,11200.0,8.8,21.0,10.4,7.4,38.3,False
ahmedabad,2024-04-15,29.1,63.1,1.8,861.5,997.1,1.0,63.1,31.7,29.4,38.8,0.0,15.0,4.0,106.0,0.0,28.1,31.7,30.9,27.8,30.7,29.4,0.0,11200.0,8.8,21.0,10.4,17.3,101.9,False
ahmedabad,2024-04-16,35.6,46.6,2.5,813.4,1001.1,0.2,46.6,40.7,33.0,44.4,0.0,16.0,4.0,107.0,0.0,29.1,28.1,31.7,29.4,27.8,30.7,0.0,11200.0,8.8,21.0,10.4,35.2,244.8,False
ahmedabad,2024-04-17,35.8,39.8,1.9,855.2,1000.8,0.3,39.8,38.7,32.4,42.9,0.0,17.0,4.0,108.0,0.0,35.6,29.1,28.1,33.0,29.4,27.8,0.0,11200.0,8.8,21.0,10.4,34.9,234.0,False
ahmedabad,2024-04-18,34.4,53.3,1.7,784.7,994.9,0.3,53.3,40.5,32.7,45.3,0.0,18.0,4.0,109.0,0.0,35.8,35.6,29.1,32.4,33.0,29.4,0.0,11200.0,8.8,21.0,10.4,36.7,239.9,False
ahmedabad,2024-04-19,34.1,46.4,2.0,760.5,998.6,0.4,46.4,37.4,31.4,42.4,0.0,19.0,4.0,110.0,0.0,34.4,35.8,35.6,32.7,32.4,33.0,0.0,11200.0,8.8,21.0,10.4,25.8,162.8,False
ahmedabad,2024-04-20,33.0,51.2,0.9,759.3,999.5,0.4,51.2,36.6,31.1,42.9,0.0,20.0,4.0,111.0,0.0,34.1,34.4,35.8,31.4,32.7,32.4,0.0,11200.0,8.8,21.0,10.4,24.6,171.9,False
ahmedabad,2024-04-21,34.7,45.7,1.9,834.6,997.2,0.1,45.7,38.4,32.2,43.2,0.0,21.0,4.0,112.0,0.0,33.0,34.1,34.4,31.1,31.4,32.7,0.0,11200.0,8.8,21.0,10.4,31.2,206.6,False
ahmedabad,2024-04-22,34.3,45.5,1.6,842.1,1000.2,0.2,45.5,37.6,31.9,42.7,0.0,22.0,4.0,113.0,0.0,34.7,33.0,34.1,32.2,31.1,31.4,0.0,11200.0,8.8,21.0,10.4,28.1,183.0,False
ahmedabad,2024-04-23,34.3,48.2,2.4,823.3,996.7,0.5,48.2,38.4,32.1,42.9,0.0,23.0,4.0,114.0,0.0,34.3,34.7,33.0,31.9,32.2,31.1,0.0,11200.0,8.8,21.0,10.4,34.6,221.2,False
ahmedabad,2024-04-24,33.1,52.3,4.5,790.3,997.1,0.2,52.3,37.2,31.3,40.7,0.0,24.0,4.0,115.0,0.0,34.3,34.3,34.7,32.1,31.9,32.2,0.0,11200.0,8.8,21.0,10.4,25.4,178.4,False
ahmedabad,2024-04-25,32.6,48.0,2.5,884.2,1000.5,0.2,48.0,35.0,30.9,40.2,0.0,25.0,4.0,116.0,0.0,33.1,34.3,34.3,31.3,32.1,31.9,0.0,11200.0,8.8,21.0,10.4,23.1,162.9,False
ahmedabad,2024-04-26,34.0,50.0,2.5,894.9,1001.4,0.1,50.0,38.4,32.4,42.9,0.0,26.0,4.0,117.0,0.0,32.6,33.1,34.3,30.9,31.3,32.1,0.0,11200.0,8.8,21.0,10.4,31.4,218.5,False
ahmedabad,2024-04-27,31.2,50.5,3.7,814.8,996.8,0.2,50.5,33.1,29.5,37.9,0.0,27.0,4.0,118.0,0.0,34.0,32.6,33.1,32.4,30.9,31.3,0.0,11200.0,8.8,21.0,10.4,17.5,101.8,False
ahmedabad,2024-04-28,30.7,47.4,2.6,844.5,997.6,0.0,47.4,31.7,28.9,37.2,0.0,28.0,4.0,119.0,0.0,31.2,34.0,32.6,29.5,32.4,30.9,0.0,11200.0,8.8,21.0,10.4,13.0,85.7,False
ahmedabad,2024-04-29,32.0,45.6,1.0,849.6,997.7,0.4,45.6,33.4,29.9,39.7,0.0,29.0,4.0,120.0,0.0,30.7,31.2,34.0,28.9,29.5,32.4,0.0,11200.0,8.8,21.0,10.4,17.0,113.9,False
ahmedabad,2024-04-30,29.3,53.9,1.9,793.7,998.9,0.0,53.9,30.6,28.2,37.1,0.0,30.0,4.0,121.0,0.0,32.0,30.7,31.2,29.9,28.9,29.5,0.0,11200.0,8.8,21.0,10.4,7.3,44.1,False
ahmedabad,2024-05-01,31.7,54.7,3.0,838.3,997.0,0.1,54.7,35.0,30.6,40.2,0.0,1.0,5.0,122.0,0.0,29.3,32.0,30.7,28.2,29.9,28.9,0.0,11200.0,8.8,21.0,10.4,21.9,140.9,False
ahmedabad,2024-05-02,27.2,64.6,2.0,911.5,1001.0,0.4,64.6,28.7,28.0,35.9,0.0,2.0,5.0,123.0,0.0,31.7,29.3,32.0,30.6,28.2,29.9,0.0,11200.0,8.8,21.0,10.4,6.4,33.0,False
ahmedabad,2024-05-03,25.8,59.7,2.7,890.7,999.5,0.0,59.7,26.0,26.1,32.6,0.0,3.0,5.0,124.0,0.0,27.2,31.7,29.3,28.0,30.6,28.2,0.0,11200.0,8.8,21.0,10.4,9.0,41.3,False
ahmedabad,2024-05-04,26.9,54.4,2.5,800.1,998.7,0.7,54.4,27.6,26.1,33.4,0.0,4.0,5.0,125.0,0.0,25.8,27.2,31.7,26.1,28.0,30.6,0.0,11200.0,8.8,21.0,10.4,6.8,36.3,False
ahmedabad,2024-05-05,27.3,57.9,3.4,845.8,998.1,0.3,57.9,28.3,27.0,34.0,0.0,5.0,5.0,126.0,0.0,26.9,25.8,27.2,26.1,26.1,28.0,0.0,11200.0,8.8,21.0,10.4,7.7,45.0,False
ahmedabad,2024-05-06,30.4,58.2,1.1,914.2,995.0,0.0,58.2,33.2,30.4,40.3,0.0,6.0,5.0,127.0,0.0,27.3,26.9,25.8,27.0,26.1,26.1,0.0,11200.0,8.8,21.0,10.4,22.9,148.0,False
ahmedabad,2024-05-07,27.9,54.1,1.2,820.4,996.1,0.3,54.1,28.7,27.1,35.5,0.0,7.0,5.0,128.0,0.0,30.4,27.3,26.9,30.4,27.0,26.1,0.0,11200.0,8.8,21.0,10.4,8.5,52.1,False
ahmedabad,2024-05-08,32.2,52.1,3.4,874.9,999.6,0.0,52.1,35.3,30.9,40.0,0.0,8.0,5.0,129.0,0.0,27.9,30.4,27.3,27.1,30.4,27.0,0.0,11200.0,8.8,21.0,10.4,23.8,157.3,False
ahmedabad,2024-05-09,30.1,51.8,4.1,841.0,998.5,0.6,51.8,31.5,28.8,36.4,0.0,9.0,5.0,130.0,0.0,32.2,27.9,30.4,30.9,27.1,30.4,0.0,11200.0,8.8,21.0,10.4,11.2,68.5,False
ahmedabad,2024-05-10,32.4,56.1,3.6,867.9,999.1,0.0,56.1,36.8,31.6,41.2,0.0,10.0,5.0,131.0,0.0,30.1,32.2,27.9,28.8,30.9,27.1,0.0,11200.0,8.8,21.0,10.4,29.7,187.8,False
ahmedabad,2024-05-11,32.9,58.4,3.2,901.0,998.0,0.1,58.4,38.7,32.5,43.0,0.0,11.0,5.0,132.0,0.0,32.4,30.1,32.2,31.6,28.8,30.9,0.0,11200.0,8.8,21.0,10.4,32.7,216.8,False
ahmedabad,2024-05-12,30.6,51.9,1.4,974.6,998.4,0.8,51.9,32.3,30.1,38.9,0.0,12.0,5.0,133.0,0.0,32.9,32.4,30.1,32.5,31.6,28.8,0.0,11200.0,8.8,21.0,10.4,19.8,131.3,False
ahmedabad,2024-05-13,33.5,45.5,3.4,857.5,997.4,0.9,45.5,36.0,31.1,40.2,0.0,13.0,5.0,134.0,0.0,30.6,32.9,32.4,30.1,32.5,31.6,0.0,11200.0,8.8,21.0,10.4,25.4,167.9,False
ahmedabad,2024-05-14,34.2,41.6,3.1,861.6,999.7,0.5,41.6,36.2,31.2,40.3,0.0,14.0,5.0,135.0,0.0,33.5,30.6,32.9,31.1,30.1,32.5,0.0,11200.0,8.8,21.0,10.4,27.1,181.3,False
ahmedabad,2024-05-15,35.5,50.2,4.2,896.9,998.9,0.1,50.2,42.0,33.8,44.1,0.0,15.0,5.0,136.0,0.0,34.2,33.5,30.6,31.2,31.1,30.1,0.0,11200.0,8.8,21.0,10.4,40.2,268.9,False
ahmedabad,2024-05-16,36.3,45.8,4.1,795.4,997.1,0.5,45.8,42.0,33.3,44.0,0.0,16.0,5.0,137.0,0.0,35.5,34.2,33.5,33.8,31.2,31.1,0.0,11200.0,8.8,21.0,10.4,37.6,252.2,False
ahmedabad,2024-05-17,36.2,52.2,3.8,875.5,998.7,0.1,52.2,44.7,34.6,46.3,0.0,17.0,5.0,138.0,0.0,36.3,35.5,34.2,33.3,33.8,31.2,0.0,11200.0,8.8,21.0,10.4,45.4,303.0,False
ahmedabad,2024-05-18,38.3,47.4,1.2,833.4,993.5,0.0,47.4,48.0,35.7,50.7,0.0,18.0,5.0,139.0,0.0,36.2,36.3,35.5,34.6,33.3,33.8,0.0,11200.0,8.8,21.0,10.4,50.7,357.0,False
ahmedabad,2024-05-19,37.0,46.3,1.3,921.6,996.9,0.0,46.3,44.0,34.8,47.7,0.0,19.0,5.0,140.0,0.0,38.3,36.2,36.3,35.7,34.6,33.3,0.0,11200.0,8.8,21.0,10.4,42.9,306.8,False
ahmedabad,2024-05-20,39.2,35.7,2.8,936.2,997.1,0.0,35.7,44.1,35.0,45.5,0.0,20.0,5.0,141.0,0.0,37.0,38.3,36.2,34.8,35.7,34.6,0.0,11200.0,8.8,21.0,10.4,52.4,344.0,False
ahmedabad,2024-05-21,39.8,40.4,2.3,934.2,1001.4,0.0,40.4,48.0,36.3,49.1,0.0,21.0,5.0,142.0,0.0,39.2,37.0,38.3,35.0,34.8,35.7,0.0,11200.0,8.8,21.0,10.4,61.6,433.5,False
ahmedabad,2024-05-22,37.7,46.1,2.4,847.3,994.0,0.6,46.1,45.6,35.0,47.9,0.0,22.0,5.0,143.0,0.0,39.8,39.2,37.0,36.3,35.0,34.8,0.0,11200.0,8.8,21.0,10.4,47.8,317.7,False
ahmedabad,2024-05-23,40.8,41.7,3.5,928.4,1002.0,0.0,41.7,51.5,37.3,50.3,0.0,23.0,5.0,144.0,1.0,37.7,39.8,39.2,35.0,36.3,35.0,5.8,11200.0,8.8,21.0,10.4,73.2,480.0,False
ahmedabad,2024-05-24,40.3,44.5,1.9,857.4,997.2,0.0,44.5,51.9,37.1,52.4,0.0,24.0,5.0,145.0,2.0,40.8,37.7,39.8,37.3,35.0,36.3,10.6,11200.0,8.8,21.0,10.4,68.4,480.0,False
ahmedabad,2024-05-25,38.3,42.8,3.2,867.8,1001.1,0.0,42.8,45.5,35.0,46.8,0.0,25.0,5.0,146.0,0.0,40.3,40.8,37.7,37.1,37.3,35.0,0.0,11200.0,8.8,21.0,10.4,45.8,327.5,False
ahmedabad,2024-05-26,41.0,31.6,4.7,890.1,995.9,0.0,31.6,46.0,35.4,44.6,0.0,26.0,5.0,147.0,1.0,38.3,40.3,40.8,35.0,37.1,37.3,6.0,11200.0,8.8,21.0,10.4,60.6,427.5,False
ahmedabad,2024-05-27,40.2,40.1,2.3,926.7,996.9,0.0,40.1,48.8,36.6,49.6,0.0,27.0,5.0,148.0,2.0,41.0,38.3,40.3,35.4,35.0,37.1,10.4,11200.0,8.8,21.0,10.4,65.5,466.3,False
ahmedabad,2024-05-28,37.8,44.7,1.7,904.8,1000.2,0.2,44.7,45.2,35.2,48.1,0.0,28.0,5.0,149.0,0.0,40.2,41.0,38.3,36.6,35.4,35.0,0.0,11200.0,8.8,21.0,10.4,46.6,323.4,False
ahmedabad,2024-05-29,41.3,35.8,2.8,922.0,998.9,0.0,35.8,49.0,36.7,48.8,0.0,29.0,5.0,150.0,1.0,37.8,40.2,41.0,35.2,36.6,35.4,6.3,11200.0,8.8,21.0,10.4,70.3,480.0,False
ahmedabad,2024-05-30,39.4,34.3,2.4,880.8,998.7,0.0,34.3,43.9,34.6,45.5,0.0,30.0,5.0,151.0,0.0,41.3,37.8,40.2,36.7,35.2,36.6,0.0,11200.0,8.8,21.0,10.4,50.1,351.1,False
ahmedabad,2024-05-31,39.5,38.5,2.5,937.9,993.9,0.0,38.5,46.2,35.7,47.5,0.0,31.0,5.0,152.0,0.0,39.4,41.3,37.8,34.6,36.7,35.2,0.0,11200.0,8.8,21.0,10.4,55.4,383.4,False
ahmedabad,2024-06-01,39.4,43.0,2.6,779.4,994.1,0.0,43.0,48.4,35.6,49.3,0.0,1.0,6.0,153.0,0.0,39.5,39.4,41.3,35.7,34.6,36.7,0.0,11200.0,8.8,21.0,10.4,55.1,379.9,False
ahmedabad,2024-06-02,38.5,40.4,3.7,790.3,998.0,0.0,40.4,44.8,34.4,45.7,0.0,2.0,6.0,154.0,0.0,39.4,39.5,39.4,35.6,35.7,34.6,0.0,11200.0,8.8,21.0,10.4,46.7,319.1,False
ahmedabad,2024-06-03,38.9,45.4,2.0,851.6,993.2,0.0,45.4,48.5,36.0,50.1,0.0,3.0,6.0,155.0,0.0,38.5,39.4,39.5,34.4,35.6,35.7,0.0,11200.0,8.8,21.0,10.4,55.3,380.3,False
ahmedabad,2024-06-04,38.8,40.6,1.7,848.9,1001.2,0.0,40.6,45.6,35.1,48.1,0.0,4.0,6.0,156.0,0.0,38.9,38.5,39.4,36.0,34.4,35.6,0.0,11200.0,8.8,21.0,10.4,50.4,343.2,False
ahmedabad,2024-06-05,37.3,51.6,2.2,944.4,999.6,0.8,51.6,47.5,35.9,49.5,0.0,5.0,6.0,157.0,0.0,38.8,38.9,38.5,35.1,36.0,34.4,0.0,11200.0,8.8,21.0,10.4,49.0,352.8,False
ahmedabad,2024-06-06,35.8,44.6,1.9,927.4,996.4,0.1,44.6,40.4,33.5,44.6,0.0,6.0,6.0,158.0,0.0,37.3,38.8,38.9,35.9,35.1,36.0,0.0,11200.0,8.8,21.0,10.4,38.9,263.0,False
ahmedabad,2024-06-07,38.9,48.6,0.9,891.2,1002.0,0.0,48.6,50.4,36.7,52.7,0.0,7.0,6.0,159.0,0.0,35.8,37.3,38.8,33.5,35.9,35.1,0.0,11200.0,8.8,21.0,10.4,58.8,421.2,False
ahmedabad,2024-06-08,35.6,45.7,3.2,910.5,998.0,0.5,45.7,40.4,33.3,43.6,0.0,8.0,6.0,160.0,0.0,38.9,35.8,37.3,36.7,33.5,35.9,0.0,11200.0,8.8,21.0,10.4,37.7,254.5,False
ahmedabad,2024-06-09,36.7,41.6,1.1,924.5,997.6,0.5,41.6,41.2,33.8,45.6,0.0,9.0,6.0,161.0,0.0,35.6,38.9,35.8,33.3,36.7,33.5,0.0,11200.0,8.8,21.0,10.4,42.5,280.4,False
ahmedabad,2024-06-10,33.7,43.9,3.9,1005.3,997.1,0.3,43.9,35.9,31.8,39.7,0.0,10.0,6.0,162.0,0.0,36.7,35.6,38.9,33.8,33.3,36.7,0.0,11200.0,8.8,21.0,10.4,27.6,179.1,False
ahmedabad,2024-06-11,36.8,35.7,2.3,1050.0,996.9,0.1,35.7,39.2,33.5,42.5,0.0,11.0,6.0,163.0,0.0,33.7,36.7,35.6,31.8,33.8,33.3,0.0,11200.0,8.8,21.0,10.4,36.9,263.5,False
ahmedabad,2024-06-12,36.9,47.9,2.3,984.8,998.1,0.2,47.9,44.5,35.2,47.3,0.0,12.0,6.0,164.0,0.0,36.8,33.7,36.7,33.5,31.8,33.8,0.0,11200.0,8.8,21.0,10.4,47.6,329.2,False
ahmedabad,2024-06-13,35.0,43.5,3.1,901.2,995.1,0.1,43.5,38.3,32.4,42.0,0.0,13.0,6.0,165.0,0.0,36.9,36.8,33.7,35.2,33.5,31.8,0.0,11200.0,8.8,21.0,10.4,31.6,215.7,False
ahmedabad,2024-06-14,37.7,43.4,2.4,878.3,996.3,0.6,43.4,44.3,34.7,46.8,0.0,14.0,6.0,166.0,0.0,35.0,36.9,36.8,32.4,35.2,33.5,0.0,11200.0,8.8,21.0,10.4,46.8,319.8,False
ahmedabad,2024-06-15,37.4,51.2,2.4,959.1,995.5,1.4,51.2,47.5,36.0,49.4,0.0,15.0,6.0,167.0,0.0,37.7,35.0,36.9,34.7,32.4,35.2,0.0,11200.0,8.8,21.0,10.4,56.1,374.5,False
ahmedabad,2024-06-16,36.4,49.5,3.0,970.0,997.0,1.4,49.5,43.9,34.9,46.4,0.0,16.0,6.0,168.0,0.0,37.4,37.7,35.0,36.0,34.7,32.4,0.0,11200.0,8.8,21.0,10.4,46.1,313.2,False
ahmedabad,2024-06-17,38.7,42.3,2.6,888.3,993.2,0.0,42.3,46.2,35.4,47.8,0.0,17.0,6.0,169.0,0.0,36.4,37.4,37.7,34.9,36.0,34.7,0.0,11200.0,8.8,21.0,10.4,52.1,362.4,False
ahmedabad,2024-06-18,38.3,48.3,1.9,878.9,996.4,0.0,48.3,48.5,36.0,50.3,0.0,18.0,6.0,170.0,0.0,38.7,36.4,37.4,35.4,34.9,36.0,0.0,11200.0,8.8,21.0,10.4,53.4,372.8,False
ahmedabad,2024-06-19,38.5,47.7,4.1,931.4,999.0,0.0,47.7,48.7,36.3,48.4,0.0,19.0,6.0,171.0,0.0,38.3,38.7,36.4,36.0,35.4,34.9,0.0,11200.0,8.8,21.0,10.4,54.3,386.3,False
ahmedabad,2024-06-20,41.2,41.7,2.5,787.3,995.2,0.0,41.7,52.6,37.0,52.0,0.0,20.0,6.0,172.0,1.0,38.5,38.3,38.7,36.3,36.0,35.4,6.2,11200.0,8.8,21.0,10.4,71.3,480.0,False
ahmedabad,2024-06-21,41.1,36.7,1.8,883.7,995.0,0.0,36.7,49.1,36.6,49.9,0.0,21.0,6.0,173.0,2.0,41.2,38.5,38.3,37.0,36.3,36.0,12.2,11200.0,8.8,21.0,10.4,73.5,480.0,False
ahmedabad,2024-06-22,41.4,36.1,2.8,961.1,990.3,0.0,36.1,49.5,37.0,49.1,0.0,22.0,6.0,174.0,3.0,41.1,41.2,38.5,36.6,37.0,36.3,19.2,11200.0,8.8,21.0,10.4,78.9,480.0,False
ahmedabad,2024-06-23,41.7,33.6,2.1,902.2,996.7,0.0,33.6,48.7,36.6,48.9,0.0,23.0,6.0,175.0,4.0,41.4,41.1,41.2,37.0,36.6,37.0,26.8,11200.0,8.8,21.0,10.4,75.6,480.0,False
ahmedabad,2024-06-24,45.2,28.5,3.5,959.4,992.6,0.0,28.5,53.5,38.6,49.8,0.0,24.0,6.0,176.0,5.0,41.7,41.4,41.1,36.6,37.0,36.6,51.0,11200.0,8.8,21.0,10.4,98.0,480.0,False
ahmedabad,2024-06-25,44.1,34.8,2.9,978.7,998.6,0.0,34.8,55.6,39.2,52.8,0.0,25.0,6.0,177.0,6.0,45.2,41.7,41.4,38.6,36.6,37.0,54.6,11200.0,8.8,21.0,10.4,98.0,480.0,False
ahmedabad,2024-06-26,44.8,44.6,3.1,1050.0,998.9,0.0,44.6,66.7,42.0,60.5,0.0,26.0,6.0,178.0,7.0,44.1,45.2,41.7,39.2,38.6,36.6,68.6,11200.0,8.8,21.0,10.4,98.0,480.0,False
ahmedabad,2024-06-27,46.0,24.0,2.5,1007.2,994.9,0.0,24.0,51.8,38.4,48.7,0.0,27.0,6.0,179.0,8.0,44.8,44.1,45.2,42.0,39.2,38.6,88.0,11200.0,8.8,21.0,10.4,98.0,480.0,False
ahmedabad,2024-06-28,45.8,29.5,1.7,907.2,993.5,0.0,29.5,55.7,39.2,53.3,0.0,28.0,6.0,180.0,9.0,46.0,44.8,44.1,38.4,42.0,39.2,97.2,11200.0,8.8,21.0,10.4,98.0,480.0,False
ahmedabad,2025-03-01,26.7,60.5,2.1,808.9,1004.6,0.1,60.5,27.7,26.6,34.3,0.0,1.0,3.0,60.0,0.0,45.8,46.0,44.8,39.2,38.4,42.0,0.0,11200.0,8.8,21.0,10.4,9.7,48.8,False
ahmedabad,2025-03-02,28.5,52.1,2.3,720.8,999.7,0.8,52.1,29.3,26.9,35.3,0.0,2.0,3.0,61.0,0.0,26.7,45.8,46.0,26.6,39.2,38.4,0.0,11200.0,8.8,21.0,10.4,9.9,51.9,False
ahmedabad,2025-03-03,29.3,54.2,1.5,728.1,1002.3,0.2,54.2,30.6,27.9,37.4,0.0,3.0,3.0,62.0,0.0,28.5,26.7,45.8,26.9,26.6,39.2,0.0,11200.0,8.8,21.0,10.4,8.5,53.0,False
ahmedabad,2025-03-04,27.2,64.0,2.6,773.7,1003.7,1.0,64.0,28.7,27.2,35.4,0.0,4.0,3.0,63.0,0.0,29.3,28.5,26.7,27.9,26.9,26.6,0.0,11200.0,8.8,21.0,10.4,7.9,36.9,False
ahmedabad,2025-03-05,27.4,60.2,2.2,772.4,1002.7,0.4,60.2,28.6,27.0,35.3,0.0,5.0,3.0,64.0,0.0,27.2,29.3,28.5,27.2,27.9,26.9,0.0,11200.0,8.8,21.0,10.4,9.6,45.6,False
ahmedabad,2025-03-06,28.9,54.2,1.8,922.2,1002.8,0.8,54.2,30.1,28.5,36.6,0.0,6.0,3.0,65.0,0.0,27.4,27.2,29.3,27.0,27.2,27.9,0.0,11200.0,8.8,21.0,10.4,11.7,71.4,False
ahmedabad,2025-03-07,27.0,61.8,2.4,750.8,1000.2,1.0,61.8,28.2,26.7,34.8,0.0,7.0,3.0,66.0,0.0,28.9,27.4,27.2,28.5,27.0,27.2,0.0,11200.0,8.8,21.0,10.4,10.9,55.1,False
ahmedabad,2025-03-08,26.0,63.5,0.7,747.9,998.2,0.4,63.5,26.3,26.0,34.6,0.0,8.0,3.0,67.0,0.0,27.0,28.9,27.4,26.7,28.5,27.0,0.0,11200.0,8.8,21.0,10.4,9.6,42.5,False
ahmedabad,2025-03-09,27.7,57.5,2.2,762.8,999.3,0.4,57.5,28.8,27.0,35.2,0.0,9.0,3.0,68.0,0.0,26.0,27.0,28.9,26.0,26.7,28.5,0.0,11200.0,8.8,21.0,10.4,9.9,43.8,False
ahmedabad,2025-03-10,27.2,53.5,2.1,694.7,1001.9,0.4,53.5,27.8,25.7,33.8,0.0,10.0,3.0,69.0,0.0,27.7,26.0,27.0,27.0,26.0,26.7,0.0,11200.0,8.8,21.0,10.4,9.1,40.6,False
ahmedabad,2025-03-11,27.3,60.2,1.9,763.8,998.5,0.4,60.2,28.5,26.9,35.3,0.0,11.0,3.0,70.0,0.0,27.2,27.7,26.0,25.7,27.0,26.0,0.0,11200.0,8.8,21.0,10.4,9.3,50.0,False
ahmedabad,2025-03-12,27.9,67.0,3.5,796.6,1001.2,0.8,67.0,30.1,28.3,36.5,0.0,12.0,3.0,71.0,0.0,27.3,27.2,27.7,26.9,25.7,27.0,0.0,11200.0,8.8,21.0,10.4,11.2,56.4,False
ahmedabad,2025-03-13,29.1,55.3,2.1,793.8,999.3,0.2,55.3,30.5,28.2,36.9,0.0,13.0,3.0,72.0,0.0,27.9,27.3,27.2,28.3,26.9,25.7,0.0,11200.0,8.8,21.0,10.4,11.0,61.3,False
ahmedabad,2025-03-14,26.9,56.4,2.9,759.1,1000.6,0.2,56.4,27.7,26.0,33.5,0.0,14.0,3.0,73.0,0.0,29.1,27.9,27.3,28.2,28.3,26.9,0.0,11200.0,8.8,21.0,10.4,7.5,39.3,False
ahmedabad,2025-03-15,26.8,55.2,4.2,730.3,1000.7,1.0,55.2,27.5,25.6,32.5,0.0,15.0,3.0,74.0,0.0,26.9,29.1,27.9,26.0,28.2,28.3,0.0,11200.0,8.8,21.0,10.4,7.8,37.1,False
ahmedabad,2025-03-16,26.6,61.6,3.2,839.4,999.0,0.0,61.6,27.7,26.7,33.8,0.0,16.0,3.0,75.0,0.0,26.8,26.9,29.1,25.6,26.0,28.2,0.0,11200.0,8.8,21.0,10.4,8.2,50.7,False
ahmedabad,2025-03-17,25.8,62.1,4.0,759.0,1000.7,1.3,62.1,26.1,25.6,32.3,0.0,17.0,3.0,76.0,0.0,26.6,26.8,26.9,26.7,25.6,26.0,0.0,11200.0,8.8,21.0,10.4,8.8,42.4,False
ahmedabad,2025-03-18,28.7,60.3,1.3,779.5,996.6,0.0,60.3,30.6,28.3,37.9,0.0,18.0,3.0,77.0,0.0,25.8,26.6,26.8,25.6,26.7,25.6,0.0,11200.0,8.8,21.0,10.4,8.4,46.2,False
ahmedabad,2025-03-19,27.6,67.1,0.5,771.0,1004.6,0.4,67.1,29.6,28.1,38.0,0.0,19.0,3.0,78.0,0.0,28.7,25.8,26.6,28.3,25.6,26.7,0.0,11200.0,8.8,21.0,10.4,9.1,46.3,False
ahmedabad,2025-03-20,28.8,53.3,2.4,705.1,1002.6,0.1,53.3,29.8,27.2,35.9,0.0,20.0,3.0,79.0,0.0,27.6,28.7,25.8,28.1,28.3,25.6,0.0,11200.0,8.8,21.0,10.4,11.0,64.1,False
ahmedabad,2025-03-21,28.5,55.4,1.6,806.8,1004.6,0.4,55.4,29.6,27.7,36.4,0.0,21.0,3.0,80.0,0.0,28.8,27.6,28.7,27.2,28.1,28.3,0.0,11200.0,8.8,21.0,10.4,8.0,33.2,False
ahmedabad,2025-03-22,27.3,61.5,2.6,757.7,1001.4,0.3,61.5,28.6,27.0,35.1,0.0,22.0,3.0,81.0,0.0,28.5,28.8,27.6,27.7,27.2,28.1,0.0,11200.0,8.8,21.0,10.4,9.9,46.1,False
ahmedabad,2025-03-23,26.9,51.5,3.5,817.5,1001.1,0.1,51.5,27.4,25.8,32.3,0.0,23.0,3.0,82.0,0.0,27.3,28.5,28.8,27.0,27.7,27.2,0.0,11200.0,8.8,21.0,10.4,7.7,33.8,False
ahmedabad,2025-03-24,27.1,51.2,2.2,786.7,999.8,1.5,51.2,27.6,25.8,33.2,0.0,24.0,3.0,83.0,0.0,26.9,27.3,28.5,25.8,27.0,27.7,0.0,11200.0,8.8,21.0,10.4,9.6,53.8,False
ahmedabad,2025-03-25,29.5,57.6,2.5,741.0,1002.3,0.9,57.6,31.5,28.5,37.8,0.0,25.0,3.0,84.0,0.0,27.1,26.9,27.3,25.8,25.8,27.0,0.0,11200.0,8.8,21.0,10.4,13.6,72.5,False
ahmedabad,2025-03-26,28.1,48.8,3.0,849.4,997.7,1.1,48.8,28.5,26.7,33.7,0.0,26.0,3.0,85.0,0.0,29.5,27.1,26.9,28.5,25.8,25.8,0.0,11200.0,8.8,21.0,10.4,10.3,49.5,False
ahmedabad,2025-03-27,27.8,57.4,1.3,736.9,1002.6,0.0,57.4,28.9,27.0,35.9,0.0,27.0,3.0,86.0,0.0,28.1,29.5,27.1,26.7,28.5,25.8,0.0,11200.0,8.8,21.0,10.4,9.7,43.8,False
ahmedabad,2025-03-28,27.8,53.7,2.6,769.4,1001.6,0.3,53.7,28.5,26.6,34.4,0.0,28.0,3.0,87.0,0.0,27.8,28.1,29.5,27.0,26.7,28.5,0.0,11200.0,8.8,21.0,10.4,10.1,45.9,False
ahmedabad,2025-03-29,27.7,58.6,2.0,870.9,999.1,0.3,58.6,28.9,27.6,35.6,0.0,29.0,3.0,88.0,0.0,27.8,27.8,28.1,26.6,27.0,26.7,0.0,11200.0,8.8,21.0,10.4,6.3,29.1,False
ahmedabad,2025-03-30,28.1,56.8,2.5,767.8,1001.6,0.0,56.8,29.2,27.3,35.5,0.0,30.0,3.0,89.0,0.0,27.7,27.8,27.8,27.6,26.6,27.0,0.0,11200.0,8.8,21.0,10.4,10.2,52.5,False
ahmedabad,2025-03-31,28.9,62.1,3.0,758.9,998.4,1.2,62.1,31.2,28.5,37.4,0.0,31.0,3.0,90.0,0.0,28.1,27.7,27.8,27.3,27.6,26.6,0.0,11200.0,8.8,21.0,10.4,12.4,69.2,False
ahmedabad,2025-04-01,29.8,55.8,2.7,789.2,997.8,0.0,55.8,31.7,28.8,37.7,0.0,1.0,4.0,91.0,0.0,28.9,28.1,27.7,28.5,27.3,27.6,0.0,11200.0,8.8,21.0,10.4,14.9,78.8,False
ahmedabad,2025-04-02,27.5,54.5,3.3,816.1,1000.1,0.1,54.5,28.3,26.7,33.8,0.0,2.0,4.0,92.0,0.0,29.8,28.9,28.1,28.8,28.5,27.3,0.0,11200.0,8.8,21.0,10.4,7.6,36.6,False
ahmedabad,2025-04-03,29.5,50.8,3.3,802.8,999.7,0.0,50.8,30.4,28.0,35.8,0.0,3.0,4.0,93.0,0.0,27.5,29.8,28.9,26.7,28.8,28.5,0.0,11200.0,8.8,21.0,10.4,8.7,25.4,False
ahmedabad,2025-04-04,28.4,55.8,3.7,752.7,1000.6,0.4,55.8,29.5,27.3,35.0,0.0,4.0,4.0,94.0,0.0,29.5,27.5,29.8,28.0,26.7,28.8,0.0,11200.0,8.8,21.0,10.4,10.6,47.4,False
ahmedabad,2025-04-05,28.4,55.4,2.0,813.8,997.2,0.4,55.4,29.5,27.6,36.0,0.0,5.0,4.0,95.0,0.0,28.4,29.5,27.5,27.3,28.0,26.7,0.0,11200.0,8.8,21.0,10.4,10.0,50.9,False
ahmedabad,2025-04-06,27.8,59.9,3.4,767.3,1002.1,0.3,59.9,29.1,27.3,35.1,0.0,6.0,4.0,96.0,0.0,28.4,28.4,29.5,27.6,27.3,28.0,0.0,11200.0,8.8,21.0,10.4,9.4,42.0,False
ahmedabad,2025-04-07,31.1,52.0,1.6,841.9,1000.4,0.0,52.0,33.2,29.9,39.6,0.0,7.0,4.0,97.0,0.0,27.8,28.4,28.4,27.3,27.6,27.3,0.0,11200.0,8.8,21.0,10.4,15.7,107.4,False
ahmedabad,2025-04-08,29.2,56.2,3.3,785.7,996.4,0.2,56.2,30.8,28.3,36.5,0.0,8.0,4.0,98.0,0.0,31.1,27.8,28.4,29.9,27.3,27.6,0.0,11200.0,8.8,21.0,10.4,13.1,61.3,False
ahmedabad,2025-04-09,28.2,49.5,1.6,802.9,1002.3,0.4,49.5,28.6,26.7,34.7,0.0,9.0,4.0,99.0,0.0,29.2,31.1,27.8,28.3,29.9,27.3,0.0,11200.0,8.8,21.0,10.4,9.5,42.5,False
ahmedabad,2025-04-10,31.2,53.8,2.0,849.8,1001.8,0.2,53.8,33.8,30.2,39.9,0.0,10.0,4.0,100.0,0.0,28.2,29.2,31.1,26.7,28.3,29.9,0.0,11200.0,8.8,21.0,10.4,21.4,123.3,False
ahmedabad,2025-04-11,29.2,50.9,2.7,797.3,1001.2,0.1,50.9,30.0,27.7,35.8,0.0,11.0,4.0,101.0,0.0,31.2,28.2,29.2,30.2,26.7,28.3,0.0,11200.0,8.8,21.0,10.4,8.1,23.6,False
ahmedabad,2025-04-12,29.3,52.5,2.9,779.7,999.5,0.6,52.5,30.4,27.9,36.2,0.0,12.0,4.0,102.0,0.0,29.2,31.2,28.2,27.7,30.2,26.7,0.0,11200.0,8.8,21.0,10.4,10.7,47.8,False
ahmedabad,2025-04-13,30.5,52.0,2.1,811.6,1003.2,0.8,52.0,32.2,29.1,38.3,0.0,13.0,4.0,103.0,0.0,29.3,29.2,31.2,27.9,27.7,30.2,0.0,11200.0,8.8,21.0,10.4,15.4,97.2,False
ahmedabad,2025-04-14,31.3,47.4,2.9,865.9,1001.6,0.8,47.4,32.6,29.5,37.9,0.0,14.0,4.0,104.0,0.0,30.5,29.3,29.2,29.1,27.9,27.7,0.0,11200.0,8.8,21.0,10.4,15.0,95.5,False
ahmedabad,2025-04-15,30.9,53.6,1.7,788.5,1001.2,0.2,53.6,33.2,29.6,39.6,0.0,15.0,4.0,105.0,0.0,31.3,30.5,29.3,29.5,29.1,27.9,0.0,11200.0,8.8,21.0,10.4,17.7,101.5,False
ahmedabad,2025-04-16,34.1,50.2,3.5,860.0,998.3,0.1,50.2,38.7,32.3,42.4,0.0,16.0,4.0,106.0,0.0,30.9,31.3,30.5,29.6,29.5,29.1,0.0,11200.0,8.8,21.0,10.4,33.8,227.0,False
ahmedabad,2025-04-17,34.2,57.5,0.9,751.0,1002.3,0.2,57.5,41.7,33.0,47.0,0.0,17.0,4.0,107.0,0.0,34.1,30.9,31.3,32.3,29.6,29.5,0.0,11200.0,8.8,21.0,10.4,36.4,244.4,False
ahmedabad,2025-04-18,36.2,46.7,2.2,830.1,999.8,0.0,46.7,42.2,33.6,45.7,0.0,18.0,4.0,108.0,0.0,34.2,34.1,30.9,33.0,32.3,29.6,0.0,11200.0,8.8,21.0,10.4,36.7,257.1,False
ahmedabad,2025-04-19,32.9,53.7,2.6,778.9,1003.1,1.3,53.7,37.2,31.3,42.1,0.0,19.0,4.0,109.0,0.0,36.2,34.2,34.1,33.6,33.0,32.3,0.0,11200.0,8.8,21.0,10.4,25.6,173.6,False
ahmedabad,2025-04-20,34.8,44.6,3.6,848.0,1001.0,2.1,44.6,38.3,32.1,41.7,0.0,20.0,4.0,110.0,0.0,32.9,36.2,34.2,31.3,33.6,33.0,0.0,11200.0,8.8,21.0,10.4,33.0,208.3,False
ahmedabad,2025-04-21,34.3,46.4,3.1,874.8,1002.7,0.3,46.4,37.8,32.1,41.9,0.0,21.0,4.0,111.0,0.0,34.8,32.9,36.2,32.1,31.3,33.6,0.0,11200.0,8.8,21.0,10.4,28.8,191.7,False
ahmedabad,2025-04-22,35.2,50.1,1.7,867.0,1002.3,0.3,50.1,41.2,33.4,45.6,0.0,22.0,4.0,112.0,0.0,34.3,34.8,32.9,32.1,32.1,31.3,0.0,11200.0,8.8,21.0,10.4,38.0,265.0,False
ahmedabad,2025-04-23,33.7,45.5,3.9,879.4,997.5,0.8,45.5,36.4,31.4,40.1,0.0,23.0,4.0,113.0,0.0,35.2,34.3,34.8,33.4,32.1,32.1,0.0,11200.0,8.8,21.0,10.4,28.6,178.3,False
ahmedabad,2025-04-24,32.8,47.0,2.2,890.8,999.5,0.5,47.0,35.1,30.9,40.4,0.0,24.0,4.0,114.0,0.0,33.7,35.2,34.3,31.4,33.4,32.1,0.0,11200.0,8.8,21.0,10.4,28.8,181.5,False
ahmedabad,2025-04-25,32.8,47.5,2.5,746.2,1000.6,0.1,47.5,35.2,30.3,40.3,0.0,25.0,4.0,115.0,0.0,32.8,33.7,35.2,30.9,31.4,33.4,0.0,11200.0,8.8,21.0,10.4,21.1,140.4,False
ahmedabad,2025-04-26,30.7,52.7,2.6,751.6,997.5,0.5,52.7,32.6,29.1,38.4,0.0,26.0,4.0,116.0,0.0,32.8,32.8,33.7,30.3,30.9,31.4,0.0,11200.0,8.8,21.0,10.4,13.4,89.8,False
ahmedabad,2025-04-27,30.7,45.5,3.7,746.3,1001.1,1.4,45.5,31.3,28.1,36.1,0.0,27.0,4.0,117.0,0.0,30.7,32.8,32.8,29.1,30.3,30.9,0.0,11200.0,8.8,21.0,10.4,9.2,45.6,False
ahmedabad,2025-04-28,31.1,54.0,2.0,801.8,998.2,0.8,54.0,33.6,29.9,39.8,0.0,28.0,4.0,118.0,0.0,30.7,30.7,32.8,28.1,29.1,30.3,0.0,11200.0,8.8,21.0,10.4,19.2,124.5,False
ahmedabad,2025-04-29,31.4,54.1,2.1,895.1,1000.1,0.0,54.1,34.2,30.6,40.2,0.0,29.0,4.0,119.0,0.0,31.1,30.7,30.7,29.9,28.1,29.1,0.0,11200.0,8.8,21.0,10.4,22.6,144.7,False
ahmedabad,2025-04-30,30.2,50.1,2.3,887.2,1000.3,0.1,50.1,31.4,29.0,37.3,0.0,30.0,4.0,120.0,0.0,31.4,31.1,30.7,30.6,29.9,28.1,0.0,11200.0,8.8,21.0,10.4,13.5,76.1,False
ahmedabad,2025-05-01,31.8,45.6,2.1,865.7,1000.9,0.5,45.6,33.0,29.8,38.6,0.0,1.0,5.0,121.0,0.0,30.2,31.4,31.1,29.0,30.6,29.9,0.0,11200.0,8.8,21.0,10.4,16.4,105.9,False
ahmedabad,2025-05-02,28.7,55.6,4.1,838.0,999.6,1.4,55.6,29.9,28.0,35.2,0.0,2.0,5.0,122.0,0.0,31.8,30.2,31.4,29.8,29.0,30.6,0.0,11200.0,8.8,21.0,10.4,9.2,39.3,False
ahmedabad,2025-05-03,30.1,51.6,1.6,859.4,995.3,0.3,51.6,31.5,29.0,37.9,0.0,3.0,5.0,123.0,0.0,28.7,31.8,30.2,28.0,29.8,29.0,0.0,11200.0,8.8,21.0,10.4,17.0,94.4,False
ahmedabad,2025-05-04,27.6,56.0,2.1,805.8,1000.5,0.5,56.0,28.5,26.9,34.9,0.0,4.0,5.0,124.0,0.0,30.1,28.7,31.8,29.0,28.0,29.8,0.0,11200.0,8.8,21.0,10.4,9.6,49.4,False
ahmedabad,2025-05-05,27.5,56.3,4.7,833.8,1004.7,0.4,56.3,28.4,26.9,33.3,0.0,5.0,5.0,125.0,0.0,27.6,30.1,28.7,26.9,29.0,28.0,0.0,11200.0,8.8,21.0,10.4,7.5,41.1,False
ahmedabad,2025-05-06,28.5,58.8,1.4,848.1,1001.3,1.5,58.8,30.1,28.3,37.2,0.0,6.0,5.0,126.0,0.0,27.5,27.6,30.1,26.9,26.9,29.0,0.0,11200.0,8.8,21.0,10.4,9.9,47.0,False
ahmedabad,2025-05-07,30.6,47.7,3.2,766.9,999.9,0.2,47.7,31.6,28.4,36.8,0.0,7.0,5.0,127.0,0.0,28.5,27.5,27.6,28.3,26.9,26.9,0.0,11200.0,8.8,21.0,10.4,7.7,45.5,False
ahmedabad,2025-05-08,30.9,53.2,1.4,839.0,995.6,0.1,53.2,33.1,29.8,39.7,0.0,8.0,5.0,128.0,0.0,30.6,28.5,27.5,28.4,28.3,26.9,0.0,11200.0,8.8,21.0,10.4,16.6,105.6,False
ahmedabad,2025-05-09,32.4,56.4,3.0,887.3,999.1,0.7,56.4,36.9,31.7,41.7,0.0,9.0,5.0,129.0,0.0,30.9,30.6,28.5,29.8,28.4,28.3,0.0,11200.0,8.8,21.0,10.4,28.4,191.4,False
ahmedabad,2025-05-10,30.2,54.7,2.3,843.8,997.1,1.2,54.7,32.2,29.3,38.3,0.0,10.0,5.0,130.0,0.0,32.4,30.9,30.6,31.7,29.8,28.4,0.0,11200.0,8.8,21.0,10.4,16.2,98.3,False
ahmedabad,2025-05-11,31.9,53.3,3.1,906.3,997.9,0.2,53.3,35.0,31.0,40.1,0.0,11.0,5.0,131.0,0.0,30.2,32.4,30.9,29.3,31.7,29.8,0.0,11200.0,8.8,21.0,10.4,23.5,157.8,False
ahmedabad,2025-05-12,32.1,45.9,3.0,937.3,998.1,1.2,45.9,33.6,30.4,38.6,0.0,12.0,5.0,132.0,0.0,31.9,30.2,32.4,31.0,29.3,31.7,0.0,11200.0,8.8,21.0,10.4,23.6,148.9,False
ahmedabad,2025-05-13,30.1,44.1,1.6,879.1,1001.4,0.2,44.1,30.3,28.1,36.2,0.0,13.0,5.0,133.0,0.0,32.1,31.9,30.2,30.4,31.0,29.3,0.0,11200.0,8.8,21.0,10.4,6.8,41.2,False
ahmedabad,2025-05-14,33.8,45.5,3.4,913.6,1000.3,1.4,45.5,36.6,31.7,40.6,0.0,14.0,5.0,134.0,0.0,30.1,32.1,31.9,28.1,30.4,31.0,0.0,11200.0,8.8,21.0,10.4,28.7,192.3,False
ahmedabad,2025-05-15,35.4,43.5,2.0,841.8,998.1,1.9,43.5,39.1,32.5,43.5,0.0,15.0,5.0,135.0,0.0,33.8,30.1,32.1,31.7,28.1,30.4,0.0,11200.0,8.8,21.0,10.4,35.2,239.7,False
ahmedabad,2025-05-16,35.0,56.1,2.6,857.6,996.9,0.7,56.1,43.2,34.0,46.5,0.0,16.0,5.0,136.0,0.0,35.4,33.8,30.1,32.5,31.7,28.1,0.0,11200.0,8.8,21.0,10.4,43.8,286.6,False
ahmedabad,2025-05-17,35.2,45.6,1.6,893.1,998.8,0.2,45.6,39.5,32.9,44.2,0.0,17.0,5.0,137.0,0.0,35.0,35.4,33.8,34.0,32.5,31.7,0.0,11200.0,8.8,21.0,10.4,37.7,249.4,False
ahmedabad,2025-05-18,36.0,44.0,2.6,896.0,996.1,0.2,44.0,40.6,33.4,44.1,0.0,18.0,5.0,138.0,0.0,35.2,35.0,35.4,32.9,34.0,32.5,0.0,11200.0,8.8,21.0,10.4,39.2,251.5,False
ahmedabad,2025-05-19,37.5,41.7,1.9,836.0,998.0,0.1,41.7,43.0,34.1,46.2,0.0,19.0,5.0,139.0,0.0,36.0,35.2,35.0,33.4,32.9,34.0,0.0,11200.0,8.8,21.0,10.4,42.3,282.6,False
ahmedabad,2025-05-20,38.3,41.1,2.8,912.4,1000.4,0.0,41.1,44.6,35.0,46.5,0.0,20.0,5.0,140.0,0.0,37.5,36.0,35.2,34.1,33.4,32.9,0.0,11200.0,8.8,21.0,10.4,48.0,337.7,False
ahmedabad,2025-05-21,39.6,37.8,4.3,901.3,996.3,0.0,37.8,46.1,35.5,45.8,0.0,21.0,5.0,141.0,0.0,38.3,37.5,36.0,35.0,34.1,33.4,0.0,11200.0,8.8,21.0,10.4,57.6,400.6,False
ahmedabad,2025-05-22,39.2,39.2,2.4,922.4,1000.5,0.0,39.2,45.8,35.5,47.5,0.0,22.0,5.0,142.0,0.0,39.6,38.3,37.5,35.5,35.0,34.1,0.0,11200.0,8.8,21.0,10.4,55.0,377.8,False
ahmedabad,2025-05-23,41.2,36.9,3.3,873.9,998.7,0.0,36.9,49.5,36.6,48.8,0.0,23.0,5.0,143.0,1.0,39.2,39.6,38.3,35.5,35.5,35.0,6.2,11200.0,8.8,21.0,10.4,69.9,480.0,False
ahmedabad,2025-05-24,39.6,46.0,1.9,853.0,1002.0,0.0,46.0,50.8,36.7,51.8,0.0,24.0,5.0,144.0,0.0,41.2,39.2,39.6,36.6,35.5,35.5,0.0,11200.0,8.8,21.0,10.4,63.8,426.6,False
ahmedabad,2025-05-25,39.6,33.4,1.7,734.7,997.5,0.0,33.4,43.9,33.9,46.0,0.0,25.0,5.0,145.0,0.0,39.6,41.2,39.2,36.7,36.6,35.5,0.0,11200.0,8.8,21.0,10.4,45.2,315.9,False
ahmedabad,2025-05-26,38.7,42.3,2.2,968.4,1000.5,0.0,42.3,46.2,35.9,48.2,0.0,26.0,5.0,146.0,0.0,39.6,39.6,41.2,33.9,36.7,36.6,0.0,11200.0,8.8,21.0,10.4,55.7,379.2,False
ahmedabad,2025-05-27,42.3,30.3,1.4,890.8,1002.2,0.0,30.3,48.1,36.4,48.7,0.0,27.0,5.0,147.0,1.0,38.7,39.6,39.6,35.9,33.9,36.7,7.3,11200.0,8.8,21.0,10.4,72.8,480.0,False
ahmedabad,2025-05-28,38.8,45.6,3.3,936.1,996.3,0.0,45.6,48.3,36.3,48.8,0.0,28.0,5.0,148.0,0.0,42.3,38.7,39.6,36.4,35.9,33.9,0.0,11200.0,8.8,21.0,10.4,56.0,384.8,False
ahmedabad,2025-05-29,40.1,35.5,1.6,877.1,996.6,0.0,35.5,46.0,35.5,47.9,0.0,29.0,5.0,149.0,1.0,38.8,42.3,38.7,36.3,36.4,35.9,5.1,11200.0,8.8,21.0,10.4,59.0,414.6,False
ahmedabad,2025-05-30,39.8,39.1,2.6,850.4,997.7,0.0,39.1,47.2,35.7,48.2,0.0,30.0,5.0,150.0,0.0,40.1,38.8,42.3,35.5,36.3,36.4,0.0,11200.0,8.8,21.0,10.4,57.8,392.2,False
ahmedabad,2025-05-31,40.4,35.9,2.6,959.9,999.3,0.0,35.9,46.9,36.2,47.6,0.0,31.0,5.0,151.0,1.0,39.8,40.1,38.8,35.7,35.5,36.3,5.4,11200.0,8.8,21.0,10.4,64.8,449.5,False
ahmedabad,2025-06-01,39.9,42.8,2.0,863.6,993.3,0.0,42.8,49.7,36.5,50.7,0.0,1.0,6.0,152.0,0.0,40.4,39.8,40.1,36.2,35.7,35.5,0.0,11200.0,8.8,21.0,10.4,62.6,434.0,False
ahmedabad,2025-06-02,39.7,41.9,3.6,870.1,999.6,0.0,41.9,48.6,36.1,48.4,0.0,2.0,6.0,153.0,0.0,39.9,40.4,39.8,36.5,36.2,35.7,0.0,11200.0,8.8,21.0,10.4,58.6,413.1,False
ahmedabad,2025-06-03,36.6,46.0,0.9,893.3,998.2,2.1,46.0,42.8,34.3,47.3,0.0,3.0,6.0,154.0,0.0,39.7,39.9,40.4,36.1,36.5,36.2,0.0,11200.0,8.8,21.0,10.4,42.2,293.7,False
ahmedabad,2025-06-04,37.5,43.9,2.4,962.4,997.3,0.0,43.9,44.1,35.0,46.7,0.0,4.0,6.0,155.0,0.0,36.6,39.7,39.9,34.3,36.1,36.5,0.0,11200.0,8.8,21.0,10.4,48.6,333.3,False
ahmedabad,2025-06-05,37.6,44.3,0.6,876.1,996.2,0.2,44.3,44.5,34.9,48.6,0.0,5.0,6.0,156.0,0.0,37.5,36.6,39.7,35.0,34.3,36.1,0.0,11200.0,8.8,21.0,10.4,43.5,308.9,False
ahmedabad,2025-06-06,36.7,54.2,2.2,889.2,999.3,0.3,54.2,47.1,35.4,49.4,0.0,6.0,6.0,157.0,0.0,37.6,37.5,36.6,34.9,35.0,34.3,0.0,11200.0,8.8,21.0,10.4,47.0,325.3,False
ahmedabad,2025-06-07,35.5,46.1,1.7,930.3,996.6,0.2,46.1,40.3,33.5,44.8,0.0,7.0,6.0,158.0,0.0,36.7,37.6,37.5,35.4,34.9,35.0,0.0,11200.0,8.8,21.0,10.4,38.6,260.5,False
ahmedabad,2025-06-08,38.1,41.2,2.4,904.9,997.4,0.0,41.2,44.2,34.8,46.5,0.0,8.0,6.0,159.0,0.0,35.5,36.7,37.6,33.5,35.4,34.9,0.0,11200.0,8.8,21.0,10.4,46.9,320.0,False
ahmedabad,2025-06-09,36.1,45.1,2.6,906.0,993.4,0.1,45.1,41.3,33.7,44.6,0.0,9.0,6.0,160.0,0.0,38.1,35.5,36.7,34.8,33.5,35.4,0.0,11200.0,8.8,21.0,10.4,43.7,279.3,False
ahmedabad,2025-06-10,36.3,39.1,2.8,886.8,995.5,0.3,39.1,39.4,32.8,42.7,0.0,10.0,6.0,161.0,0.0,36.1,38.1,35.5,33.7,34.8,33.5,0.0,11200.0,8.8,21.0,10.4,34.7,225.5,False
ahmedabad,2025-06-11,36.1,48.6,1.8,928.0,995.1,0.8,48.6,42.8,34.3,46.6,0.0,11.0,6.0,162.0,0.0,36.3,36.1,38.1,32.8,33.7,34.8,0.0,11200.0,8.8,21.0,10.4,43.8,293.6,False
ahmedabad,2025-06-12,34.3,52.3,2.2,930.8,994.8,0.1,52.3,39.9,33.2,44.4,0.0,12.0,6.0,163.0,0.0,36.1,36.3,36.1,34.3,32.8,33.7,0.0,11200.0,8.8,21.0,10.4,37.8,254.0,False
ahmedabad,2025-06-13,35.5,35.6,2.5,962.7,1002.2,0.6,35.6,36.8,31.9,40.5,0.0,13.0,6.0,164.0,0.0,34.3,36.1,36.3,33.2,34.3,32.8,0.0,11200.0,8.8,21.0,10.4,29.2,191.8,False
ahmedabad,2025-06-14,36.2,43.5,3.5,938.1,995.2,1.1,43.5,40.9,33.6,43.5,0.0,14.0,6.0,165.0,0.0,35.5,34.3,36.1,31.9,33.2,34.3,0.0,11200.0,8.8,21.0,10.4,40.9,269.5,False
ahmedabad,2025-06-15,38.0,36.3,1.2,990.6,996.7,0.3,36.3,41.8,34.4,45.4,0.0,15.0,6.0,166.0,0.0,36.2,35.5,34.3,33.6,31.9,33.2,0.0,11200.0,8.8,21.0,10.4,45.0,302.5,False
ahmedabad,2025-06-16,37.4,44.1,1.4,956.2,997.9,0.8,44.1,43.9,35.0,47.5,0.0,16.0,6.0,167.0,0.0,38.0,36.2,35.5,34.4,33.6,31.9,0.0,11200.0,8.8,21.0,10.4,45.4,320.2,False
ahmedabad,2025-06-17,37.5,42.7,4.2,959.9,995.3,0.7,42.7,43.5,34.7,44.7,0.0,17.0,6.0,168.0,0.0,37.4,38.0,36.2,35.0,34.4,33.6,0.0,11200.0,8.8,21.0,10.4,45.3,320.6,False
ahmedabad,2025-06-18,38.6,26.8,3.5,904.6,994.9,0.0,26.8,39.4,32.6,40.4,0.0,18.0,6.0,169.0,0.0,37.5,37.4,38.0,34.7,35.0,34.4,0.0,11200.0,8.8,21.0,10.4,34.8,233.9,False
ahmedabad,2025-06-19,39.9,33.9,1.6,950.5,997.7,0.0,33.9,44.8,35.4,46.8,0.0,19.0,6.0,170.0,0.0,38.6,37.5,37.4,32.6,34.7,35.0,0.0,11200.0,8.8,21.0,10.4,57.3,389.4,False
ahmedabad,2025-06-20,39.2,39.2,2.7,1009.3,992.4,0.0,39.2,45.8,36.0,47.2,0.0,20.0,6.0,171.0,0.0,39.9,38.6,37.5,35.4,32.6,34.7,0.0,11200.0,8.8,21.0,10.4,56.6,386.4,False
ahmedabad,2025-06-21,39.4,44.8,2.9,959.1,998.2,0.0,44.8,49.5,36.8,49.9,0.0,21.0,6.0,172.0,0.0,39.2,39.9,38.6,36.0,35.4,32.6,0.0,11200.0,8.8,21.0,10.4,61.4,427.0,False
ahmedabad,2025-06-22,44.1,32.9,3.1,938.7,992.7,0.0,32.9,54.1,38.6,51.4,0.0,22.0,6.0,173.0,1.0,39.4,39.2,39.9,36.8,36.0,35.4,9.1,11200.0,8.8,21.0,10.4,89.0,480.0,False
ahmedabad,2025-06-23,43.8,37.5,3.2,890.6,999.5,0.0,37.5,56.9,39.0,53.7,0.0,23.0,6.0,174.0,2.0,44.1,39.4,39.2,38.6,36.8,36.0,17.6,11200.0,8.8,21.0,10.4,93.9,480.0,False
ahmedabad,2025-06-24,43.7,33.8,3.6,906.4,993.6,0.0,33.8,53.8,38.2,50.8,0.0,24.0,6.0,175.0,3.0,43.8,44.1,39.4,39.0,38.6,36.8,26.1,11200.0,8.8,21.0,10.4,92.8,480.0,False
ahmedabad,2025-06-25,47.9,30.9,2.2,890.5,992.4,0.0,30.9,62.6,41.1,57.6,0.0,25.0,6.0,176.0,4.0,43.7,43.8,44.1,38.2,39.0,38.6,51.6,11200.0,8.8,21.0,10.4,98.0,480.0,False
ahmedabad,2025-06-26,46.7,34.4,2.7,928.8,996.7,0.0,34.4,62.7,41.1,57.6,0.0,26.0,6.0,177.0,5.0,47.9,43.7,43.8,41.1,38.2,39.0,58.5,11200.0,8.8,21.0,10.4,98.0,480.0,False
ahmedabad,2025-06-27,45.9,30.8,0.7,936.9,997.8,0.0,30.8,57.1,39.8,55.7,0.0,27.0,6.0,178.0,6.0,46.7,47.9,43.7,41.1,41.1,38.2,65.4,11200.0,8.8,21.0,10.4,98.0,480.0,False
ahmedabad,2025-06-28,47.5,22.8,3.3,921.7,995.3,0.0,22.8,54.0,38.8,48.9,0.0,28.0,6.0,179.0,7.0,45.9,46.7,47.9,39.8,41.1,41.1,87.5,11200.0,8.8,21.0,10.4,98.0,480.0,False
ahmedabad,2026-03-01,30.1,58.0,1.8,806.8,1001.4,0.3,58.0,32.6,29.5,39.3,0.0,1.0,3.0,60.0,0.0,47.5,45.9,46.7,38.8,39.8,41.1,0.0,11200.0,8.8,21.0,10.4,18.7,119.0,False
ahmedabad,2026-03-02,27.7,56.0,2.2,656.0,1003.2,0.3,56.0,28.6,26.3,34.9,0.0,2.0,3.0,61.0,0.0,30.1,47.5,45.9,29.5,38.8,39.8,0.0,11200.0,8.8,21.0,10.4,8.2,53.1,False
ahmedabad,2026-03-03,28.4,66.2,3.2,804.7,1005.8,1.0,66.2,30.9,28.7,37.3,0.0,3.0,3.0,62.0,0.0,27.7,30.1,47.5,26.3,29.5,38.8,0.0,11200.0,8.8,21.0,10.4,12.8,62.9,False
ahmedabad,2026-03-04,26.1,62.7,3.7,761.4,1000.7,0.3,62.7,26.4,26.0,32.9,0.0,4.0,3.0,63.0,0.0,28.4,27.7,30.1,28.7,26.3,29.5,0.0,11200.0,8.8,21.0,10.4,7.4,37.8,False
ahmedabad,2026-03-05,26.7,70.7,2.7,714.1,1003.5,1.2,70.7,28.4,27.2,35.7,0.0,5.0,3.0,64.0,0.0,26.1,28.4,27.7,26.0,28.7,26.3,0.0,11200.0,8.8,21.0,10.4,9.5,49.4,False
ahmedabad,2026-03-06,27.5,57.1,3.1,747.1,999.4,0.3,57.1,28.5,26.6,34.3,0.0,6.0,3.0,65.0,0.0,26.7,26.1,28.4,27.2,26.0,28.7,0.0,11200.0,8.8,21.0,10.4,11.1,60.6,False
ahmedabad,2026-03-07,27.7,65.1,2.4,747.8,1001.8,0.9,65.1,29.5,27.7,36.5,0.0,7.0,3.0,66.0,0.0,27.5,26.7,26.1,26.6,27.2,26.0,0.0,11200.0,8.8,21.0,10.4,8.2,45.7,False
ahmedabad,2026-03-08,27.6,65.6,3.5,737.8,1003.3,0.2,65.6,29.4,27.6,35.8,0.0,8.0,3.0,67.0,0.0,27.7,27.5,26.7,27.7,26.6,27.2,0.0,11200.0,8.8,21.0,10.4,8.6,42.6,False
ahmedabad,2026-03-09,27.8,58.2,4.6,696.8,997.6,0.0,58.2,29.0,26.7,34.1,0.0,9.0,3.0,68.0,0.0,27.6,27.7,27.5,27.6,27.7,26.6,0.0,11200.0,8.8,21.0,10.4,8.9,44.9,False
ahmedabad,2026-03-10,27.8,59.8,2.1,701.7,1005.1,0.1,59.8,29.1,27.0,35.9,0.0,10.0,3.0,69.0,0.0,27.8,27.6,27.7,26.7,27.6,27.7,0.0,11200.0,8.8,21.0,10.4,9.0,48.7,False
ahmedabad,2026-03-11,30.0,58.8,2.5,722.1,1000.4,0.5,58.8,32.6,29.0,38.8,0.0,11.0,3.0,70.0,0.0,27.8,27.8,27.6,27.0,26.7,27.6,0.0,11200.0,8.8,21.0,10.4,13.0,78.3,False
ahmedabad,2026-03-12,28.6,59.5,1.6,787.0,1002.6,1.0,59.5,30.3,28.2,37.3,0.0,12.0,3.0,71.0,0.0,30.0,27.8,27.8,29.0,27.0,26.7,0.0,11200.0,8.8,21.0,10.4,11.9,60.5,False
ahmedabad,2026-03-13,27.5,55.1,2.7,648.0,1001.0,0.2,55.1,28.3,25.9,34.2,0.0,13.0,3.0,72.0,0.0,28.6,30.0,27.8,28.2,29.0,27.0,0.0,11200.0,8.8,21.0,10.4,8.1,45.8,False
ahmedabad,2026-03-14,26.4,64.4,2.9,698.8,1001.6,0.4,64.4,27.6,26.1,34.1,0.0,14.0,3.0,73.0,0.0,27.5,28.6,30.0,25.9,28.2,29.0,0.0,11200.0,8.8,21.0,10.4,10.8,53.2,False
ahmedabad,2026-03-15,27.3,54.0,2.8,767.5,1004.4,0.7,54.0,28.0,26.2,33.7,0.0,15.0,3.0,74.0,0.0,26.4,27.5,28.6,26.1,25.9,28.2,0.0,11200.0,8.8,21.0,10.4,7.9,43.4,False
ahmedabad,2026-03-16,26.4,60.2,3.3,797.2,1001.6,0.9,60.2,27.4,26.2,33.2,0.0,16.0,3.0,75.0,0.0,27.3,26.4,27.5,26.2,26.1,25.9,0.0,11200.0,8.8,21.0,10.4,8.7,49.6,False
ahmedabad,2026-03-17,28.7,56.3,3.6,658.4,1005.3,0.3,56.3,30.0,27.2,35.6,0.0,17.0,3.0,76.0,0.0,26.4,27.3,26.4,26.2,26.2,26.1,0.0,11200.0,8.8,21.0,10.4,5.8,44.0,False
ahmedabad,2026-03-18,26.7,63.2,1.7,746.4,999.9,0.1,63.2,27.9,26.6,35.0,0.0,18.0,3.0,77.0,0.0,28.7,26.4,27.3,27.2,26.2,26.2,0.0,11200.0,8.8,21.0,10.4,8.8,48.9,False
ahmedabad,2026-03-19,27.5,55.3,3.0,778.4,1002.8,0.3,55.3,28.3,26.6,34.1,0.0,19.0,3.0,78.0,0.0,26.7,28.7,26.4,26.6,27.2,26.2,0.0,11200.0,8.8,21.0,10.4,7.0,35.7,False
ahmedabad,2026-03-20,26.3,63.8,1.8,792.4,1000.7,0.8,63.8,26.7,26.5,34.5,0.0,20.0,3.0,79.0,0.0,27.5,26.7,28.7,26.6,26.6,27.2,0.0,11200.0,8.8,21.0,10.4,8.3,44.9,False
ahmedabad,2026-03-21,27.4,64.5,2.3,717.8,1001.4,0.5,64.5,29.0,27.2,36.0,0.0,21.0,3.0,80.0,0.0,26.3,27.5,26.7,26.5,26.6,26.6,0.0,11200.0,8.8,21.0,10.4,7.1,48.2,False
ahmedabad,2026-03-22,28.8,57.4,1.7,798.5,1000.7,0.7,57.4,30.3,28.2,37.2,0.0,22.0,3.0,81.0,0.0,27.4,26.3,27.5,27.2,26.5,26.6,0.0,11200.0,8.8,21.0,10.4,8.1,42.5,False
ahmedabad,2026-03-23,27.3,62.0,3.3,787.8,999.2,0.2,62.0,28.6,27.2,34.8,0.0,23.0,3.0,82.0,0.0,28.8,27.4,26.3,28.2,27.2,26.5,0.0,11200.0,8.8,21.0,10.4,10.8,44.9,False
ahmedabad,2026-03-24,28.2,52.1,3.6,810.1,1002.0,0.5,52.1,28.9,27.0,34.1,0.0,24.0,3.0,83.0,0.0,27.3,28.8,27.4,27.2,28.2,27.2,0.0,11200.0,8.8,21.0,10.4,6.6,33.4,False
ahmedabad,2026-03-25,28.4,63.6,2.0,760.3,1001.8,0.1,63.6,30.5,28.3,37.6,0.0,25.0,3.0,84.0,0.0,28.2,27.3,28.8,27.0,27.2,28.2,0.0,11200.0,8.8,21.0,10.4,9.2,38.6,False
ahmedabad,2026-03-26,30.0,59.0,2.7,784.5,1002.9,0.0,59.0,32.6,29.3,38.7,0.0,26.0,3.0,85.0,0.0,28.4,28.2,27.3,28.3,27.0,27.2,0.0,11200.0,8.8,21.0,10.4,18.4,98.1,False
ahmedabad,2026-03-27,30.6,57.1,2.8,744.1,1001.8,0.2,57.1,33.4,29.5,39.2,0.0,27.0,3.0,86.0,0.0,30.0,28.4,28.2,29.3,28.3,27.0,0.0,11200.0,8.8,21.0,10.4,15.5,97.8,False
ahmedabad,2026-03-28,28.7,63.5,1.9,829.2,999.4,0.5,63.5,31.0,28.9,38.1,0.0,28.0,3.0,87.0,0.0,30.6,30.0,28.4,29.5,29.3,28.3,0.0,11200.0,8.8,21.0,10.4,10.7,74.3,False
ahmedabad,2026-03-29,31.3,51.2,4.0,783.5,997.9,0.1,51.2,33.4,29.5,38.1,0.0,29.0,3.0,88.0,0.0,28.7,30.6,30.0,28.9,29.5,29.3,0.0,11200.0,8.8,21.0,10.4,16.2,104.7,False
ahmedabad,2026-03-30,29.5,59.2,2.5,850.1,1002.5,0.0,59.2,31.8,29.2,38.1,0.0,30.0,3.0,89.0,0.0,31.3,28.7,30.6,29.5,28.9,29.5,0.0,11200.0,8.8,21.0,10.4,13.6,91.9,False
ahmedabad,2026-03-31,28.3,62.1,2.3,810.1,999.5,0.3,62.1,30.2,28.3,36.9,0.0,31.0,3.0,90.0,0.0,29.5,31.3,28.7,29.2,29.5,28.9,0.0,11200.0,8.8,21.0,10.4,8.5,55.2,False
ahmedabad,2026-04-01,28.3,56.5,1.9,788.8,999.4,0.2,56.5,29.5,27.6,36.1,0.0,1.0,4.0,91.0,0.0,28.3,29.5,31.3,28.3,29.2,29.5,0.0,11200.0,8.8,21.0,10.4,9.1,52.2,False
ahmedabad,2026-04-02,30.3,57.4,3.0,888.2,1001.1,0.1,57.4,32.9,29.9,38.6,0.0,2.0,4.0,92.0,0.0,28.3,28.3,29.5,27.6,28.3,29.2,0.0,11200.0,8.8,21.0,10.4,19.8,120.6,False
ahmedabad,2026-04-03,26.4,62.0,1.9,782.1,1000.4,1.3,62.0,27.5,26.4,34.3,0.0,3.0,4.0,93.0,0.0,30.3,28.3,28.3,29.9,27.6,28.3,0.0,11200.0,8.8,21.0,10.4,8.5,49.0,False
ahmedabad,2026-04-04,28.8,55.6,1.4,769.6,1001.4,0.4,55.6,30.1,27.8,37.0,0.0,4.0,4.0,94.0,0.0,26.4,30.3,28.3,26.4,29.9,27.6,0.0,11200.0,8.8,21.0,10.4,8.4,44.2,False
ahmedabad,2026-04-05,30.1,59.5,2.4,863.1,1000.1,0.2,59.5,32.9,29.9,39.2,0.0,5.0,4.0,95.0,0.0,28.8,26.4,30.3,27.8,26.4,29.9,0.0,11200.0,8.8,21.0,10.4,20.2,124.2,False
ahmedabad,2026-04-06,27.1,59.4,3.5,836.4,1001.1,0.6,59.4,28.2,26.9,34.0,0.0,6.0,4.0,96.0,0.0,30.1,28.8,26.4,29.9,27.8,26.4,0.0,11200.0,8.8,21.0,10.4,5.8,34.6,False
ahmedabad,2026-04-07,29.2,58.4,2.6,773.9,999.5,0.4,58.4,31.1,28.5,37.4,0.0,7.0,4.0,97.0,0.0,27.1,30.1,28.8,26.9,29.9,27.8,0.0,11200.0,8.8,21.0,10.4,7.7,52.4,False
ahmedabad,2026-04-08,29.8,52.8,1.2,844.8,999.6,0.3,52.8,31.2,28.8,38.0,0.0,8.0,4.0,98.0,0.0,29.2,27.1,30.1,28.5,26.9,29.9,0.0,11200.0,8.8,21.0,10.4,13.6,72.8,False
ahmedabad,2026-04-09,29.8,54.6,3.0,805.2,998.6,0.5,54.6,31.5,28.7,37.3,0.0,9.0,4.0,99.0,0.0,29.8,29.2,27.1,28.8,28.5,26.9,0.0,11200.0,8.8,21.0,10.4,15.1,81.5,False
ahmedabad,2026-04-10,29.7,54.7,2.2,869.1,997.9,0.0,54.7,31.3,29.0,37.6,0.0,10.0,4.0,100.0,0.0,29.8,29.8,29.2,28.7,28.8,28.5,0.0,11200.0,8.8,21.0,10.4,14.4,82.3,False
ahmedabad,2026-04-11,29.6,56.2,0.9,886.0,1000.8,0.5,56.2,31.4,29.3,38.7,0.0,11.0,4.0,101.0,0.0,29.7,29.8,29.8,29.0,28.7,28.8,0.0,11200.0,8.8,21.0,10.4,13.4,95.5,False
ahmedabad,2026-04-12,27.5,55.7,2.1,849.1,1000.3,1.0,55.7,28.4,27.0,34.7,0.0,12.0,4.0,102.0,0.0,29.6,29.7,29.8,29.3,29.0,28.7,0.0,11200.0,8.8,21.0,10.4,8.1,54.0,False
ahmedabad,2026-04-13,30.0,58.8,1.7,737.3,1001.7,0.0,58.8,32.6,29.1,39.4,0.0,13.0,4.0,103.0,0.0,27.5,29.6,29.7,27.0,29.3,29.0,0.0,11200.0,8.8,21.0,10.4,13.2,85.5,False
ahmedabad,2026-04-14,29.9,59.9,3.3,833.9,999.1,0.1,59.9,32.6,29.6,38.3,0.0,14.0,4.0,104.0,0.0,30.0,27.5,29.6,29.1,27.0,29.3,0.0,11200.0,8.8,21.0,10.4,18.6,109.7,False
ahmedabad,2026-04-15,31.8,52.5,2.3,761.5,1001.9,0.2,52.5,34.6,30.1,40.3,0.0,15.0,4.0,105.0,0.0,29.9,30.0,27.5,29.6,29.1,27.0,0.0,11200.0,8.8,21.0,10.4,21.8,127.3,False
ahmedabad,2026-04-16,34.9,45.2,3.8,788.1,1002.0,0.2,45.2,38.7,32.0,41.9,0.0,16.0,4.0,106.0,0.0,31.8,29.9,30.0,30.1,29.6,29.1,0.0,11200.0,8.8,21.0,10.4,30.7,194.1,False
ahmedabad,2026-04-17,37.5,46.9,2.3,815.4,999.2,0.4,46.9,45.5,34.7,47.9,0.0,17.0,4.0,107.0,0.0,34.9,31.8,29.9,32.0,30.1,29.6,0.0,11200.0,8.8,21.0,10.4,44.1,310.0,False
ahmedabad,2026-04-18,35.2,46.6,3.1,771.3,998.9,1.4,46.6,39.8,32.4,43.3,0.0,18.0,4.0,108.0,0.0,37.5,34.9,31.8,34.7,32.0,30.1,0.0,11200.0,8.8,21.0,10.4,35.0,225.0,False
ahmedabad,2026-04-19,36.3,52.7,3.0,880.2,1000.0,0.2,52.7,45.2,34.8,47.3,0.0,19.0,4.0,109.0,0.0,35.2,37.5,34.9,32.4,34.7,32.0,0.0,11200.0,8.8,21.0,10.4,44.3,304.5,False
ahmedabad,2026-04-20,34.8,51.0,3.4,911.8,999.4,1.0,51.0,40.6,33.3,43.8,0.0,20.0,4.0,110.0,0.0,36.3,35.2,37.5,34.8,32.4,34.7,0.0,11200.0,8.8,21.0,10.4,39.3,263.1,False
ahmedabad,2026-04-21,34.0,44.8,3.2,898.8,1004.4,0.1,44.8,36.7,31.7,40.9,0.0,21.0,4.0,111.0,0.0,34.8,36.3,35.2,33.3,34.8,32.4,0.0,11200.0,8.8,21.0,10.4,26.2,185.0,False
ahmedabad,2026-04-22,34.8,49.1,1.6,905.7,1003.5,1.6,49.1,39.9,33.1,44.7,0.0,22.0,4.0,112.0,0.0,34.0,34.8,36.3,31.7,33.3,34.8,0.0,11200.0,8.8,21.0,10.4,36.6,249.0,False
ahmedabad,2026-04-23,33.1,51.2,2.9,830.3,1000.7,1.5,51.2,36.8,31.4,41.5,0.0,23.0,4.0,113.0,0.0,34.8,34.0,34.8,33.1,31.7,33.3,0.0,11200.0,8.8,21.0,10.4,27.0,182.2,False
ahmedabad,2026-04-24,35.4,41.3,2.4,781.0,1002.5,0.8,41.3,38.4,31.9,42.4,0.0,24.0,4.0,114.0,0.0,33.1,34.8,34.0,31.4,33.1,31.7,0.0,11200.0,8.8,21.0,10.4,28.9,195.2,False
ahmedabad,2026-04-25,33.1,51.3,2.4,861.2,1002.1,0.6,51.3,36.9,31.6,41.9,0.0,25.0,4.0,115.0,0.0,35.4,33.1,34.8,31.9,31.4,33.1,0.0,11200.0,8.8,21.0,10.4,28.5,189.1,False
ahmedabad,2026-04-26,33.4,46.4,2.4,820.7,996.9,0.0,46.4,36.1,31.0,41.0,0.0,26.0,4.0,116.0,0.0,33.1,35.4,33.1,31.6,31.9,31.4,0.0,11200.0,8.8,21.0,10.4,24.4,162.2,False
ahmedabad,2026-04-27,30.6,58.5,1.2,893.1,1000.8,0.0,58.5,33.7,30.5,40.6,0.0,27.0,4.0,117.0,0.0,33.4,33.1,35.4,31.0,31.6,31.9,0.0,11200.0,8.8,21.0,10.4,22.5,145.1,False
ahmedabad,2026-04-28,30.8,52.3,5.0,892.0,999.9,0.2,52.3,32.7,29.7,37.0,0.0,28.0,4.0,118.0,0.0,30.6,33.4,33.1,30.5,31.0,31.6,0.0,11200.0,8.8,21.0,10.4,17.4,108.8,False
ahmedabad,2026-04-29,30.3,44.8,3.2,815.9,998.3,0.9,44.8,30.7,28.0,35.7,0.0,29.0,4.0,119.0,0.0,30.8,30.6,33.4,29.7,30.5,31.0,0.0,11200.0,8.8,21.0,10.4,10.6,43.2,False
ahmedabad,2026-04-30,29.3,62.1,2.6,894.2,1003.1,1.5,62.1,31.9,29.6,38.3,0.0,30.0,4.0,120.0,0.0,30.3,30.8,30.6,28.0,29.7,30.5,0.0,11200.0,8.8,21.0,10.4,16.1,100.6,False
ahmedabad,2026-05-01,27.6,63.2,1.7,879.0,1000.5,2.3,63.2,29.2,28.1,36.4,0.0,1.0,5.0,121.0,0.0,29.3,30.3,30.8,29.6,28.0,29.7,0.0,11200.0,8.8,21.0,10.4,9.9,48.2,False
ahmedabad,2026-05-02,28.7,62.0,2.1,868.0,999.2,0.2,62.0,30.8,28.9,37.7,0.0,2.0,5.0,122.0,0.0,27.6,29.3,30.3,28.1,29.6,28.0,0.0,11200.0,8.8,21.0,10.4,15.5,92.5,False
ahmedabad,2026-05-03,30.5,61.7,1.1,936.4,999.2,0.3,61.7,34.2,31.0,41.3,0.0,3.0,5.0,123.0,0.0,28.7,27.6,29.3,28.9,28.1,29.6,0.0,11200.0,8.8,21.0,10.4,23.7,161.1,False
ahmedabad,2026-05-04,30.4,48.9,2.2,913.8,1001.1,0.7,48.9,31.5,29.2,37.4,0.0,4.0,5.0,124.0,0.0,30.5,28.7,27.6,31.0,28.9,28.1,0.0,11200.0,8.8,21.0,10.4,14.7,84.5,False
ahmedabad,2026-05-05,27.8,60.9,4.0,833.6,997.0,1.2,60.9,29.3,27.7,34.9,0.0,5.0,5.0,125.0,0.0,30.4,30.5,28.7,29.2,31.0,28.9,0.0,11200.0,8.8,21.0,10.4,9.4,42.8,False
ahmedabad,2026-05-06,26.9,58.0,2.6,846.2,996.4,0.9,58.0,27.8,26.7,33.9,0.0,6.0,5.0,126.0,0.0,27.8,30.4,30.5,27.7,29.2,31.0,0.0,11200.0,8.8,21.0,10.4,5.7,34.8,False
ahmedabad,2026-05-07,29.1,58.4,1.7,803.3,1000.3,0.2,58.4,31.0,28.6,37.8,0.0,7.0,5.0,127.0,0.0,26.9,27.8,30.4,26.7,27.7,29.2,0.0,11200.0,8.8,21.0,10.4,12.4,72.3,False
ahmedabad,2026-05-08,30.0,46.9,1.8,861.8,999.6,1.4,46.9,30.6,28.3,36.6,0.0,8.0,5.0,128.0,0.0,29.1,26.9,27.8,28.6,26.7,27.7,0.0,11200.0,8.8,21.0,10.4,11.2,60.6,False
ahmedabad,2026-05-09,30.2,63.2,3.4,866.9,998.8,0.0,63.2,33.9,30.4,39.5,0.0,9.0,5.0,129.0,0.0,30.0,29.1,26.9,28.3,28.6,26.7,0.0,11200.0,8.8,21.0,10.4,22.3,142.1,False
ahmedabad,2026-05-10,30.9,59.0,2.7,834.2,1000.3,0.5,59.0,34.4,30.4,40.2,0.0,10.0,5.0,130.0,0.0,30.2,30.0,29.1,30.4,28.3,28.6,0.0,11200.0,8.8,21.0,10.4,19.5,128.7,False
ahmedabad,2026-05-11,30.7,50.2,2.7,905.0,997.4,0.2,50.2,32.2,29.5,37.8,0.0,11.0,5.0,131.0,0.0,30.9,30.2,30.0,30.4,30.4,28.3,0.0,11200.0,8.8,21.0,10.4,17.7,106.1,False
ahmedabad,2026-05-12,31.3,47.7,3.6,899.6,997.0,0.0,47.7,32.7,29.7,37.5,0.0,12.0,5.0,132.0,0.0,30.7,30.9,30.2,29.5,30.4,30.4,0.0,11200.0,8.8,21.0,10.4,18.8,109.1,False
ahmedabad,2026-05-13,32.3,55.4,3.5,850.6,995.2,0.6,55.4,36.4,31.3,41.0,0.0,13.0,5.0,133.0,0.0,31.3,30.7,30.9,29.7,29.5,30.4,0.0,11200.0,8.8,21.0,10.4,24.0,154.9,False
ahmedabad,2026-05-14,33.2,47.5,2.7,880.0,995.1,0.6,47.5,36.0,31.3,40.8,0.0,14.0,5.0,134.0,0.0,32.3,31.3,30.7,31.3,29.7,29.5,0.0,11200.0,8.8,21.0,10.4,23.8,171.1,False
ahmedabad,2026-05-15,33.9,45.6,2.7,817.1,999.2,0.4,45.6,36.8,31.3,41.3,0.0,15.0,5.0,135.0,0.0,33.2,32.3,31.3,31.3,31.3,29.7,0.0,11200.0,8.8,21.0,10.4,28.1,180.0,False
ahmedabad,2026-05-16,33.3,48.8,2.9,860.0,997.6,0.1,48.8,36.5,31.4,41.2,0.0,16.0,5.0,136.0,0.0,33.9,33.2,32.3,31.3,31.3,31.3,0.0,11200.0,8.8,21.0,10.4,25.8,174.6,False
ahmedabad,2026-05-17,37.4,38.7,1.4,887.1,1000.5,0.6,38.7,41.5,33.8,45.3,0.0,17.0,5.0,137.0,0.0,33.3,33.9,33.2,31.4,31.3,31.3,0.0,11200.0,8.8,21.0,10.4,40.8,274.7,False
ahmedabad,2026-05-18,36.6,44.0,2.3,906.5,996.2,0.5,44.0,42.0,34.0,45.3,0.0,18.0,5.0,138.0,0.0,37.4,33.3,33.9,33.8,31.4,31.3,0.0,11200.0,8.8,21.0,10.4,39.8,284.1,False
ahmedabad,2026-05-19,36.9,45.9,3.1,847.5,997.1,0.0,45.9,43.5,34.2,45.8,0.0,19.0,5.0,139.0,0.0,36.6,37.4,33.3,34.0,33.8,31.4,0.0,11200.0,8.8,21.0,10.4,41.0,284.9,False
ahmedabad,2026-05-20,37.7,40.4,3.1,806.4,999.1,0.2,40.4,42.9,33.8,45.0,0.0,20.0,5.0,140.0,0.0,36.9,36.6,37.4,34.2,34.0,33.8,0.0,11200.0,8.8,21.0,10.4,41.3,273.5,False
ahmedabad,2026-05-21,36.8,47.6,3.8,912.9,994.2,0.7,47.6,44.1,34.6,45.7,0.0,21.0,5.0,141.0,0.0,37.7,36.9,36.6,33.8,34.2,34.0,0.0,11200.0,8.8,21.0,10.4,43.0,298.7,False
ahmedabad,2026-05-22,38.1,45.4,1.4,871.7,995.9,0.0,45.4,46.3,35.4,49.2,0.0,22.0,5.0,142.0,0.0,36.8,37.7,36.9,34.6,33.8,34.2,0.0,11200.0,8.8,21.0,10.4,49.6,338.6,False
ahmedabad,2026-05-23,39.8,40.4,1.7,919.7,997.8,0.0,40.4,48.0,36.3,49.7,0.0,23.0,5.0,143.0,0.0,38.1,36.8,37.7,35.4,34.6,33.8,0.0,11200.0,8.8,21.0,10.4,59.4,428.7,False
ahmedabad,2026-05-24,40.5,38.6,3.6,982.1,997.5,0.0,38.6,48.7,36.8,48.2,0.0,24.0,5.0,144.0,1.0,39.8,38.1,36.8,36.3,35.4,34.6,5.5,11200.0,8.8,21.0,10.4,69.0,474.9,False
ahmedabad,2026-05-25,40.1,39.1,2.6,908.3,998.9,0.0,39.1,48.0,36.2,48.7,0.0,25.0,5.0,145.0,2.0,40.5,39.8,38.1,36.8,36.3,35.4,10.2,11200.0,8.8,21.0,10.4,66.2,454.1,False
ahmedabad,2026-05-26,39.4,38.7,2.3,945.9,995.4,0.0,38.7,46.1,35.7,47.6,0.0,26.0,5.0,146.0,0.0,40.1,40.5,39.8,36.2,36.8,36.3,0.0,11200.0,8.8,21.0,10.4,56.1,394.8,False
ahmedabad,2026-05-27,40.0,41.8,2.4,907.8,997.2,0.0,41.8,49.3,36.6,50.0,0.0,27.0,5.0,147.0,1.0,39.4,40.1,40.5,35.7,36.2,36.8,5.0,11200.0,8.8,21.0,10.4,66.5,452.2,False
ahmedabad,2026-05-28,39.8,41.5,2.9,971.3,996.8,0.0,41.5,48.6,36.7,49.1,0.0,28.0,5.0,148.0,0.0,40.0,39.4,40.1,36.6,35.7,36.2,0.0,11200.0,8.8,21.0,10.4,65.3,443.5,False
ahmedabad,2026-05-29,41.3,41.3,1.8,913.7,997.4,0.0,41.3,52.6,37.7,52.7,0.0,29.0,5.0,149.0,1.0,39.8,40.0,39.4,36.7,36.6,35.7,6.3,11200.0,8.8,21.0,10.4,77.4,480.0,False
ahmedabad,2026-05-30,39.4,46.4,2.4,941.3,997.0,0.0,46.4,50.5,37.0,51.1,0.0,30.0,5.0,150.0,0.0,41.3,39.8,40.0,37.7,36.7,36.6,0.0,11200.0,8.8,21.0,10.4,65.7,445.2,False
ahmedabad,2026-05-31,38.8,47.9,2.1,981.7,999.2,0.0,47.9,49.7,36.9,50.9,0.0,31.0,5.0,151.0,0.0,39.4,41.3,39.8,37.0,37.7,36.7,0.0,11200.0,8.8,21.0,10.4,60.1,409.0,False
ahmedabad,2026-06-01,39.0,41.9,3.4,982.8,996.0,0.0,41.9,46.8,36.1,47.4,0.0,1.0,6.0,152.0,0.0,38.8,39.4,41.3,36.9,37.0,37.7,0.0,11200.0,8.8,21.0,10.4,57.9,400.7,False
ahmedabad,2026-06-02,39.6,42.6,0.9,897.2,995.0,0.0,42.6,48.7,36.4,51.2,0.0,2.0,6.0,153.0,0.0,39.0,38.8,39.4,36.1,36.9,37.0,0.0,11200.0,8.8,21.0,10.4,60.4,425.2,False
ahmedabad,2026-06-03,38.4,47.0,2.8,841.8,992.3,0.0,47.0,48.0,35.7,49.1,0.0,3.0,6.0,154.0,0.0,39.6,39.0,38.8,36.4,36.1,36.9,0.0,11200.0,8.8,21.0,10.4,52.5,360.0,False
ahmedabad,2026-06-04,36.6,38.3,1.9,898.6,998.6,0.7,38.3,39.7,33.0,43.5,0.0,4.0,6.0,155.0,0.0,38.4,39.6,39.0,35.7,36.4,36.1,0.0,11200.0,8.8,21.0,10.4,38.7,253.2,False
ahmedabad,2026-06-05,38.4,42.9,1.9,896.8,994.4,0.0,42.9,45.8,35.4,48.2,0.0,5.0,6.0,156.0,0.0,36.6,38.4,39.6,33.0,35.7,36.4,0.0,11200.0,8.8,21.0,10.4,50.4,348.4,False
ahmedabad,2026-06-06,36.8,50.1,2.4,817.0,1004.2,1.3,50.1,45.3,34.6,47.8,0.0,6.0,6.0,157.0,0.0,38.4,36.6,38.4,35.4,33.0,35.7,0.0,11200.0,8.8,21.0,10.4,45.0,308.0,False
ahmedabad,2026-06-07,36.8,37.5,2.3,839.1,999.7,1.1,37.5,39.8,32.8,43.2,0.0,7.0,6.0,158.0,0.0,36.8,38.4,36.6,34.6,35.4,33.0,0.0,11200.0,8.8,21.0,10.4,34.7,232.0,False
ahmedabad,2026-06-08,36.0,45.1,2.7,901.5,997.2,0.3,45.1,41.1,33.6,44.4,0.0,8.0,6.0,159.0,0.0,36.8,36.8,38.4,32.8,34.6,35.4,0.0,11200.0,8.8,21.0,10.4,36.6,252.8,False
ahmedabad,2026-06-09,35.7,46.0,1.3,974.2,996.8,0.1,46.0,40.7,33.9,45.4,0.0,9.0,6.0,160.0,0.0,36.0,36.8,36.8,33.6,32.8,34.6,0.0,11200.0,8.8,21.0,10.4,40.9,272.6,False
ahmedabad,2026-06-10,36.4,52.4,2.0,939.0,994.6,0.6,52.4,45.3,35.2,48.3,0.0,10.0,6.0,161.0,0.0,35.7,36.0,36.8,33.9,33.6,32.8,0.0,11200.0,8.8,21.0,10.4,49.4,331.7,False
ahmedabad,2026-06-11,34.1,54.8,4.1,997.1,996.2,0.2,54.8,40.4,33.6,43.3,0.0,11.0,6.0,162.0,0.0,36.4,35.7,36.0,35.2,33.9,33.6,0.0,11200.0,8.8,21.0,10.4,37.4,266.3,False
ahmedabad,2026-06-12,35.2,50.0,2.5,887.7,993.5,0.8,50.0,41.2,33.5,44.9,0.0,12.0,6.0,163.0,0.0,34.1,36.4,35.7,33.6,35.2,33.9,0.0,11200.0,8.8,21.0,10.4,41.7,282.6,False
ahmedabad,2026-06-13,35.8,44.0,3.1,906.0,994.5,0.4,44.0,40.2,33.2,43.4,0.0,13.0,6.0,164.0,0.0,35.2,34.1,36.4,33.5,33.6,35.2,0.0,11200.0,8.8,21.0,10.4,38.9,254.2,False
ahmedabad,2026-06-14,35.3,45.8,2.4,978.3,997.3,0.2,45.8,39.8,33.4,43.8,0.0,14.0,6.0,165.0,0.0,35.8,35.2,34.1,33.2,33.5,33.6,0.0,11200.0,8.8,21.0,10.4,39.2,268.5,False
ahmedabad,2026-06-15,35.7,45.1,3.1,949.1,999.8,0.1,45.1,40.4,33.5,43.6,0.0,15.0,6.0,166.0,0.0,35.3,35.8,35.2,33.4,33.2,33.5,0.0,11200.0,8.8,21.0,10.4,39.3,265.0,False
ahmedabad,2026-06-16,38.4,41.3,1.7,1050.0,997.0,0.0,41.3,45.0,35.9,47.7,0.0,16.0,6.0,167.0,0.0,35.7,35.3,35.8,33.5,33.4,33.2,0.0,11200.0,8.8,21.0,10.4,54.6,375.2,False
ahmedabad,2026-06-17,38.0,42.1,0.5,876.8,997.3,1.5,42.1,44.4,34.9,48.5,0.0,17.0,6.0,168.0,0.0,38.4,35.7,35.3,35.9,33.5,33.4,0.0,11200.0,8.8,21.0,10.4,42.2,305.4,False
ahmedabad,2026-06-18,38.6,44.4,1.8,960.2,998.5,0.0,44.4,47.1,36.1,49.3,0.0,18.0,6.0,169.0,0.0,38.0,38.4,35.7,34.9,35.9,33.5,0.0,11200.0,8.8,21.0,10.4,57.0,398.1,False
ahmedabad,2026-06-19,39.6,41.7,1.3,906.8,996.1,0.0,41.7,48.2,36.3,50.3,0.0,19.0,6.0,170.0,0.0,38.6,38.0,38.4,36.1,34.9,35.9,0.0,11200.0,8.8,21.0,10.4,61.7,419.9,False
ahmedabad,2026-06-20,40.9,38.6,2.4,947.4,995.7,0.0,38.6,49.7,37.0,50.0,0.0,20.0,6.0,171.0,1.0,39.6,38.6,38.0,36.3,36.1,34.9,5.9,11200.0,8.8,21.0,10.4,70.5,480.0,False
ahmedabad,2026-06-21,40.8,36.9,2.1,957.5,997.7,0.0,36.9,48.5,36.7,49.2,0.0,21.0,6.0,172.0,2.0,40.9,39.6,38.6,37.0,36.3,36.1,11.6,11200.0,8.8,21.0,10.4,71.6,480.0,False
ahmedabad,2026-06-22,42.5,35.1,2.1,954.0,997.5,0.0,35.1,51.6,37.8,51.1,0.0,22.0,6.0,173.0,3.0,40.8,40.9,39.6,36.7,37.0,36.3,22.5,11200.0,8.8,21.0,10.4,88.1,480.0,False
ahmedabad,2026-06-23,42.2,36.3,3.0,993.4,998.2,0.0,36.3,51.6,37.9,50.4,0.0,23.0,6.0,174.0,4.0,42.5,40.8,40.9,37.8,36.7,37.0,28.8,11200.0,8.8,21.0,10.4,87.5,480.0,False
ahmedabad,2026-06-24,42.7,37.0,2.8,886.7,996.3,0.0,37.0,53.4,38.0,51.8,0.0,24.0,6.0,175.0,5.0,42.2,42.5,40.8,37.9,37.8,36.7,38.5,11200.0,8.8,21.0,10.4,93.2,480.0,False
ahmedabad,2026-06-25,45.6,30.1,3.5,916.7,994.1,0.0,30.1,55.7,39.1,51.5,0.0,25.0,6.0,176.0,6.0,42.7,42.2,42.5,38.0,37.9,37.8,63.6,11200.0,8.8,21.0,10.4,98.0,480.0,False
ahmedabad,2026-06-26,44.9,31.8,2.8,936.4,996.0,0.0,31.8,55.3,39.0,52.3,0.0,26.0,6.0,177.0,7.0,45.6,42.7,42.2,39.1,38.0,37.9,69.3,11200.0,8.8,21.0,10.4,98.0,480.0,False
ahmedabad,2026-06-27,46.0,37.4,1.7,856.3,997.3,0.0,37.4,63.5,40.8,59.7,0.0,27.0,6.0,178.0,8.0,44.9,45.6,42.7,39.0,39.1,38.0,88.0,11200.0,8.8,21.0,10.4,98.0,480.0,False
ahmedabad,2026-06-28,45.2,38.3,3.6,824.0,995.1,0.0,38.3,61.9,40.0,56.4,0.0,28.0,6.0,179.0,9.0,46.0,44.9,45.6,40.8,39.0,39.1,91.8,11200.0,8.8,21.0,10.4,98.0,480.0,False
delhi,2022-03-01,26.9,59.1,3.0,826.2,1001.5,0.0,59.1,27.9,26.7,33.9,0.0,1.0,3.0,60.0,0.0,25.7,24.9,23.9,25.7,24.9,24.2,0.0,14500.0,8.2,19.4,10.8,8.2,43.9,False
delhi,2022-03-02,27.4,56.6,2.1,723.1,1000.1,0.4,56.6,28.3,26.4,34.7,0.0,2.0,3.0,61.0,0.0,26.9,25.4,24.4,26.7,24.599999999999998,23.9,0.0,14500.0,8.2,19.4,10.8,5.9,31.4,False
delhi,2022-03-03,25.4,63.2,1.8,682.7,1004.8,0.1,63.2,25.6,25.0,33.0,0.0,3.0,3.0,62.0,0.0,27.4,26.9,22.4,26.4,26.7,22.5,0.0,14500.0,8.2,19.4,10.8,8.2,55.3,False
delhi,2022-03-04,26.8,60.3,2.1,725.0,1003.7,0.1,60.3,27.9,26.3,34.5,0.0,4.0,3.0,63.0,0.0,25.4,27.4,26.9,25.0,26.4,26.7,0.0,14500.0,8.2,19.4,10.8,7.6,49.6,False
delhi,2022-03-05,26.4,56.2,3.2,695.6,1002.2,0.4,56.2,26.6,25.2,32.6,0.0,5.0,3.0,64.0,0.0,26.8,25.4,27.4,26.3,25.0,26.4,0.0,14500.0,8.2,19.4,10.8,5.6,34.2,False
delhi,2022-03-06,27.3,55.0,1.2,797.0,1000.7,0.2,55.0,28.1,26.6,34.8,0.0,6.0,3.0,65.0,0.0,26.4,26.8,25.4,25.2,26.3,25.0,0.0,14500.0,8.2,19.4,10.8,9.0,36.5,False
delhi,2022-03-07,26.8,58.3,2.0,790.6,1003.8,0.7,58.3,27.7,26.4,34.2,0.0,7.0,3.0,66.0,0.0,27.3,26.4,26.8,26.6,25.2,26.3,0.0,14500.0,8.2,19.4,10.8,9.9,47.6,False
delhi,2022-03-08,25.9,55.1,3.4,752.8,1000.8,0.2,55.1,26.0,24.9,31.6,0.0,8.0,3.0,67.0,0.0,26.8,27.3,26.4,26.4,26.6,25.2,0.0,14500.0,8.2,19.4,10.8,9.7,54.7,False
delhi,2022-03-09,26.5,64.3,2.8,731.1,1002.3,0.7,64.3,27.7,26.4,34.3,0.0,9.0,3.0,68.0,0.0,25.9,26.8,27.3,24.9,26.4,26.6,0.0,14500.0,8.2,19.4,10.8,10.8,68.7,False
delhi,2022-03-10,25.6,60.0,2.5,694.1,1003.6,0.4,60.0,25.8,24.9,32.4,0.0,10.0,3.0,69.0,0.0,26.5,25.9,26.8,26.4,24.9,26.4,0.0,14500.0,8.2,19.4,10.8,8.2,44.3,False
delhi,2022-03-11,28.1,55.8,1.9,741.6,1003.3,0.8,55.8,29.1,27.1,35.7,0.0,11.0,3.0,70.0,0.0,25.6,26.5,25.9,24.9,26.4,24.9,0.0,14500.0,8.2,19.4,10.8,9.0,52.2,False
delhi,2022-03-12,26.8,58.6,3.0,755.5,1000.7,0.3,58.6,27.7,26.2,33.7,0.0,12.0,3.0,71.0,0.0,28.1,25.6,26.5,27.1,24.9,26.4,0.0,14500.0,8.2,19.4,10.8,8.9,46.3,False
delhi,2022-03-13,26.7,59.0,1.4,749.0,1000.7,1.4,59.0,27.7,26.2,34.5,0.0,13.0,3.0,72.0,0.0,26.8,28.1,25.6,26.2,27.1,24.9,0.0,14500.0,8.2,19.4,10.8,7.3,40.3,False
delhi,2022-03-14,24.7,59.2,3.6,770.7,998.0,0.2,59.2,24.8,24.3,30.5,0.0,14.0,3.0,73.0,0.0,26.7,26.8,28.1,26.2,26.2,27.1,0.0,14500.0,8.2,19.4,10.8,8.6,56.2,False
delhi,2022-03-15,26.5,61.5,2.5,714.9,1003.6,0.1,61.5,27.6,26.0,34.0,0.0,15.0,3.0,74.0,0.0,24.7,26.7,26.8,24.3,26.2,26.2,0.0,14500.0,8.2,19.4,10.8,9.6,43.5,False
delhi,2022-03-16,28.2,63.3,3.6,731.0,1001.4,0.9,63.3,30.2,27.8,36.2,0.0,16.0,3.0,75.0,0.0,26.5,24.7,26.7,26.0,24.3,26.2,0.0,14500.0,8.2,19.4,10.8,7.0,35.3,False
delhi,2022-03-17,26.9,57.6,1.3,780.1,999.1,0.6,57.6,27.8,26.4,34.6,0.0,17.0,3.0,76.0,0.0,28.2,26.5,24.7,27.8,26.0,24.3,0.0,14500.0,8.2,19.4,10.8,9.2,49.2,False
delhi,2022-03-18,26.7,58.4,1.8,760.5,1002.3,0.5,58.4,27.6,26.2,34.1,0.0,18.0,3.0,77.0,0.0,26.9,28.2,26.5,26.4,27.8,26.0,0.0,14500.0,8.2,19.4,10.8,8.8,51.2,False
delhi,2022-03-19,25.3,62.8,2.7,819.1,998.6,0.6,62.8,25.5,25.5,32.4,0.0,19.0,3.0,78.0,0.0,26.7,26.9,28.2,26.2,26.4,27.8,0.0,14500.0,8.2,19.4,10.8,6.5,39.4,False
delhi,2022-03-20,28.2,58.6,3.2,790.4,998.6,0.6,58.6,29.6,27.6,35.6,0.0,20.0,3.0,79.0,0.0,25.3,26.7,26.9,25.5,26.2,26.4,0.0,14500.0,8.2,19.4,10.8,6.7,40.4,False
delhi,2022-03-21,26.1,64.0,3.4,742.3,1002.9,0.5,64.0,26.4,26.0,33.3,0.0,21.0,3.0,80.0,0.0,28.2,25.3,26.7,27.6,25.5,26.2,0.0,14500.0,8.2,19.4,10.8,9.1,41.4,False
delhi,2022-03-22,27.2,53.7,1.9,828.9,1000.5,0.5,53.7,27.9,26.4,34.0,0.0,22.0,3.0,81.0,0.0,26.1,28.2,25.3,26.0,27.6,25.5,0.0,14500.0,8.2,19.4,10.8,8.5,50.8,False
delhi,2022-03-23,26.9,70.5,3.0,743.8,998.8,1.4,70.5,28.7,27.5,35.8,0.0,23.0,3.0,82.0,0.0,27.2,26.1,28.2,26.4,26.0,27.6,0.0,14500.0,8.2,19.4,10.8,9.2,45.5,False
delhi,2022-03-24,28.0,56.2,3.1,840.6,1000.2,0.2,56.2,29.0,27.4,34.9,0.0,24.0,3.0,83.0,0.0,26.9,27.2,26.1,27.5,26.4,26.0,0.0,14500.0,8.2,19.4,10.8,8.8,38.4,False
delhi,2022-03-25,27.5,60.3,1.8,797.7,1000.9,1.0,60.3,28.8,27.3,35.7,0.0,25.0,3.0,84.0,0.0,28.0,26.9,27.2,27.4,27.5,26.4,0.0,14500.0,8.2,19.4,10.8,6.8,41.8,False
delhi,2022-03-26,28.4,53.6,3.6,836.9,999.5,0.8,53.6,29.3,27.5,34.7,0.0,26.0,3.0,85.0,0.0,27.5,28.0,26.9,27.3,27.4,27.5,0.0,14500.0,8.2,19.4,10.8,9.3,65.7,False
delhi,2022-03-27,28.0,62.5,3.3,825.9,1000.1,0.2,62.5,29.7,28.1,35.9,0.0,27.0,3.0,86.0,0.0,28.4,27.5,28.0,27.5,27.3,27.4,0.0,14500.0,8.2,19.4,10.8,10.2,52.5,False
delhi,2022-03-28,26.6,59.9,2.1,705.6,1001.4,0.4,59.9,27.6,25.9,34.1,0.0,28.0,3.0,87.0,0.0,28.0,28.4,27.5,28.1,27.5,27.3,0.0,14500.0,8.2,19.4,10.8,7.8,46.5,False
delhi,2022-03-29,27.6,54.3,1.9,830.6,999.1,0.0,54.3,28.4,26.9,34.7,0.0,29.0,3.0,88.0,0.0,26.6,28.0,28.4,25.9,28.1,27.5,0.0,14500.0,8.2,19.4,10.8,8.8,56.6,False
delhi,2022-03-30,29.5,61.2,3.2,799.1,1001.4,0.2,61.2,32.1,29.2,38.1,0.0,30.0,3.0,89.0,0.0,27.6,26.6,28.0,26.9,25.9,28.1,0.0,14500.0,8.2,19.4,10.8,14.1,92.0,False
delhi,2022-03-31,26.9,59.2,2.9,843.3,998.1,0.1,59.2,27.9,26.8,34.0,0.0,31.0,3.0,90.0,0.0,29.5,27.6,26.6,29.2,26.9,25.9,0.0,14500.0,8.2,19.4,10.8,8.0,43.3,False
delhi,2022-04-01,26.2,64.5,3.5,820.5,1003.8,0.5,64.5,26.6,26.5,33.5,0.0,1.0,4.0,91.0,0.0,26.9,29.5,27.6,26.8,29.2,26.9,0.0,14500.0,8.2,19.4,10.8,6.2,32.9,False
delhi,2022-04-02,29.1,53.5,2.9,842.1,998.5,0.3,53.5,30.2,28.2,36.1,0.0,2.0,4.0,92.0,0.0,26.2,26.9,29.5,26.5,26.8,29.2,0.0,14500.0,8.2,19.4,10.8,9.5,44.7,False
delhi,2022-04-03,27.9,50.2,1.5,882.2,1003.0,0.0,50.2,28.4,26.9,34.5,0.0,3.0,4.0,93.0,0.0,29.1,26.2,26.9,28.2,26.5,26.8,0.0,14500.0,8.2,19.4,10.8,10.7,44.3,False
delhi,2022-04-04,29.2,56.2,1.7,829.8,1000.7,0.0,56.2,30.8,28.6,37.5,0.0,4.0,4.0,94.0,0.0,27.9,29.1,26.2,26.9,28.2,26.5,0.0,14500.0,8.2,19.4,10.8,10.9,67.4,False
delhi,2022-04-05,28.3,50.0,3.5,777.6,1004.5,0.4,50.0,28.8,26.7,33.9,0.0,5.0,4.0,95.0,0.0,29.2,27.9,29.1,28.6,26.9,28.2,0.0,14500.0,8.2,19.4,10.8,8.3,45.8,False
delhi,2022-04-06,28.5,54.8,2.3,785.3,999.0,0.1,54.8,29.6,27.5,35.8,0.0,6.0,4.0,96.0,0.0,28.3,29.2,27.9,26.7,28.6,26.9,0.0,14500.0,8.2,19.4,10.8,9.8,53.0,False
delhi,2022-04-07,29.8,56.7,3.0,780.2,1001.9,0.1,56.7,31.9,28.9,37.7,0.0,7.0,4.0,97.0,0.0,28.5,28.3,29.2,27.5,26.7,28.6,0.0,14500.0,8.2,19.4,10.8,14.6,86.6,False
delhi,2022-04-08,28.4,57.9,3.5,783.8,1001.2,1.0,57.9,29.8,27.7,35.6,0.0,8.0,4.0,98.0,0.0,29.8,28.5,28.3,28.9,27.5,26.7,0.0,14500.0,8.2,19.4,10.8,8.2,50.2,False
delhi,2022-04-09,28.1,56.2,2.7,815.6,1001.9,0.9,56.2,29.2,27.4,35.3,0.0,9.0,4.0,99.0,0.0,28.4,29.8,28.5,27.7,28.9,27.5,0.0,14500.0,8.2,19.4,10.8,9.5,45.6,False
delhi,2022-04-10,28.9,56.1,2.6,846.4,998.4,0.2,56.1,30.3,28.3,36.5,0.0,10.0,4.0,100.0,0.0,28.1,28.4,29.8,27.4,27.7,28.9,0.0,14500.0,8.2,19.4,10.8,13.3,72.9,False
delhi,2022-04-11,27.5,61.8,3.0,783.4,999.9,0.4,61.8,28.9,27.3,35.2,0.0,11.0,4.0,101.0,0.0,28.9,28.1,28.4,28.3,27.4,27.7,0.0,14500.0,8.2,19.4,10.8,10.0,48.2,False
delhi,2022-04-12,28.0,56.7,2.8,791.8,998.3,0.0,56.7,29.1,27.3,35.2,0.0,12.0,4.0,102.0,0.0,27.5,28.9,28.1,27.3,28.3,27.4,0.0,14500.0,8.2,19.4,10.8,8.9,42.8,False
delhi,2022-04-13,29.1,58.6,3.2,879.4,998.9,1.5,58.6,31.0,28.9,36.9,0.0,13.0,4.0,103.0,0.0,28.0,27.5,28.9,27.3,27.3,28.3,0.0,14500.0,8.2,19.4,10.8,12.4,74.5,False
delhi,2022-04-14,29.3,62.0,3.2,815.3,999.8,0.0,62.0,31.9,29.2,37.9,0.0,14.0,4.0,104.0,0.0,29.1,28.0,27.5,28.9,27.3,27.3,0.0,14500.0,8.2,19.4,10.8,13.6,82.5,False
delhi,2022-04-15,29.1,61.4,3.1,849.6,999.9,0.2,61.4,31.4,29.1,37.5,0.0,15.0,4.0,105.0,0.0,29.3,29.1,28.0,29.2,28.9,27.3,0.0,14500.0,8.2,19.4,10.8,15.6,89.1,False
delhi,2022-04-16,33.4,50.0,2.6,788.0,999.7,0.5,50.0,37.1,31.4,41.9,0.0,16.0,4.0,106.0,0.0,29.1,29.3,29.1,29.1,29.2,28.9,0.0,14500.0,8.2,19.4,10.8,28.0,179.6,False
delhi,2022-04-17,35.2,52.0,4.0,822.8,1001.6,0.5,52.0,42.0,33.4,44.3,0.0,17.0,4.0,107.0,0.0,33.4,29.1,29.3,31.4,29.1,29.2,0.0,14500.0,8.2,19.4,10.8,36.9,250.8,False
delhi,2022-04-18,31.3,50.9,1.9,837.5,1000.3,0.2,50.9,33.3,29.9,39.4,0.0,18.0,4.0,108.0,0.0,35.2,33.4,29.1,33.4,31.4,29.1,0.0,14500.0,8.2,19.4,10.8,21.8,132.3,False
delhi,2022-04-19,34.4,51.4,3.7,866.7,999.3,1.0,51.4,39.8,32.8,43.1,0.0,19.0,4.0,109.0,0.0,31.3,35.2,33.4,29.9,33.4,31.4,0.0,14500.0,8.2,19.4,10.8,36.7,238.7,False
delhi,2022-04-20,31.5,58.2,2.4,895.2,996.3,0.0,58.2,35.4,31.2,41.2,0.0,20.0,4.0,110.0,0.0,34.4,31.3,35.2,32.8,29.9,33.4,0.0,14500.0,8.2,19.4,10.8,25.2,169.0,False
delhi,2022-04-21,33.3,56.1,2.7,819.3,996.3,0.1,56.1,38.9,32.2,43.4,0.0,21.0,4.0,111.0,0.0,31.5,34.4,31.3,31.2,32.8,29.9,0.0,14500.0,8.2,19.4,10.8,31.8,214.0,False
delhi,2022-04-22,33.4,45.4,1.3,900.6,1000.1,0.4,45.4,35.8,31.4,41.5,0.0,22.0,4.0,112.0,0.0,33.3,31.5,34.4,32.2,31.2,32.8,0.0,14500.0,8.2,19.4,10.8,26.1,175.5,False
delhi,2022-04-23,33.9,49.8,3.4,889.7,999.7,0.3,49.8,38.1,32.3,42.0,0.0,23.0,4.0,113.0,0.0,33.4,33.3,31.5,31.4,32.2,31.2,0.0,14500.0,8.2,19.4,10.8,33.1,225.0,False
delhi,2022-04-24,30.9,56.4,3.3,752.1,996.9,1.2,56.4,33.8,29.7,39.1,0.0,24.0,4.0,114.0,0.0,33.9,33.4,33.3,32.3,31.4,32.2,0.0,14500.0,8.2,19.4,10.8,14.8,101.2,False
delhi,2022-04-25,29.2,54.3,3.6,890.7,999.9,1.5,54.3,30.5,28.5,36.0,0.0,25.0,4.0,115.0,0.0,30.9,33.9,33.4,29.7,32.3,31.4,0.0,14500.0,8.2,19.4,10.8,8.7,54.0,False
delhi,2022-04-26,31.2,53.1,0.8,838.9,996.6,0.0,53.1,33.6,30.1,40.6,0.0,26.0,4.0,116.0,0.0,29.2,30.9,33.9,28.5,29.7,32.3,0.0,14500.0,8.2,19.4,10.8,21.1,125.4,False
delhi,2022-04-27,30.8,56.8,2.3,947.8,998.5,0.1,56.8,33.7,30.7,39.8,0.0,27.0,4.0,117.0,0.0,31.2,29.2,30.9,30.1,28.5,29.7,0.0,14500.0,8.2,19.4,10.8,22.6,144.4,False
delhi,2022-04-28,29.7,51.3,2.1,786.8,1003.0,0.0,51.3,30.8,28.2,37.0,0.0,28.0,4.0,118.0,0.0,30.8,31.2,29.2,30.7,30.1,28.5,0.0,14500.0,8.2,19.4,10.8,9.7,54.5,False
delhi,2022-04-29,30.5,57.7,2.0,811.5,1000.2,0.1,57.7,33.3,29.8,39.7,0.0,29.0,4.0,119.0,0.0,29.7,30.8,31.2,28.2,30.7,30.1,0.0,14500.0,8.2,19.4,10.8,18.0,102.3,False
delhi,2022-04-30,27.3,64.5,3.8,837.5,1000.2,0.4,64.5,28.9,27.6,34.9,0.0,30.0,4.0,120.0,0.0,30.5,29.7,30.8,29.8,28.2,30.7,0.0,14500.0,8.2,19.4,10.8,9.0,40.5,False
delhi,2022-05-01,28.5,63.3,0.5,811.1,997.1,0.2,63.3,30.7,28.7,38.7,0.0,1.0,5.0,121.0,0.0,27.3,30.5,29.7,27.6,29.8,28.2,0.0,14500.0,8.2,19.4,10.8,11.4,62.6,False
delhi,2022-05-02,29.8,58.8,2.5,927.3,999.1,0.4,58.8,32.2,29.9,38.5,0.0,2.0,5.0,122.0,0.0,28.5,27.3,30.5,28.7,27.6,29.8,0.0,14500.0,8.2,19.4,10.8,17.7,112.5,False
delhi,2022-05-03,29.5,54.2,2.0,924.8,996.2,0.4,54.2,30.9,29.1,37.4,0.0,3.0,5.0,123.0,0.0,29.8,28.5,27.3,29.9,28.7,27.6,0.0,14500.0,8.2,19.4,10.8,12.5,82.8,False
delhi,2022-05-04,27.1,57.4,2.0,813.5,998.9,0.3,57.4,28.0,26.7,34.4,0.0,4.0,5.0,124.0,0.0,29.5,29.8,28.5,29.1,29.9,28.7,0.0,14500.0,8.2,19.4,10.8,7.3,41.2,False
delhi,2022-05-05,27.7,59.4,2.7,822.1,997.7,0.6,59.4,29.0,27.4,35.3,0.0,5.0,5.0,125.0,0.0,27.1,29.5,29.8,26.7,29.1,29.9,0.0,14500.0,8.2,19.4,10.8,8.7,48.0,False
delhi,2022-05-06,26.2,62.9,2.0,888.5,997.2,0.4,62.9,26.5,26.8,34.1,0.0,6.0,5.0,126.0,0.0,27.7,27.1,29.5,27.4,26.7,29.1,0.0,14500.0,8.2,19.4,10.8,5.8,31.5,False
delhi,2022-05-07,27.8,52.2,3.1,804.7,999.2,0.3,52.2,28.4,26.6,33.9,0.0,7.0,5.0,127.0,0.0,26.2,27.7,27.1,26.8,27.4,26.7,0.0,14500.0,8.2,19.4,10.8,7.5,40.2,False
delhi,2022-05-08,27.5,57.2,3.3,834.5,1000.3,0.7,57.2,28.5,27.0,34.3,0.0,8.0,5.0,128.0,0.0,27.8,26.2,27.7,26.6,26.8,27.4,0.0,14500.0,8.2,19.4,10.8,6.8,33.8,False
delhi,2022-05-09,31.2,46.1,1.7,873.5,998.7,0.1,46.1,32.2,29.3,38.2,0.0,9.0,5.0,129.0,0.0,27.5,27.8,26.2,27.0,26.6,26.8,0.0,14500.0,8.2,19.4,10.8,15.8,95.1,False
delhi,2022-05-10,30.5,55.3,2.8,846.1,997.5,0.1,55.3,32.8,29.7,38.6,0.0,10.0,5.0,130.0,0.0,31.2,27.5,27.8,29.3,27.0,26.6,0.0,14500.0,8.2,19.4,10.8,17.2,111.6,False
delhi,2022-05-11,31.0,44.7,2.8,854.8,1000.3,0.8,44.7,31.6,28.8,36.9,0.0,11.0,5.0,131.0,0.0,30.5,31.2,27.5,29.7,29.3,27.0,0.0,14500.0,8.2,19.4,10.8,9.8,59.2,False
delhi,2022-05-12,28.8,55.4,2.5,953.8,999.1,0.2,55.4,30.1,28.7,36.3,0.0,12.0,5.0,132.0,0.0,31.0,30.5,31.2,28.8,29.7,29.3,0.0,14500.0,8.2,19.4,10.8,12.0,74.6,False
delhi,2022-05-13,31.5,49.2,2.7,879.9,999.5,0.2,49.2,33.3,30.0,38.7,0.0,13.0,5.0,133.0,0.0,28.8,31.0,30.5,28.7,28.8,29.7,0.0,14500.0,8.2,19.4,10.8,20.0,122.9,False
delhi,2022-05-14,32.8,59.9,2.6,885.7,997.4,0.1,59.9,39.0,32.6,43.7,0.0,14.0,5.0,134.0,0.0,31.5,28.8,31.0,30.0,28.7,28.8,0.0,14500.0,8.2,19.4,10.8,32.5,229.5,False
delhi,2022-05-15,33.4,48.5,3.2,939.3,997.4,0.1,48.5,36.7,31.9,41.0,0.0,15.0,5.0,135.0,0.0,32.8,31.5,28.8,32.6,30.0,28.7,0.0,14500.0,8.2,19.4,10.8,31.1,198.3,False
delhi,2022-05-16,34.7,53.4,2.8,970.5,996.7,0.1,53.4,41.3,33.9,44.9,0.0,16.0,5.0,136.0,0.0,33.4,32.8,31.5,31.9,32.6,30.0,0.0,14500.0,8.2,19.4,10.8,39.1,272.6,False
delhi,2022-05-17,35.5,43.2,0.6,887.4,1003.4,0.5,43.2,39.2,32.9,44.7,0.0,17.0,5.0,137.0,0.0,34.7,33.4,32.8,33.9,31.9,32.6,0.0,14500.0,8.2,19.4,10.8,35.6,242.7,False
delhi,2022-05-18,35.9,47.0,1.9,903.6,1001.9,0.3,47.0,41.6,33.8,45.6,0.0,18.0,5.0,138.0,0.0,35.5,34.7,33.4,32.9,33.9,31.9,0.0,14500.0,8.2,19.4,10.8,42.4,282.5,False
delhi,2022-05-19,36.3,45.2,3.1,1008.6,999.1,0.3,45.2,41.8,34.3,44.6,0.0,19.0,5.0,139.0,0.0,35.9,35.5,34.7,33.8,32.9,33.9,0.0,14500.0,8.2,19.4,10.8,42.9,291.3,False
delhi,2022-05-20,35.9,39.5,3.2,887.0,995.4,0.7,39.5,38.8,32.5,41.9,0.0,20.0,5.0,140.0,0.0,36.3,35.9,35.5,34.3,33.8,32.9,0.0,14500.0,8.2,19.4,10.8,31.3,208.1,False
delhi,2022-05-21,37.2,39.7,2.4,884.7,995.3,0.3,39.7,41.5,33.7,44.5,0.0,21.0,5.0,141.0,0.0,35.9,36.3,35.9,32.5,34.3,33.8,0.0,14500.0,8.2,19.4,10.8,39.5,272.6,False
delhi,2022-05-22,39.9,44.7,2.3,831.3,1003.0,0.0,44.7,50.9,36.6,51.3,0.0,22.0,5.0,142.0,0.0,37.2,35.9,36.3,33.7,32.5,34.3,0.0,14500.0,8.2,19.4,10.8,63.1,438.8,False
delhi,2022-05-23,38.4,43.2,2.4,859.7,996.8,0.0,43.2,45.9,35.2,47.9,0.0,23.0,5.0,143.0,0.0,39.9,37.2,35.9,36.6,33.7,32.5,0.0,14500.0,8.2,19.4,10.8,49.6,338.4,False
delhi,2022-05-24,38.1,43.3,2.3,965.2,992.5,0.0,43.3,45.2,35.5,47.5,0.0,24.0,5.0,144.0,0.0,38.4,39.9,37.2,35.2,36.6,33.7,0.0,14500.0,8.2,19.4,10.8,51.8,357.1,False
delhi,2022-05-25,36.9,43.3,2.2,821.3,996.2,0.5,43.3,42.4,33.7,45.6,0.0,25.0,5.0,145.0,0.0,38.1,38.4,39.9,35.5,35.2,36.6,0.0,14500.0,8.2,19.4,10.8,39.3,268.1,False
delhi,2022-05-26,39.6,37.5,2.4,894.8,996.3,0.0,37.5,45.9,35.4,47.3,0.0,26.0,5.0,146.0,0.0,36.9,38.1,38.4,33.7,35.5,35.2,0.0,14500.0,8.2,19.4,10.8,54.2,379.0,False
delhi,2022-05-27,39.0,43.5,1.7,877.5,997.2,0.0,43.5,47.7,35.9,49.7,0.0,27.0,5.0,147.0,0.0,39.6,36.9,38.1,35.4,33.7,35.5,0.0,14500.0,8.2,19.4,10.8,57.0,385.5,False
delhi,2022-05-28,39.2,42.2,3.8,846.3,996.3,0.0,42.2,47.5,35.6,47.5,0.0,28.0,5.0,148.0,0.0,39.0,39.6,36.9,35.9,35.4,33.7,0.0,14500.0,8.2,19.4,10.8,53.5,366.0,False
delhi,2022-05-29,40.6,34.1,1.8,964.1,994.0,0.0,34.1,46.4,36.1,47.8,0.0,29.0,5.0,149.0,1.0,39.2,39.0,39.6,35.6,35.9,35.4,5.6,14500.0,8.2,19.4,10.8,66.3,451.0,False
delhi,2022-05-30,39.8,31.6,1.1,872.8,999.4,0.0,31.6,43.5,34.5,46.0,0.0,30.0,5.0,150.0,0.0,40.6,39.2,39.0,36.1,35.6,35.9,0.0,14500.0,8.2,19.4,10.8,51.0,350.1,False
delhi,2022-05-31,39.5,49.4,3.0,870.5,996.6,0.0,49.4,52.8,37.2,52.0,0.0,31.0,5.0,151.0,0.0,39.8,40.6,39.2,34.5,36.1,35.6,0.0,14500.0,8.2,19.4,10.8,62.9,444.9,False
delhi,2022-06-01,36.2,47.9,4.1,939.2,996.5,0.0,47.9,42.7,34.3,44.6,0.0,1.0,6.0,152.0,0.0,39.5,39.8,40.6,37.2,34.5,36.1,0.0,14500.0,8.2,19.4,10.8,43.9,298.3,False
delhi,2022-06-02,38.3,49.2,3.3,813.0,994.8,0.0,49.2,49.0,35.7,49.4,0.0,2.0,6.0,153.0,0.0,36.2,39.5,39.8,34.3,37.2,34.5,0.0,14500.0,8.2,19.4,10.8,51.6,359.1,False
delhi,2022-06-03,37.4,41.0,2.6,868.9,996.1,0.2,41.0,42.5,34.0,45.2,0.0,3.0,6.0,154.0,0.0,38.3,36.2,39.5,35.7,34.3,37.2,0.0,14500.0,8.2,19.4,10.8,39.4,281.5,False
delhi,2022-06-04,35.5,49.0,1.1,1012.4,996.6,1.4,49.0,41.5,34.3,46.3,0.0,4.0,6.0,155.0,0.0,37.4,38.3,36.2,34.0,35.7,34.3,0.0,14500.0,8.2,19.4,10.8,41.9,293.3,False
delhi,2022-06-05,35.4,47.4,4.5,905.2,999.5,0.1,47.4,40.6,33.3,42.8,0.0,5.0,6.0,156.0,0.0,35.5,37.4,38.3,34.3,34.0,35.7,0.0,14500.0,8.2,19.4,10.8,36.6,251.6,False
delhi,2022-06-06,35.2,55.1,2.5,833.8,996.3,0.9,55.1,43.3,33.9,46.6,0.0,6.0,6.0,157.0,0.0,35.4,35.5,37.4,33.3,34.3,34.0,0.0,14500.0,8.2,19.4,10.8,41.9,286.7,False
delhi,2022-06-07,35.8,40.0,1.9,901.0,997.0,0.1,40.0,38.7,32.6,42.9,0.0,7.0,6.0,158.0,0.0,35.2,35.4,35.5,33.9,33.3,34.3,0.0,14500.0,8.2,19.4,10.8,34.7,235.2,False
delhi,2022-06-08,35.0,50.8,3.0,979.3,999.2,0.9,50.8,41.0,33.8,44.4,0.0,8.0,6.0,159.0,0.0,35.8,35.2,35.4,32.6,33.9,33.3,0.0,14500.0,8.2,19.4,10.8,40.3,265.7,False
delhi,2022-06-09,35.1,48.2,2.7,852.8,994.8,1.3,48.2,40.2,33.0,44.0,0.0,9.0,6.0,160.0,0.0,35.0,35.8,35.2,33.8,32.6,33.9,0.0,14500.0,8.2,19.4,10.8,37.6,254.0,False
delhi,2022-06-10,34.4,46.5,3.2,848.1,998.0,0.1,46.5,38.1,32.0,42.0,0.0,10.0,6.0,161.0,0.0,35.1,35.0,35.8,33.0,33.8,32.6,0.0,14500.0,8.2,19.4,10.8,30.8,201.4,False
delhi,2022-06-11,35.8,42.7,2.4,898.0,999.8,0.2,42.7,39.7,33.0,43.5,0.0,11.0,6.0,162.0,0.0,34.4,35.1,35.0,32.0,33.0,33.8,0.0,14500.0,8.2,19.4,10.8,36.3,248.0,False
delhi,2022-06-12,34.9,42.3,3.0,957.3,996.9,0.8,42.3,37.7,32.4,41.6,0.0,12.0,6.0,163.0,0.0,35.8,34.4,35.1,33.0,32.0,33.0,0.0,14500.0,8.2,19.4,10.8,31.9,222.8,False
delhi,2022-06-13,37.1,42.9,2.1,996.0,1000.0,0.1,42.9,42.7,34.7,45.9,0.0,13.0,6.0,164.0,0.0,34.9,35.8,34.4,32.4,33.0,32.0,0.0,14500.0,8.2,19.4,10.8,44.6,306.0,False
delhi,2022-06-14,34.3,44.5,1.7,828.3,994.3,0.6,44.5,37.2,31.6,42.3,0.0,14.0,6.0,165.0,0.0,37.1,34.9,35.8,34.7,32.4,33.0,0.0,14500.0,8.2,19.4,10.8,30.3,195.0,False
delhi,2022-06-15,35.4,49.6,1.6,945.8,997.0,0.5,49.6,41.5,33.9,45.9,0.0,15.0,6.0,166.0,0.0,34.3,37.1,34.9,31.6,34.7,32.4,0.0,14500.0,8.2,19.4,10.8,41.7,273.2,False
delhi,2022-06-16,36.1,43.8,2.0,956.1,995.4,0.2,43.8,40.8,33.8,44.7,0.0,16.0,6.0,167.0,0.0,35.4,34.3,37.1,33.9,31.6,34.7,0.0,14500.0,8.2,19.4,10.8,42.5,279.1,False
delhi,2022-06-17,35.8,48.2,2.1,961.6,997.0,0.4,48.2,41.9,34.2,45.7,0.0,17.0,6.0,168.0,0.0,36.1,35.4,34.3,33.8,33.9,31.6,0.0,14500.0,8.2,19.4,10.8,40.3,277.8,False
delhi,2022-06-18,37.5,42.3,3.0,958.8,998.7,0.4,42.3,43.3,34.7,45.5,0.0,18.0,6.0,169.0,0.0,35.8,36.1,35.4,34.2,33.8,33.9,0.0,14500.0,8.2,19.4,10.8,45.1,305.3,False
delhi,2022-06-19,36.7,42.0,2.5,1023.1,995.5,1.0,42.0,41.4,34.3,44.6,0.0,19.0,6.0,170.0,0.0,37.5,35.8,36.1,34.7,34.2,33.8,0.0,14500.0,8.2,19.4,10.8,43.5,278.2,False
delhi,2022-06-20,38.1,47.7,2.8,1001.2,994.2,0.0,47.7,47.6,36.3,48.9,0.0,20.0,6.0,171.0,0.0,36.7,37.5,35.8,34.3,34.7,34.2,0.0,14500.0,8.2,19.4,10.8,52.1,370.2,False
delhi,2022-06-21,40.0,41.2,3.2,957.8,997.2,0.0,41.2,49.0,36.7,49.0,0.0,21.0,6.0,172.0,1.0,38.1,36.7,37.5,36.3,34.3,34.7,5.0,14500.0,8.2,19.4,10.8,67.2,467.4,False
delhi,2022-06-22,41.6,41.6,3.7,905.9,997.3,0.0,41.6,53.7,37.9,51.5,0.0,22.0,6.0,173.0,2.0,40.0,38.1,36.7,36.7,36.3,34.3,13.2,14500.0,8.2,19.4,10.8,80.5,480.0,False
delhi,2022-06-23,40.9,40.6,2.8,960.0,995.8,0.0,40.6,51.0,37.4,50.6,0.0,23.0,6.0,174.0,3.0,41.6,40.0,38.1,37.9,36.7,36.3,17.7,14500.0,8.2,19.4,10.8,77.8,480.0,False
delhi,2022-06-24,41.0,38.6,2.6,979.3,993.5,0.0,38.6,50.0,37.3,50.0,0.0,24.0,6.0,175.0,4.0,40.9,41.6,40.0,37.4,37.9,36.7,24.0,14500.0,8.2,19.4,10.8,82.1,480.0,False
delhi,2022-06-25,43.6,33.0,2.9,945.7,998.6,0.0,33.0,52.9,38.2,50.8,0.0,25.0,6.0,176.0,5.0,41.0,40.9,41.6,37.3,37.4,37.9,43.0,14500.0,8.2,19.4,10.8,94.7,480.0,False
delhi,2022-06-26,44.5,32.5,2.2,926.9,996.5,0.0,32.5,54.8,38.8,52.7,0.0,26.0,6.0,177.0,6.0,43.6,41.0,40.9,38.2,37.3,37.4,57.0,14500.0,8.2,19.4,10.8,98.0,480.0,False
delhi,2022-06-27,44.4,33.9,2.8,920.4,995.8,0.0,33.9,55.7,39.0,52.9,0.0,27.0,6.0,178.0,7.0,44.5,43.6,41.0,38.8,38.2,37.3,65.8,14500.0,8.2,19.4,10.8,98.0,480.0,False
delhi,2022-06-28,46.6,23.3,2.2,886.8,995.7,0.0,23.3,52.5,38.1,49.2,0.0,28.0,6.0,179.0,8.0,44.4,44.5,43.6,39.0,38.8,38.2,92.8,14500.0,8.2,19.4,10.8,98.0,480.0,False
delhi,2023-03-01,27.5,64.0,2.3,692.7,1001.8,0.5,64.0,29.1,27.1,36.1,0.0,1.0,3.0,60.0,0.0,46.6,44.4,44.5,38.1,39.0,38.8,0.0,14500.0,8.2,19.4,10.8,9.5,39.5,False
delhi,2023-03-02,25.7,61.3,2.7,739.6,1002.7,0.1,61.3,25.9,25.4,32.7,0.0,2.0,3.0,61.0,0.0,27.5,46.6,44.4,27.1,38.1,39.0,0.0,14500.0,8.2,19.4,10.8,8.6,42.8,False
delhi,2023-03-03,27.4,57.5,2.9,751.9,1002.4,0.7,57.5,28.4,26.6,34.4,0.0,3.0,3.0,62.0,0.0,25.7,27.5,46.6,25.4,27.1,38.1,0.0,14500.0,8.2,19.4,10.8,8.2,45.3,False
delhi,2023-03-04,26.9,62.2,3.6,764.8,1003.3,0.8,62.2,28.1,26.7,34.1,0.0,4.0,3.0,63.0,0.0,27.4,25.7,27.5,26.6,25.4,27.1,0.0,14500.0,8.2,19.4,10.8,7.0,37.9,False
delhi,2023-03-05,26.8,56.8,1.4,740.9,1000.3,0.4,56.8,27.6,26.0,34.2,0.0,5.0,3.0,64.0,0.0,26.9,27.4,25.7,26.7,26.6,25.4,0.0,14500.0,8.2,19.4,10.8,8.5,47.8,False
delhi,2023-03-06,25.8,59.5,1.0,735.7,996.9,0.5,59.5,26.0,25.4,33.5,0.0,6.0,3.0,65.0,0.0,26.8,26.9,27.4,26.0,26.7,26.6,0.0,14500.0,8.2,19.4,10.8,10.0,43.5,False
delhi,2023-03-07,26.8,61.7,2.5,731.4,1001.2,2.2,61.7,27.9,26.4,34.5,0.0,7.0,3.0,66.0,0.0,25.8,26.8,26.9,25.4,26.0,26.7,0.0,14500.0,8.2,19.4,10.8,7.9,41.4,False
delhi,2023-03-08,25.3,68.1,3.2,750.6,1001.7,0.2,68.1,25.7,25.7,32.9,0.0,8.0,3.0,67.0,0.0,26.8,25.8,26.8,26.4,25.4,26.0,0.0,14500.0,8.2,19.4,10.8,7.2,39.1,False
delhi,2023-03-09,26.3,60.2,2.4,726.7,1002.0,0.6,60.2,26.6,25.8,33.5,0.0,9.0,3.0,68.0,0.0,25.3,26.8,25.8,25.7,26.4,25.4,0.0,14500.0,8.2,19.4,10.8,6.9,34.9,False
delhi,2023-03-10,27.1,64.9,3.2,768.0,1000.3,0.6,64.9,28.6,27.2,35.1,0.0,10.0,3.0,69.0,0.0,26.3,25.3,26.8,25.8,25.7,26.4,0.0,14500.0,8.2,19.4,10.8,9.1,49.1,False
delhi,2023-03-11,26.0,65.4,2.6,814.2,1001.1,0.5,65.4,26.4,26.5,33.8,0.0,11.0,3.0,70.0,0.0,27.1,26.3,25.3,27.2,25.8,25.7,0.0,14500.0,8.2,19.4,10.8,10.5,59.4,False
delhi,2023-03-12,26.8,57.2,2.1,752.3,1002.3,1.9,57.2,27.7,26.1,33.9,0.0,12.0,3.0,71.0,0.0,26.0,27.1,26.3,26.5,27.2,25.8,0.0,14500.0,8.2,19.4,10.8,7.0,35.5,False
delhi,2023-03-13,27.3,63.6,4.9,765.2,999.5,2.8,63.6,28.8,27.1,34.2,0.0,13.0,3.0,72.0,0.0,26.8,26.0,27.1,26.1,26.5,27.2,0.0,14500.0,8.2,19.4,10.8,9.6,47.7,False
delhi,2023-03-14,26.8,62.3,1.7,758.8,998.0,1.0,62.3,28.0,26.7,35.0,0.0,14.0,3.0,73.0,0.0,27.3,26.8,26.0,27.1,26.1,26.5,0.0,14500.0,8.2,19.4,10.8,9.9,53.0,False
delhi,2023-03-15,24.9,59.0,1.3,873.4,1001.1,1.0,59.0,25.0,25.1,31.9,0.0,15.0,3.0,74.0,0.0,26.8,27.3,26.8,26.7,27.1,26.1,0.0,14500.0,8.2,19.4,10.8,11.2,52.4,False
delhi,2023-03-16,27.7,61.1,1.2,848.8,1004.0,0.7,61.1,29.1,27.8,36.5,0.0,16.0,3.0,75.0,0.0,24.9,26.8,27.3,25.1,26.7,27.1,0.0,14500.0,8.2,19.4,10.8,9.1,42.3,False
delhi,2023-03-17,27.1,58.2,1.2,774.1,1000.9,0.4,58.2,28.1,26.6,35.0,0.0,17.0,3.0,76.0,0.0,27.7,24.9,26.8,27.8,25.1,26.7,0.0,14500.0,8.2,19.4,10.8,10.1,55.1,False
delhi,2023-03-18,25.1,60.9,1.6,713.6,1003.5,0.7,60.9,25.3,24.7,32.3,0.0,18.0,3.0,77.0,0.0,27.1,27.7,24.9,26.6,27.8,25.1,0.0,14500.0,8.2,19.4,10.8,6.2,33.9,False
delhi,2023-03-19,24.8,63.8,2.3,841.7,1002.4,0.6,63.8,25.0,25.3,32.0,0.0,19.0,3.0,78.0,0.0,25.1,27.1,27.7,24.7,26.6,27.8,0.0,14500.0,8.2,19.4,10.8,6.4,34.3,False
delhi,2023-03-20,26.6,58.8,4.2,800.8,1001.9,0.4,58.8,27.5,26.2,32.8,0.0,20.0,3.0,79.0,0.0,24.8,25.1,27.1,25.3,24.7,26.6,0.0,14500.0,8.2,19.4,10.8,8.1,44.0,False
delhi,2023-03-21,26.7,57.7,2.5,749.0,1000.7,1.4,57.7,27.6,26.0,33.6,0.0,21.0,3.0,80.0,0.0,26.6,24.8,25.1,26.2,25.3,24.7,0.0,14500.0,8.2,19.4,10.8,7.0,38.6,False
delhi,2023-03-22,25.1,66.0,2.8,834.9,995.2,0.3,66.0,25.4,25.8,32.5,0.0,22.0,3.0,81.0,0.0,26.7,26.6,24.8,26.0,26.2,25.3,0.0,14500.0,8.2,19.4,10.8,7.2,40.9,False
delhi,2023-03-23,26.2,63.3,2.7,754.1,1003.0,0.1,63.3,26.5,26.1,33.7,0.0,23.0,3.0,82.0,0.0,25.1,26.7,26.6,25.8,26.0,26.2,0.0,14500.0,8.2,19.4,10.8,8.3,47.2,False
delhi,2023-03-24,27.7,59.1,2.8,908.5,1000.7,1.0,59.1,28.9,27.8,35.2,0.0,24.0,3.0,83.0,0.0,26.2,25.1,26.7,26.1,25.8,26.0,0.0,14500.0,8.2,19.4,10.8,7.8,41.4,False
delhi,2023-03-25,27.5,60.5,1.6,823.4,998.6,0.5,60.5,28.8,27.4,35.8,0.0,25.0,3.0,84.0,0.0,27.7,26.2,25.1,27.8,26.1,25.8,0.0,14500.0,8.2,19.4,10.8,11.0,54.1,False
delhi,2023-03-26,26.6,59.8,2.8,807.7,1001.6,0.4,59.8,27.6,26.4,33.7,0.0,26.0,3.0,85.0,0.0,27.5,27.7,26.2,27.4,27.8,26.1,0.0,14500.0,8.2,19.4,10.8,9.4,48.6,False
delhi,2023-03-27,25.7,57.7,3.3,821.8,1002.1,0.3,57.7,25.8,25.4,31.8,0.0,27.0,3.0,86.0,0.0,26.6,27.5,27.7,26.4,27.4,27.8,0.0,14500.0,8.2,19.4,10.8,9.5,46.4,False
delhi,2023-03-28,27.6,57.9,2.5,740.2,997.8,0.3,57.9,28.7,26.8,35.0,0.0,28.0,3.0,87.0,0.0,25.7,26.6,27.5,25.4,26.4,27.4,0.0,14500.0,8.2,19.4,10.8,7.2,46.6,False
delhi,2023-03-29,26.0,59.8,1.5,766.6,1000.9,0.6,59.8,26.2,25.7,33.5,0.0,29.0,3.0,88.0,0.0,27.6,25.7,26.6,26.8,25.4,26.4,0.0,14500.0,8.2,19.4,10.8,7.5,36.5,False
delhi,2023-03-30,29.9,59.1,2.2,673.4,1005.1,0.0,59.1,32.5,28.7,38.9,0.0,30.0,3.0,89.0,0.0,26.0,27.6,25.7,25.7,26.8,25.4,0.0,14500.0,8.2,19.4,10.8,10.6,57.5,False
delhi,2023-03-31,29.2,48.9,4.4,836.3,1001.9,0.6,48.9,29.8,27.6,34.4,0.0,31.0,3.0,90.0,0.0,29.9,26.0,27.6,28.7,25.7,26.8,0.0,14500.0,8.2,19.4,10.8,9.4,50.6,False
delhi,2023-04-01,28.1,58.3,2.4,764.0,999.9,0.3,58.3,29.4,27.4,35.8,0.0,1.0,4.0,91.0,0.0,29.2,29.9,26.0,27.6,28.7,25.7,0.0,14500.0,8.2,19.4,10.8,7.2,34.0,False
delhi,2023-04-02,28.9,54.2,1.0,823.2,1003.4,0.2,54.2,30.1,28.1,37.1,0.0,2.0,4.0,92.0,0.0,28.1,29.2,29.9,27.4,27.6,28.7,0.0,14500.0,8.2,19.4,10.8,10.2,46.8,False
delhi,2023-04-03,27.7,60.7,1.7,810.3,997.7,0.6,60.7,29.1,27.6,36.1,0.0,3.0,4.0,93.0,0.0,28.9,28.1,29.2,28.1,27.4,27.6,0.0,14500.0,8.2,19.4,10.8,8.7,39.6,False
delhi,2023-04-04,29.5,55.4,2.0,809.9,1001.2,0.5,55.4,31.1,28.6,37.6,0.0,4.0,4.0,94.0,0.0,27.7,28.9,28.1,27.6,28.1,27.4,0.0,14500.0,8.2,19.4,10.8,12.0,68.4,False
delhi,2023-04-05,28.2,54.9,2.0,738.2,1003.7,0.9,54.9,29.2,27.0,35.6,0.0,5.0,4.0,95.0,0.0,29.5,27.7,28.9,28.6,27.6,28.1,0.0,14500.0,8.2,19.4,10.8,8.1,45.9,False
delhi,2023-04-06,29.0,53.7,3.1,782.0,1003.8,0.1,53.7,30.1,27.8,35.8,0.0,6.0,4.0,96.0,0.0,28.2,29.5,27.7,27.0,28.6,27.6,0.0,14500.0,8.2,19.4,10.8,7.3,35.1,False
delhi,2023-04-07,30.5,49.5,2.7,843.4,1001.0,0.1,49.5,31.7,29.0,37.3,0.0,7.0,4.0,97.0,0.0,29.0,28.2,29.5,27.8,27.0,28.6,0.0,14500.0,8.2,19.4,10.8,15.3,94.2,False
delhi,2023-04-08,26.9,60.7,3.7,729.1,1000.7,0.1,60.7,28.0,26.3,33.8,0.0,8.0,4.0,98.0,0.0,30.5,29.0,28.2,29.0,27.8,27.0,0.0,14500.0,8.2,19.4,10.8,8.5,39.5,False
delhi,2023-04-09,30.2,61.4,2.1,843.4,1003.3,0.2,61.4,33.5,30.1,40.0,0.0,9.0,4.0,99.0,0.0,26.9,30.5,29.0,26.3,29.0,27.8,0.0,14500.0,8.2,19.4,10.8,18.4,117.6,False
delhi,2023-04-10,28.0,57.2,1.9,818.3,998.8,0.4,57.2,29.1,27.5,35.8,0.0,10.0,4.0,100.0,0.0,30.2,26.9,30.5,30.1,26.3,29.0,0.0,14500.0,8.2,19.4,10.8,9.6,49.2,False
delhi,2023-04-11,29.5,47.8,2.8,879.7,997.5,2.6,47.8,30.0,28.0,35.5,0.0,11.0,4.0,101.0,0.0,28.0,30.2,26.9,27.5,30.1,26.3,0.0,14500.0,8.2,19.4,10.8,9.5,56.9,False
delhi,2023-04-12,28.6,64.0,2.6,786.0,997.9,0.4,64.0,30.9,28.6,37.6,0.0,12.0,4.0,102.0,0.0,29.5,28.0,30.2,28.0,27.5,30.1,0.0,14500.0,8.2,19.4,10.8,12.7,70.1,False
delhi,2023-04-13,28.0,55.1,3.5,876.2,1001.1,1.3,55.1,28.9,27.5,34.5,0.0,13.0,4.0,103.0,0.0,28.6,29.5,28.0,28.6,28.0,27.5,0.0,14500.0,8.2,19.4,10.8,7.7,33.6,False
delhi,2023-04-14,29.1,59.5,2.6,884.7,998.3,0.7,59.5,31.1,29.1,37.5,0.0,14.0,4.0,104.0,0.0,28.0,28.6,29.5,27.5,28.6,28.0,0.0,14500.0,8.2,19.4,10.8,14.9,89.3,False
delhi,2023-04-15,29.0,59.3,3.3,785.7,997.1,0.0,59.3,30.9,28.4,36.8,0.0,15.0,4.0,105.0,0.0,29.1,28.0,28.6,29.1,27.5,28.6,0.0,14500.0,8.2,19.4,10.8,10.8,63.4,False
delhi,2023-04-16,32.3,45.1,4.2,770.1,1001.4,0.3,45.1,33.8,29.6,37.9,0.0,16.0,4.0,106.0,0.0,29.0,29.1,28.0,28.4,29.1,27.5,0.0,14500.0,8.2,19.4,10.8,17.4,108.0,False
delhi,2023-04-17,33.3,53.7,2.3,841.7,1000.3,0.8,53.7,38.1,32.0,43.0,0.0,17.0,4.0,107.0,0.0,32.3,29.0,29.1,29.6,28.4,29.1,0.0,14500.0,8.2,19.4,10.8,29.7,198.7,False
delhi,2023-04-18,32.2,50.3,1.7,895.7,999.7,0.9,50.3,34.8,30.9,40.8,0.0,18.0,4.0,108.0,0.0,33.3,32.3,29.0,32.0,29.6,28.4,0.0,14500.0,8.2,19.4,10.8,24.7,159.8,False
delhi,2023-04-19,34.2,54.3,2.9,832.2,996.9,0.3,54.3,40.4,32.9,44.2,0.0,19.0,4.0,109.0,0.0,32.2,33.3,32.3,30.9,32.0,29.6,0.0,14500.0,8.2,19.4,10.8,34.9,231.6,False
delhi,2023-04-20,33.8,49.5,1.1,801.0,993.7,0.1,49.5,37.8,31.8,43.6,0.0,20.0,4.0,110.0,0.0,34.2,32.2,33.3,32.9,30.9,32.0,0.0,14500.0,8.2,19.4,10.8,29.8,190.2,False
delhi,2023-04-21,33.6,55.7,3.5,824.3,1002.4,0.0,55.7,39.5,32.4,43.2,0.0,21.0,4.0,111.0,0.0,33.8,34.2,32.2,31.8,32.9,30.9,0.0,14500.0,8.2,19.4,10.8,31.9,213.7,False
delhi,2023-04-22,32.3,48.7,2.7,805.3,999.4,2.9,48.7,34.6,30.3,39.8,0.0,22.0,4.0,112.0,0.0,33.6,33.8,34.2,32.4,31.8,32.9,0.0,14500.0,8.2,19.4,10.8,20.1,133.5,False
delhi,2023-04-23,33.5,53.5,1.3,710.6,1001.2,0.1,53.5,38.5,31.6,44.1,0.0,23.0,4.0,113.0,0.0,32.3,33.6,33.8,30.3,32.4,31.8,0.0,14500.0,8.2,19.4,10.8,28.1,191.1,False
delhi,2023-04-24,31.3,48.4,3.5,824.2,1001.1,0.0,48.4,32.8,29.4,37.7,0.0,24.0,4.0,114.0,0.0,33.5,32.3,33.6,31.6,30.3,32.4,0.0,14500.0,8.2,19.4,10.8,17.3,100.4,False
delhi,2023-04-25,28.8,54.6,2.8,767.7,999.6,0.0,54.6,30.0,27.6,35.9,0.0,25.0,4.0,115.0,0.0,31.3,33.5,32.3,29.4,31.6,30.3,0.0,14500.0,8.2,19.4,10.8,7.0,38.0,False
delhi,2023-04-26,28.9,64.9,1.5,841.3,1001.5,0.3,64.9,31.6,29.3,39.0,0.0,26.0,4.0,116.0,0.0,28.8,31.3,33.5,27.6,29.4,31.6,0.0,14500.0,8.2,19.4,10.8,14.4,83.9,False
delhi,2023-04-27,28.7,62.8,2.3,811.5,1001.2,0.6,62.8,30.9,28.7,37.7,0.0,27.0,4.0,117.0,0.0,28.9,28.8,31.3,29.3,27.6,29.4,0.0,14500.0,8.2,19.4,10.8,10.0,60.9,False
delhi,2023-04-28,29.7,59.1,3.6,907.4,999.7,0.5,59.1,32.1,29.6,37.7,0.0,28.0,4.0,118.0,0.0,28.7,28.9,28.8,28.7,29.3,27.6,0.0,14500.0,8.2,19.4,10.8,18.5,111.7,False
delhi,2023-04-29,28.5,59.1,2.0,949.0,999.3,0.0,59.1,30.1,28.8,36.9,0.0,29.0,4.0,119.0,0.0,29.7,28.7,28.9,29.6,28.7,29.3,0.0,14500.0,8.2,19.4,10.8,13.3,74.6,False
delhi,2023-04-30,28.0,63.2,1.7,783.6,1000.4,0.1,63.2,29.8,28.0,37.1,0.0,30.0,4.0,120.0,0.0,28.5,29.7,28.7,28.8,29.6,28.7,0.0,14500.0,8.2,19.4,10.8,10.2,55.6,False
delhi,2023-05-01,29.1,60.3,1.9,780.6,1002.0,0.1,60.3,31.3,28.7,38.1,0.0,1.0,5.0,121.0,0.0,28.0,28.5,29.7,28.0,28.8,29.6,0.0,14500.0,8.2,19.4,10.8,12.8,68.4,False
delhi,2023-05-02,28.8,61.7,2.0,855.3,1001.8,0.7,61.7,30.9,28.9,37.9,0.0,2.0,5.0,122.0,0.0,29.1,28.0,28.5,28.7,28.0,28.8,0.0,14500.0,8.2,19.4,10.8,16.2,92.0,False
delhi,2023-05-03,29.0,55.0,1.8,802.8,994.9,0.3,55.0,30.3,28.1,36.9,0.0,3.0,5.0,123.0,0.0,28.8,29.1,28.0,28.9,28.7,28.0,0.0,14500.0,8.2,19.4,10.8,9.9,51.3,False
delhi,2023-05-04,27.3,57.7,2.7,848.4,996.1,0.8,57.7,28.3,27.0,34.4,0.0,4.0,5.0,124.0,0.0,29.0,28.8,29.1,28.1,28.9,28.7,0.0,14500.0,8.2,19.4,10.8,9.9,47.8,False
delhi,2023-05-05,28.0,57.0,3.8,882.9,1000.2,0.7,57.0,29.1,27.7,34.6,0.0,5.0,5.0,125.0,0.0,27.3,29.0,28.8,27.0,28.1,28.9,0.0,14500.0,8.2,19.4,10.8,6.9,40.3,False
delhi,2023-05-06,28.2,57.8,2.4,855.7,1000.3,0.1,57.8,29.5,27.9,35.9,0.0,6.0,5.0,126.0,0.0,28.0,27.3,29.0,27.7,27.0,28.1,0.0,14500.0,8.2,19.4,10.8,9.4,53.0,False
delhi,2023-05-07,28.1,59.1,3.9,873.7,1003.9,0.2,59.1,29.5,28.0,35.1,0.0,7.0,5.0,127.0,0.0,28.2,28.0,27.3,27.9,27.7,27.0,0.0,14500.0,8.2,19.4,10.8,11.2,56.4,False
delhi,2023-05-08,28.7,60.6,2.0,887.2,998.1,0.1,60.6,30.6,28.9,37.5,0.0,8.0,5.0,128.0,0.0,28.1,28.2,28.0,28.0,27.9,27.7,0.0,14500.0,8.2,19.4,10.8,13.4,78.2,False
delhi,2023-05-09,28.0,55.7,3.0,948.5,999.3,0.5,55.7,29.0,27.9,34.9,0.0,9.0,5.0,129.0,0.0,28.7,28.1,28.2,28.9,28.0,27.9,0.0,14500.0,8.2,19.4,10.8,7.7,35.1,False
delhi,2023-05-10,29.6,61.4,1.3,811.4,997.6,1.0,61.4,32.3,29.5,39.6,0.0,10.0,5.0,130.0,0.0,28.0,28.7,28.1,27.9,28.9,28.0,0.0,14500.0,8.2,19.4,10.8,15.5,107.4,False
delhi,2023-05-11,29.5,56.6,3.2,797.4,994.9,0.6,56.6,31.3,28.6,37.1,0.0,11.0,5.0,131.0,0.0,29.6,28.0,28.7,29.5,27.9,28.9,0.0,14500.0,8.2,19.4,10.8,13.6,71.1,False
delhi,2023-05-12,30.8,50.5,4.3,855.2,998.7,0.4,50.5,32.4,29.3,37.0,0.0,12.0,5.0,132.0,0.0,29.5,29.6,28.0,28.6,29.5,27.9,0.0,14500.0,8.2,19.4,10.8,14.6,101.8,False
delhi,2023-05-13,32.6,55.2,3.0,910.6,997.2,0.3,55.2,37.0,31.9,41.8,0.0,13.0,5.0,133.0,0.0,30.8,29.5,29.6,29.3,28.6,29.5,0.0,14500.0,8.2,19.4,10.8,31.6,201.5,False
delhi,2023-05-14,33.1,53.1,0.5,913.4,997.4,0.3,53.1,37.4,32.3,44.0,0.0,14.0,5.0,134.0,0.0,32.6,30.8,29.5,31.9,29.3,28.6,0.0,14500.0,8.2,19.4,10.8,30.8,209.4,False
delhi,2023-05-15,32.9,56.7,3.0,823.8,1002.0,0.5,56.7,38.1,31.9,42.7,0.0,15.0,5.0,135.0,0.0,33.1,32.6,30.8,32.3,31.9,29.3,0.0,14500.0,8.2,19.4,10.8,29.4,198.1,False
delhi,2023-05-16,35.0,46.3,3.5,779.8,995.7,0.2,46.3,39.3,32.2,42.6,0.0,16.0,5.0,136.0,0.0,32.9,33.1,32.6,31.9,32.3,31.9,0.0,14500.0,8.2,19.4,10.8,32.1,213.2,False
delhi,2023-05-17,32.9,51.9,2.4,855.0,995.0,1.0,51.9,36.6,31.5,41.8,0.0,17.0,5.0,137.0,0.0,35.0,32.9,33.1,32.2,31.9,32.3,0.0,14500.0,8.2,19.4,10.8,27.2,182.9,False
delhi,2023-05-18,35.3,52.6,1.6,877.4,998.5,0.3,52.6,42.5,33.9,46.7,0.0,18.0,5.0,138.0,0.0,32.9,35.0,32.9,31.5,32.2,31.9,0.0,14500.0,8.2,19.4,10.8,40.4,284.7,False
delhi,2023-05-19,35.7,44.0,2.9,831.7,998.7,0.7,44.0,40.0,32.8,43.4,0.0,19.0,5.0,139.0,0.0,35.3,32.9,35.0,33.9,31.5,32.2,0.0,14500.0,8.2,19.4,10.8,35.4,237.0,False
delhi,2023-05-20,35.9,42.6,2.8,872.3,996.3,0.7,42.6,39.9,32.9,43.3,0.0,20.0,5.0,140.0,0.0,35.7,35.3,32.9,32.8,33.9,31.5,0.0,14500.0,8.2,19.4,10.8,34.1,241.2,False
delhi,2023-05-21,37.2,44.1,1.9,763.8,999.7,0.2,44.1,43.4,33.8,46.7,0.0,21.0,5.0,141.0,0.0,35.9,35.7,35.3,32.9,32.8,33.9,0.0,14500.0,8.2,19.4,10.8,40.8,276.3,False
delhi,2023-05-22,38.7,42.3,2.4,856.5,999.7,0.0,42.3,46.2,35.3,48.0,0.0,22.0,5.0,142.0,0.0,37.2,35.9,35.7,33.8,32.9,32.8,0.0,14500.0,8.2,19.4,10.8,49.9,342.8,False
delhi,2023-05-23,39.0,36.2,4.4,892.3,998.5,0.0,36.2,43.9,34.6,44.2,0.0,23.0,5.0,143.0,0.0,38.7,37.2,35.9,35.3,33.8,32.9,0.0,14500.0,8.2,19.4,10.8,47.4,328.0,False
delhi,2023-05-24,38.4,40.2,3.0,867.5,999.8,0.0,40.2,44.4,34.7,46.1,0.0,24.0,5.0,144.0,0.0,39.0,38.7,37.2,34.6,35.3,33.8,0.0,14500.0,8.2,19.4,10.8,50.9,334.3,False
delhi,2023-05-25,39.2,42.7,3.9,887.5,996.1,0.0,42.7,47.7,35.9,47.7,0.0,25.0,5.0,145.0,0.0,38.4,39.0,38.7,34.7,34.6,35.3,0.0,14500.0,8.2,19.4,10.8,54.6,384.0,False
delhi,2023-05-26,38.7,50.0,3.9,841.6,996.3,0.0,50.0,50.7,36.3,49.9,0.0,26.0,5.0,146.0,0.0,39.2,38.4,39.0,35.9,34.7,34.6,0.0,14500.0,8.2,19.4,10.8,56.9,400.6,False
delhi,2023-05-27,39.2,38.6,2.5,863.6,998.9,0.0,38.6,45.5,35.1,47.1,0.0,27.0,5.0,147.0,0.0,38.7,39.2,38.4,36.3,35.9,34.7,0.0,14500.0,8.2,19.4,10.8,51.1,353.2,False
delhi,2023-05-28,40.2,36.6,1.3,901.4,996.9,0.0,36.6,46.8,35.9,48.9,0.0,28.0,5.0,148.0,1.0,39.2,38.7,39.2,35.1,36.3,35.9,5.2,14500.0,8.2,19.4,10.8,63.3,439.2,False
delhi,2023-05-29,38.8,41.6,1.9,902.5,999.3,0.0,41.6,46.1,35.5,48.3,0.0,29.0,5.0,149.0,0.0,40.2,39.2,38.7,35.9,35.1,36.3,0.0,14500.0,8.2,19.4,10.8,51.3,358.8,False
delhi,2023-05-30,39.6,42.6,3.5,871.6,993.8,0.0,42.6,48.7,36.2,48.6,0.0,30.0,5.0,150.0,0.0,38.8,40.2,39.2,35.5,35.9,35.1,0.0,14500.0,8.2,19.4,10.8,60.0,417.2,False
delhi,2023-05-31,39.6,45.4,2.9,939.9,997.1,0.0,45.4,50.4,37.0,50.5,0.0,31.0,5.0,151.0,0.0,39.6,38.8,40.2,36.2,35.5,35.9,0.0,14500.0,8.2,19.4,10.8,62.3,440.2,False
delhi,2023-06-01,38.8,44.4,3.2,881.9,996.9,0.0,44.4,47.6,35.8,48.3,0.0,1.0,6.0,152.0,0.0,39.6,39.6,38.8,37.0,36.2,35.5,0.0,14500.0,8.2,19.4,10.8,55.2,376.1,False
delhi,2023-06-02,36.8,46.0,3.1,895.0,995.0,0.5,46.0,43.3,34.4,45.7,0.0,2.0,6.0,153.0,0.0,38.8,39.6,39.6,35.8,37.0,36.2,0.0,14500.0,8.2,19.4,10.8,43.2,301.5,False
delhi,2023-06-03,36.8,46.6,1.7,928.1,996.9,0.1,46.6,43.6,34.7,47.1,0.0,3.0,6.0,154.0,0.0,36.8,38.8,39.6,34.4,35.8,37.0,0.0,14500.0,8.2,19.4,10.8,46.8,315.6,False
delhi,2023-06-04,36.1,53.0,2.7,868.1,998.4,1.0,53.0,44.8,34.6,47.3,0.0,4.0,6.0,155.0,0.0,36.8,36.8,38.8,34.7,34.4,35.8,0.0,14500.0,8.2,19.4,10.8,45.1,313.9,False
delhi,2023-06-05,34.9,52.2,3.6,904.1,993.0,0.3,52.2,41.3,33.5,44.2,0.0,5.0,6.0,156.0,0.0,36.1,36.8,36.8,34.6,34.7,34.4,0.0,14500.0,8.2,19.4,10.8,37.8,256.5,False
delhi,2023-06-06,36.5,47.4,1.8,883.4,996.3,0.2,47.4,43.2,34.3,46.8,0.0,6.0,6.0,157.0,0.0,34.9,36.1,36.8,33.5,34.6,34.7,0.0,14500.0,8.2,19.4,10.8,45.6,301.5,False
delhi,2023-06-07,36.4,51.5,3.3,891.8,997.9,0.5,51.5,44.9,34.8,46.8,0.0,7.0,6.0,158.0,0.0,36.5,34.9,36.1,34.3,33.5,34.6,0.0,14500.0,8.2,19.4,10.8,45.9,316.1,False
delhi,2023-06-08,34.1,53.6,1.6,894.9,998.1,0.9,53.6,39.9,33.1,44.9,0.0,8.0,6.0,159.0,0.0,36.4,36.5,34.9,34.8,34.3,33.5,0.0,14500.0,8.2,19.4,10.8,37.9,244.7,False
delhi,2023-06-09,34.8,55.6,1.7,882.8,998.0,1.0,55.6,42.5,33.9,46.7,0.0,9.0,6.0,160.0,0.0,34.1,36.4,36.5,33.1,34.8,34.3,0.0,14500.0,8.2,19.4,10.8,41.2,282.9,False
delhi,2023-06-10,35.2,42.4,3.2,932.0,998.3,0.4,42.4,38.4,32.6,41.9,0.0,10.0,6.0,161.0,0.0,34.8,34.1,36.4,33.9,33.1,34.8,0.0,14500.0,8.2,19.4,10.8,33.6,221.0,False
delhi,2023-06-11,35.6,46.1,0.8,962.4,995.8,0.7,46.1,40.5,33.8,45.7,0.0,11.0,6.0,162.0,0.0,35.2,34.8,34.1,32.6,33.9,33.1,0.0,14500.0,8.2,19.4,10.8,40.3,272.9,False
delhi,2023-06-12,35.0,45.8,3.1,931.5,997.5,0.8,45.8,39.1,32.9,42.7,0.0,12.0,6.0,163.0,0.0,35.6,35.2,34.8,33.8,32.6,33.9,0.0,14500.0,8.2,19.4,10.8,34.1,239.1,False
delhi,2023-06-13,34.2,51.9,2.8,1015.2,996.4,0.0,51.9,39.5,33.5,43.6,0.0,13.0,6.0,164.0,0.0,35.0,35.6,35.2,32.9,33.8,32.6,0.0,14500.0,8.2,19.4,10.8,38.2,251.1,False
delhi,2023-06-14,34.8,41.4,3.1,977.5,995.0,0.0,41.4,37.3,32.3,41.1,0.0,14.0,6.0,165.0,0.0,34.2,35.0,35.6,33.5,32.9,33.8,0.0,14500.0,8.2,19.4,10.8,33.6,228.5,False
delhi,2023-06-15,35.4,46.2,2.6,984.8,994.8,0.0,46.2,40.1,33.6,43.9,0.0,15.0,6.0,166.0,0.0,34.8,34.2,35.0,32.3,33.5,32.9,0.0,14500.0,8.2,19.4,10.8,39.7,269.2,False
delhi,2023-06-16,36.7,47.6,4.7,837.8,995.3,0.3,47.6,43.8,34.1,44.8,0.0,16.0,6.0,167.0,0.0,35.4,34.8,34.2,33.6,32.3,33.5,0.0,14500.0,8.2,19.4,10.8,42.8,295.9,False
delhi,2023-06-17,36.5,49.1,3.8,995.7,999.9,0.1,49.1,44.0,35.0,45.7,0.0,17.0,6.0,168.0,0.0,36.7,35.4,34.8,34.1,33.6,32.3,0.0,14500.0,8.2,19.4,10.8,48.1,321.3,False
delhi,2023-06-18,37.4,42.9,0.6,952.9,996.8,0.5,42.9,43.4,34.9,47.7,0.0,18.0,6.0,169.0,0.0,36.5,36.7,35.4,35.0,34.1,33.6,0.0,14500.0,8.2,19.4,10.8,46.0,323.0,False
delhi,2023-06-19,37.5,44.5,1.9,867.3,995.3,0.1,44.5,44.3,34.7,47.3,0.0,19.0,6.0,170.0,0.0,37.4,36.5,36.7,34.9,35.0,34.1,0.0,14500.0,8.2,19.4,10.8,45.3,308.9,False
delhi,2023-06-20,36.9,46.5,1.5,890.3,995.1,0.4,46.5,43.8,34.6,47.5,0.0,20.0,6.0,171.0,0.0,37.5,37.4,36.5,34.7,34.9,35.0,0.0,14500.0,8.2,19.4,10.8,44.3,300.7,False
delhi,2023-06-21,40.1,45.2,1.0,942.4,996.1,0.0,45.2,51.8,37.5,53.3,0.0,21.0,6.0,172.0,1.0,36.9,37.5,37.4,34.6,34.7,34.9,5.1,14500.0,8.2,19.4,10.8,71.9,480.0,False
delhi,2023-06-22,39.9,38.9,1.9,992.1,996.4,0.0,38.9,47.4,36.5,48.9,0.0,22.0,6.0,173.0,0.0,40.1,36.9,37.5,37.5,34.6,34.7,0.0,14500.0,8.2,19.4,10.8,65.3,444.3,False
delhi,2023-06-23,40.9,32.6,1.1,860.8,996.8,0.0,32.6,46.3,35.6,48.1,0.0,23.0,6.0,174.0,1.0,39.9,40.1,36.9,36.5,37.5,34.6,5.9,14500.0,8.2,19.4,10.8,64.3,437.1,False
delhi,2023-06-24,43.4,33.0,2.6,1022.3,998.0,0.0,33.0,52.4,38.4,50.8,0.0,24.0,6.0,175.0,2.0,40.9,39.9,40.1,35.6,36.5,37.5,16.8,14500.0,8.2,19.4,10.8,90.2,480.0,False
delhi,2023-06-25,41.2,35.3,2.3,894.0,995.9,0.0,35.3,48.5,36.4,48.9,0.0,25.0,6.0,176.0,3.0,43.4,40.9,39.9,38.4,35.6,36.5,18.6,14500.0,8.2,19.4,10.8,73.6,480.0,False
delhi,2023-06-26,43.5,35.4,2.9,890.5,999.0,0.0,35.4,54.4,38.3,52.2,0.0,26.0,6.0,177.0,4.0,41.2,43.4,40.9,36.4,38.4,35.6,34.0,14500.0,8.2,19.4,10.8,95.3,480.0,False
delhi,2023-06-27,45.5,32.7,3.3,961.0,994.9,0.0,32.7,57.7,39.8,53.4,0.0,27.0,6.0,178.0,5.0,43.5,41.2,43.4,38.3,36.4,38.4,52.5,14500.0,8.2,19.4,10.8,98.0,480.0,False
delhi,2023-06-28,45.6,31.5,2.3,941.9,992.3,0.0,31.5,56.9,39.6,53.8,0.0,28.0,6.0,179.0,6.0,45.5,43.5,41.2,39.8,38.3,36.4,63.6,14500.0,8.2,19.4,10.8,98.0,480.0,False
delhi,2024-03-01,26.6,56.0,3.5,706.7,1003.9,0.6,56.0,27.4,25.4,32.7,0.0,1.0,3.0,61.0,0.0,45.6,45.5,43.5,39.6,39.8,38.3,0.0,14500.0,8.2,19.4,10.8,9.1,54.9,False
delhi,2024-03-02,25.7,57.7,1.6,738.4,1004.8,0.8,57.7,25.8,25.1,32.7,0.0,2.0,3.0,62.0,0.0,26.6,45.6,45.5,25.4,39.6,39.8,0.0,14500.0,8.2,19.4,10.8,8.9,46.3,False
delhi,2024-03-03,26.3,63.8,3.1,665.9,1004.5,0.6,63.8,26.7,25.8,33.7,0.0,3.0,3.0,63.0,0.0,25.7,26.6,45.6,25.1,25.4,39.6,0.0,14500.0,8.2,19.4,10.8,6.0,29.6,False
delhi,2024-03-04,27.9,57.1,1.5,706.8,1001.0,0.0,57.1,29.0,26.9,35.9,0.0,4.0,3.0,64.0,0.0,26.3,25.7,26.6,25.8,25.1,25.4,0.0,14500.0,8.2,19.4,10.8,10.5,57.7,False
delhi,2024-03-05,25.9,60.3,1.2,716.4,1003.7,0.2,60.3,26.1,25.4,33.6,0.0,5.0,3.0,65.0,0.0,27.9,26.3,25.7,26.9,25.8,25.1,0.0,14500.0,8.2,19.4,10.8,10.9,61.7,False
delhi,2024-03-06,26.0,60.8,1.6,758.6,1000.8,1.7,60.8,26.2,25.8,33.6,0.0,6.0,3.0,66.0,0.0,25.9,27.9,26.3,25.4,26.9,25.8,0.0,14500.0,8.2,19.4,10.8,7.9,40.9,False
delhi,2024-03-07,26.4,58.9,2.3,839.9,1002.8,0.1,58.9,26.6,26.3,33.5,0.0,7.0,3.0,67.0,0.0,26.0,25.9,27.9,25.8,25.4,26.9,0.0,14500.0,8.2,19.4,10.8,8.1,41.7,False
delhi,2024-03-08,26.7,60.9,3.2,684.7,998.7,0.2,60.9,27.8,26.0,33.8,0.0,8.0,3.0,68.0,0.0,26.4,26.0,25.9,26.3,25.8,25.4,0.0,14500.0,8.2,19.4,10.8,6.7,37.8,False
delhi,2024-03-09,28.3,66.5,3.0,788.4,998.0,0.2,66.5,30.8,28.6,37.3,0.0,9.0,3.0,69.0,0.0,26.7,26.4,26.0,26.0,26.3,25.8,0.0,14500.0,8.2,19.4,10.8,11.0,58.3,False
delhi,2024-03-10,25.7,61.7,2.9,813.1,997.9,0.1,61.7,25.9,25.8,32.7,0.0,10.0,3.0,70.0,0.0,28.3,26.7,26.4,28.6,26.0,26.3,0.0,14500.0,8.2,19.4,10.8,11.6,50.1,False
delhi,2024-03-11,24.1,62.7,3.4,864.6,999.0,0.3,62.7,24.2,24.6,30.3,0.0,11.0,3.0,71.0,0.0,25.7,28.3,26.7,25.8,28.6,26.0,0.0,14500.0,8.2,19.4,10.8,9.3,46.3,False
delhi,2024-03-12,26.0,54.9,2.7,781.6,1005.0,1.0,54.9,26.1,25.2,32.1,0.0,12.0,3.0,72.0,0.0,24.1,25.7,28.3,24.6,25.8,28.6,0.0,14500.0,8.2,19.4,10.8,9.0,43.4,False
delhi,2024-03-13,26.9,58.3,3.0,751.5,1002.2,0.3,58.3,27.8,26.2,33.8,0.0,13.0,3.0,73.0,0.0,26.0,24.1,25.7,25.2,24.6,25.8,0.0,14500.0,8.2,19.4,10.8,8.5,44.8,False
delhi,2024-03-14,27.7,52.7,1.8,803.7,999.9,0.2,52.7,28.3,26.6,34.6,0.0,14.0,3.0,74.0,0.0,26.9,26.0,24.1,26.2,25.2,24.6,0.0,14500.0,8.2,19.4,10.8,5.3,47.7,False
delhi,2024-03-15,27.8,59.2,2.5,787.6,1002.3,0.4,59.2,29.1,27.3,35.5,0.0,15.0,3.0,75.0,0.0,27.7,26.9,26.0,26.6,26.2,25.2,0.0,14500.0,8.2,19.4,10.8,9.5,53.0,False
delhi,2024-03-16,26.6,59.6,3.3,891.7,1001.6,1.3,59.6,27.6,26.8,33.4,0.0,16.0,3.0,76.0,0.0,27.8,27.7,26.9,27.3,26.6,26.2,0.0,14500.0,8.2,19.4,10.8,8.5,41.6,False
delhi,2024-03-17,27.9,61.9,1.9,797.0,999.3,0.8,61.9,29.5,27.8,36.5,0.0,17.0,3.0,77.0,0.0,26.6,27.8,27.7,26.8,27.3,26.6,0.0,14500.0,8.2,19.4,10.8,6.4,31.5,False
delhi,2024-03-18,26.2,58.6,3.2,804.1,1002.6,0.1,58.6,26.4,25.9,32.7,0.0,18.0,3.0,78.0,0.0,27.9,26.6,27.8,27.8,26.8,27.3,0.0,14500.0,8.2,19.4,10.8,9.7,51.7,False
delhi,2024-03-19,28.1,60.7,2.8,833.5,1001.0,0.0,60.7,29.7,28.0,36.1,0.0,19.0,3.0,79.0,0.0,26.2,27.9,26.6,25.9,27.8,26.8,0.0,14500.0,8.2,19.4,10.8,7.2,30.7,False
delhi,2024-03-20,25.3,61.3,2.1,787.0,1000.8,1.5,61.3,25.5,25.3,32.4,0.0,20.0,3.0,80.0,0.0,28.1,26.2,27.9,28.0,25.9,27.8,0.0,14500.0,8.2,19.4,10.8,5.7,34.5,False
delhi,2024-03-21,27.0,56.2,3.0,830.2,997.8,0.1,56.2,27.8,26.5,33.5,0.0,21.0,3.0,81.0,0.0,25.3,28.1,26.2,25.3,28.0,25.9,0.0,14500.0,8.2,19.4,10.8,7.4,44.0,False
delhi,2024-03-22,26.5,59.6,3.1,771.1,1002.2,0.3,59.6,27.5,26.1,33.3,0.0,22.0,3.0,82.0,0.0,27.0,25.3,28.1,26.5,25.3,28.0,0.0,14500.0,8.2,19.4,10.8,9.5,41.0,False
delhi,2024-03-23,27.2,60.3,3.6,721.2,994.9,0.4,60.3,28.4,26.5,34.2,0.0,23.0,3.0,83.0,0.0,26.5,27.0,25.3,26.1,26.5,25.3,0.0,14500.0,8.2,19.4,10.8,8.8,41.4,False
delhi,2024-03-24,27.4,54.5,3.1,830.5,1002.0,0.8,54.5,28.1,26.6,33.7,0.0,24.0,3.0,84.0,0.0,27.2,26.5,27.0,26.5,26.1,26.5,0.0,14500.0,8.2,19.4,10.8,10.1,63.1,False
delhi,2024-03-25,27.7,56.4,2.5,701.5,999.4,0.5,56.4,28.7,26.5,34.8,0.0,25.0,3.0,85.0,0.0,27.4,27.2,26.5,26.6,26.5,26.1,0.0,14500.0,8.2,19.4,10.8,7.9,38.3,False
delhi,2024-03-26,27.4,62.7,1.7,748.7,1003.0,0.1,62.7,28.8,27.2,36.0,0.0,26.0,3.0,86.0,0.0,27.7,27.4,27.2,26.5,26.6,26.5,0.0,14500.0,8.2,19.4,10.8,6.5,32.3,False
delhi,2024-03-27,26.9,63.1,2.7,803.0,1002.4,0.2,63.1,28.2,27.0,34.7,0.0,27.0,3.0,87.0,0.0,27.4,27.7,27.4,27.2,26.5,26.6,0.0,14500.0,8.2,19.4,10.8,8.3,42.5,False
delhi,2024-03-28,29.5,62.0,1.4,821.1,999.0,0.5,62.0,32.3,29.5,39.5,0.0,28.0,3.0,88.0,0.0,26.9,27.4,27.7,27.0,27.2,26.5,0.0,14500.0,8.2,19.4,10.8,16.9,104.8,False
delhi,2024-03-29,26.9,58.4,3.0,856.9,1000.3,1.6,58.4,27.8,26.7,33.8,0.0,29.0,3.0,89.0,0.0,29.5,26.9,27.4,29.5,27.0,27.2,0.0,14500.0,8.2,19.4,10.8,7.8,26.9,False
delhi,2024-03-30,27.7,52.7,2.3,728.1,997.7,0.0,52.7,28.3,26.2,34.3,0.0,30.0,3.0,90.0,0.0,26.9,29.5,26.9,26.7,29.5,27.0,0.0,14500.0,8.2,19.4,10.8,7.8,48.3,False
delhi,2024-03-31,28.0,59.2,3.0,743.1,1002.6,0.1,59.2,29.4,27.3,35.5,0.0,31.0,3.0,91.0,0.0,27.7,26.9,29.5,26.2,26.7,29.5,0.0,14500.0,8.2,19.4,10.8,8.4,48.1,False
delhi,2024-04-01,29.4,52.9,2.2,865.4,1002.1,0.2,52.9,30.6,28.5,36.8,0.0,1.0,4.0,92.0,0.0,28.0,27.7,26.9,27.3,26.2,26.7,0.0,14500.0,8.2,19.4,10.8,9.5,65.4,False
delhi,2024-04-02,27.0,62.1,2.2,833.5,999.3,0.1,62.1,28.2,27.2,35.0,0.0,2.0,4.0,93.0,0.0,29.4,28.0,27.7,28.5,27.3,26.2,0.0,14500.0,8.2,19.4,10.8,8.3,34.1,False
delhi,2024-04-03,28.1,51.7,1.6,794.1,995.1,0.3,51.7,28.7,26.9,35.0,0.0,3.0,4.0,94.0,0.0,27.0,29.4,28.0,27.2,28.5,27.3,0.0,14500.0,8.2,19.4,10.8,12.1,60.4,False
delhi,2024-04-04,28.0,56.9,2.5,834.0,997.9,0.7,56.9,29.1,27.5,35.4,0.0,4.0,4.0,95.0,0.0,28.1,27.0,29.4,26.9,27.2,28.5,0.0,14500.0,8.2,19.4,10.8,10.2,50.3,False
delhi,2024-04-05,29.7,54.5,2.7,857.4,998.8,0.4,54.5,31.3,28.9,37.3,0.0,5.0,4.0,96.0,0.0,28.0,28.1,27.0,27.5,26.9,27.2,0.0,14500.0,8.2,19.4,10.8,11.6,65.4,False
delhi,2024-04-06,28.4,57.6,2.6,822.2,999.8,0.3,57.6,29.8,27.9,36.0,0.0,6.0,4.0,97.0,0.0,29.7,28.0,28.1,28.9,27.5,26.9,0.0,14500.0,8.2,19.4,10.8,10.7,49.5,False
delhi,2024-04-07,28.1,54.9,1.9,895.2,999.9,0.3,54.9,29.0,27.7,35.5,0.0,7.0,4.0,98.0,0.0,28.4,29.7,28.0,27.9,28.9,27.5,0.0,14500.0,8.2,19.4,10.8,8.5,44.7,False
delhi,2024-04-08,27.2,56.7,2.2,797.4,1002.7,0.4,56.7,28.1,26.6,34.4,0.0,8.0,4.0,99.0,0.0,28.1,28.4,29.7,27.7,27.9,28.9,0.0,14500.0,8.2,19.4,10.8,9.3,48.1,False
delhi,2024-04-09,28.1,52.7,3.8,756.5,1001.7,0.2,52.7,28.8,26.7,34.0,0.0,9.0,4.0,100.0,0.0,27.2,28.1,28.4,26.6,27.7,27.9,0.0,14500.0,8.2,19.4,10.8,8.2,44.8,False
delhi,2024-04-10,29.6,55.3,2.2,824.3,998.3,0.1,55.3,31.3,28.8,37.6,0.0,10.0,4.0,101.0,0.0,28.1,27.2,28.1,26.7,26.6,27.7,0.0,14500.0,8.2,19.4,10.8,16.0,86.7,False
delhi,2024-04-11,29.3,56.1,1.2,791.8,1000.4,0.2,56.1,30.9,28.5,38.0,0.0,11.0,4.0,102.0,0.0,29.6,28.1,27.2,28.8,26.7,26.6,0.0,14500.0,8.2,19.4,10.8,11.0,69.4,False
delhi,2024-04-12,26.6,66.2,1.4,806.7,999.0,1.6,66.2,28.0,27.1,35.6,0.0,12.0,4.0,103.0,0.0,29.3,29.6,28.1,28.5,28.8,26.7,0.0,14500.0,8.2,19.4,10.8,9.4,47.0,False
delhi,2024-04-13,29.3,54.4,1.2,785.8,1000.2,0.5,54.4,30.7,28.3,37.6,0.0,13.0,4.0,104.0,0.0,26.6,29.3,29.6,27.1,28.5,28.8,0.0,14500.0,8.2,19.4,10.8,10.8,57.9,False
delhi,2024-04-14,28.4,59.4,3.9,813.8,1001.2,0.5,59.4,30.0,28.0,35.6,0.0,14.0,4.0,105.0,0.0,29.3,26.6,29.3,28.3,27.1,28.5,0.0,14500.0,8.2,19.4,10.8,6.6,37.9,False
delhi,2024-04-15,27.9,58.1,3.7,855.9,999.3,0.1,58.1,29.1,27.6,34.8,0.0,15.0,4.0,106.0,0.0,28.4,29.3,26.6,28.0,28.3,27.1,0.0,14500.0,8.2,19.4,10.8,6.6,39.7,False
delhi,2024-04-16,34.1,47.0,2.1,840.0,998.8,0.3,47.0,37.6,31.9,42.5,0.0,16.0,4.0,107.0,0.0,27.9,28.4,29.3,27.6,28.0,28.3,0.0,14500.0,8.2,19.4,10.8,29.9,194.6,False
delhi,2024-04-17,33.7,46.4,1.2,761.1,996.4,0.7,46.4,36.6,31.1,42.4,0.0,17.0,4.0,108.0,0.0,34.1,27.9,28.4,31.9,27.6,28.0,0.0,14500.0,8.2,19.4,10.8,22.8,162.1,False
delhi,2024-04-18,32.7,54.1,0.9,874.6,997.2,0.1,54.1,36.9,31.8,43.2,0.0,18.0,4.0,109.0,0.0,33.7,34.1,27.9,31.1,31.9,27.6,0.0,14500.0,8.2,19.4,10.8,30.5,191.1,False
delhi,2024-04-19,33.4,50.8,2.3,754.7,1003.5,0.4,50.8,37.4,31.3,42.4,0.0,19.0,4.0,110.0,0.0,32.7,33.7,34.1,31.8,31.1,31.9,0.0,14500.0,8.2,19.4,10.8,29.1,184.2,False
delhi,2024-04-20,32.4,46.1,2.3,879.4,999.2,0.3,46.1,34.2,30.4,39.5,0.0,20.0,4.0,111.0,0.0,33.4,32.7,33.7,31.3,31.8,31.1,0.0,14500.0,8.2,19.4,10.8,24.0,149.4,False
delhi,2024-04-21,31.7,50.2,1.7,816.7,1000.3,0.0,50.2,33.9,30.0,40.0,0.0,21.0,4.0,112.0,0.0,32.4,33.4,32.7,30.4,31.3,31.8,0.0,14500.0,8.2,19.4,10.8,15.6,110.1,False
delhi,2024-04-22,33.1,52.0,3.5,783.1,1000.8,0.1,52.0,37.1,31.3,41.3,0.0,22.0,4.0,113.0,0.0,31.7,32.4,33.4,30.0,30.4,31.3,0.0,14500.0,8.2,19.4,10.8,28.4,181.7,False
delhi,2024-04-23,33.4,47.6,1.2,872.8,994.2,0.0,47.6,36.4,31.5,42.3,0.0,23.0,4.0,114.0,0.0,33.1,31.7,32.4,31.3,30.0,30.4,0.0,14500.0,8.2,19.4,10.8,26.1,171.5,False
delhi,2024-04-24,32.5,46.7,3.0,863.1,995.8,0.2,46.7,34.5,30.5,39.3,0.0,24.0,4.0,115.0,0.0,33.4,33.1,31.7,31.5,31.3,30.0,0.0,14500.0,8.2,19.4,10.8,21.2,143.6,False
delhi,2024-04-25,31.9,50.3,1.6,914.7,995.8,0.5,50.3,34.3,30.7,40.4,0.0,25.0,4.0,116.0,0.0,32.5,33.4,33.1,30.5,31.5,31.3,0.0,14500.0,8.2,19.4,10.8,23.5,147.5,False
delhi,2024-04-26,30.0,57.1,2.8,913.4,1000.5,0.2,57.1,32.3,29.8,38.2,0.0,26.0,4.0,117.0,0.0,31.9,32.5,33.4,30.7,30.5,31.5,0.0,14500.0,8.2,19.4,10.8,16.2,112.1,False
delhi,2024-04-27,31.1,53.5,1.7,729.5,999.5,1.4,53.5,33.5,29.5,39.9,0.0,27.0,4.0,118.0,0.0,30.0,31.9,32.5,29.8,30.7,30.5,0.0,14500.0,8.2,19.4,10.8,17.6,110.8,False
delhi,2024-04-28,29.4,63.1,2.7,871.6,1000.4,0.2,63.1,32.3,29.7,38.6,0.0,28.0,4.0,119.0,0.0,31.1,30.0,31.9,29.5,29.8,30.7,0.0,14500.0,8.2,19.4,10.8,18.5,110.9,False
delhi,2024-04-29,29.8,50.1,1.5,901.2,1000.9,0.4,50.1,30.8,28.7,37.2,0.0,29.0,4.0,120.0,0.0,29.4,31.1,30.0,29.7,29.5,29.8,0.0,14500.0,8.2,19.4,10.8,12.3,74.6,False
delhi,2024-04-30,27.7,56.9,3.1,892.5,998.4,0.9,56.9,28.7,27.5,34.6,0.0,30.0,4.0,121.0,0.0,29.8,29.4,31.1,28.7,29.7,29.5,0.0,14500.0,8.2,19.4,10.8,8.4,42.9,False
delhi,2024-05-01,28.9,59.7,1.7,861.3,1001.6,1.7,59.7,30.8,28.8,37.8,0.0,1.0,5.0,122.0,0.0,27.7,29.8,29.4,27.5,28.7,29.7,0.0,14500.0,8.2,19.4,10.8,12.9,72.1,False
delhi,2024-05-02,28.8,58.5,2.9,827.0,994.6,0.1,58.5,30.5,28.4,36.6,0.0,2.0,5.0,123.0,0.0,28.9,27.7,29.8,28.8,27.5,28.7,0.0,14500.0,8.2,19.4,10.8,12.4,60.0,False
delhi,2024-05-03,26.9,61.2,3.1,822.5,1000.4,0.5,61.2,28.0,26.9,34.2,0.0,3.0,5.0,124.0,0.0,28.8,28.9,27.7,28.4,28.8,27.5,0.0,14500.0,8.2,19.4,10.8,10.3,51.3,False
delhi,2024-05-04,27.4,59.5,1.1,877.1,996.7,0.5,59.5,28.6,27.5,35.8,0.0,4.0,5.0,125.0,0.0,26.9,28.8,28.9,26.9,28.4,28.8,0.0,14500.0,8.2,19.4,10.8,6.5,42.4,False
delhi,2024-05-05,26.9,56.9,2.4,823.2,1000.6,0.3,56.9,27.7,26.4,33.8,0.0,5.0,5.0,126.0,0.0,27.4,26.9,28.8,27.5,26.9,28.4,0.0,14500.0,8.2,19.4,10.8,6.8,43.6,False
delhi,2024-05-06,27.7,56.3,2.6,885.1,1000.9,0.1,56.3,28.7,27.4,34.8,0.0,6.0,5.0,127.0,0.0,26.9,27.4,26.9,26.4,27.5,26.9,0.0,14500.0,8.2,19.4,10.8,10.7,59.1,False
delhi,2024-05-07,27.6,57.4,2.1,836.3,995.3,2.0,57.4,28.6,27.2,35.1,0.0,7.0,5.0,128.0,0.0,27.7,26.9,27.4,27.4,26.4,27.5,0.0,14500.0,8.2,19.4,10.8,8.6,40.1,False
delhi,2024-05-08,28.2,54.0,3.2,915.1,994.9,0.3,54.0,29.1,27.7,34.7,0.0,8.0,5.0,129.0,0.0,27.6,27.7,26.9,27.2,27.4,26.4,0.0,14500.0,8.2,19.4,10.8,7.1,34.4,False
delhi,2024-05-09,28.1,50.9,2.4,912.4,996.0,1.7,50.9,28.6,27.3,34.4,0.0,9.0,5.0,130.0,0.0,28.2,27.6,27.7,27.7,27.2,27.4,0.0,14500.0,8.2,19.4,10.8,7.4,40.5,False
delhi,2024-05-10,28.8,55.7,3.8,933.7,995.9,0.0,55.7,30.1,28.6,35.5,0.0,10.0,5.0,131.0,0.0,28.1,28.2,27.6,27.3,27.7,27.2,0.0,14500.0,8.2,19.4,10.8,12.5,73.9,False
delhi,2024-05-11,31.0,47.2,3.2,901.1,995.4,1.0,47.2,32.1,29.4,37.2,0.0,11.0,5.0,132.0,0.0,28.8,28.1,28.2,28.6,27.3,27.7,0.0,14500.0,8.2,19.4,10.8,17.0,103.9,False
delhi,2024-05-12,31.0,48.2,3.3,928.5,997.9,0.4,48.2,32.3,29.6,37.4,0.0,12.0,5.0,133.0,0.0,31.0,28.8,28.1,29.4,28.6,27.3,0.0,14500.0,8.2,19.4,10.8,17.2,105.2,False
delhi,2024-05-13,29.8,54.9,2.9,852.4,999.2,0.6,54.9,31.5,29.0,37.4,0.0,13.0,5.0,134.0,0.0,31.0,31.0,28.8,29.6,29.4,28.6,0.0,14500.0,8.2,19.4,10.8,14.0,82.5,False
delhi,2024-05-14,32.4,49.9,2.4,914.6,997.4,0.6,49.9,35.1,31.1,40.5,0.0,14.0,5.0,135.0,0.0,29.8,31.0,31.0,29.0,29.6,29.4,0.0,14500.0,8.2,19.4,10.8,23.1,158.2,False
delhi,2024-05-15,32.9,56.9,3.5,915.4,996.3,0.0,56.9,38.2,32.4,42.3,0.0,15.0,5.0,136.0,0.0,32.4,29.8,31.0,31.1,29.0,29.6,0.0,14500.0,8.2,19.4,10.8,33.1,218.9,False
delhi,2024-05-16,33.0,47.7,1.8,835.1,998.1,0.7,47.7,35.6,31.0,41.2,0.0,16.0,5.0,137.0,0.0,32.9,32.4,29.8,32.4,31.1,29.0,0.0,14500.0,8.2,19.4,10.8,23.9,167.1,False
delhi,2024-05-17,35.7,48.1,2.9,808.3,998.6,0.5,48.1,41.6,33.2,44.8,0.0,17.0,5.0,138.0,0.0,33.0,32.9,32.4,31.0,32.4,31.1,0.0,14500.0,8.2,19.4,10.8,38.4,259.6,False
delhi,2024-05-18,34.7,48.1,3.0,869.5,1000.2,0.2,48.1,39.3,32.7,43.1,0.0,18.0,5.0,139.0,0.0,35.7,33.0,32.9,33.2,31.0,32.4,0.0,14500.0,8.2,19.4,10.8,37.9,247.5,False
delhi,2024-05-19,35.9,50.6,3.0,988.7,996.5,0.1,50.6,43.2,34.7,45.9,0.0,19.0,5.0,140.0,0.0,34.7,35.7,33.0,32.7,33.2,31.0,0.0,14500.0,8.2,19.4,10.8,44.4,315.4,False
delhi,2024-05-20,38.9,38.6,2.1,926.3,997.2,0.0,38.6,44.8,35.2,47.0,0.0,20.0,5.0,141.0,0.0,35.9,34.7,35.7,34.7,32.7,33.2,0.0,14500.0,8.2,19.4,10.8,51.5,355.1,False
delhi,2024-05-21,35.6,46.5,1.9,860.3,1000.8,0.5,46.5,40.7,33.2,44.9,0.0,21.0,5.0,142.0,0.0,38.9,35.9,34.7,35.2,34.7,32.7,0.0,14500.0,8.2,19.4,10.8,36.1,244.5,False
delhi,2024-05-22,38.6,37.9,2.6,894.9,996.5,0.0,37.9,43.8,34.6,45.8,0.0,22.0,5.0,143.0,0.0,35.6,38.9,35.9,33.2,35.2,34.7,0.0,14500.0,8.2,19.4,10.8,48.1,323.5,False
delhi,2024-05-23,37.3,44.4,1.2,781.1,998.9,0.2,44.4,43.8,34.1,47.6,0.0,23.0,5.0,144.0,0.0,38.6,35.6,38.9,34.6,33.2,35.2,0.0,14500.0,8.2,19.4,10.8,42.8,291.8,False
delhi,2024-05-24,39.3,40.0,2.4,906.4,998.0,0.0,40.0,46.5,35.7,48.0,0.0,24.0,5.0,145.0,0.0,37.3,38.6,35.6,34.1,34.6,33.2,0.0,14500.0,8.2,19.4,10.8,52.5,373.0,False
delhi,2024-05-25,38.1,43.6,4.9,910.0,997.1,0.0,43.6,45.4,35.1,45.4,0.0,25.0,5.0,146.0,0.0,39.3,37.3,38.6,35.7,34.1,34.6,0.0,14500.0,8.2,19.4,10.8,49.3,336.3,False
delhi,2024-05-26,39.5,43.2,4.1,836.8,998.6,0.0,43.2,48.8,36.0,48.2,0.0,26.0,5.0,147.0,0.0,38.1,39.3,37.3,35.1,35.7,34.1,0.0,14500.0,8.2,19.4,10.8,56.8,401.2,False
delhi,2024-05-27,38.2,41.0,2.3,943.8,999.5,0.0,41.0,44.4,35.1,46.7,0.0,27.0,5.0,148.0,0.0,39.5,38.1,39.3,36.0,35.1,35.7,0.0,14500.0,8.2,19.4,10.8,46.4,325.1,False
delhi,2024-05-28,38.3,37.5,2.3,881.2,1002.5,0.0,37.5,43.0,34.3,45.4,0.0,28.0,5.0,149.0,0.0,38.2,39.5,38.1,35.1,36.0,35.1,0.0,14500.0,8.2,19.4,10.8,44.9,297.9,False
delhi,2024-05-29,38.2,46.8,4.2,819.0,993.8,0.0,46.8,47.4,35.3,47.4,0.0,29.0,5.0,150.0,0.0,38.3,38.2,39.5,34.3,35.1,36.0,0.0,14500.0,8.2,19.4,10.8,52.2,351.6,False
delhi,2024-05-30,37.7,45.6,0.5,900.2,998.2,0.4,45.6,45.4,35.3,49.5,0.0,30.0,5.0,151.0,0.0,38.2,38.3,38.2,35.3,34.3,35.1,0.0,14500.0,8.2,19.4,10.8,50.0,340.2,False
delhi,2024-05-31,37.3,42.7,1.9,923.3,995.8,0.1,42.7,43.0,34.5,46.3,0.0,31.0,5.0,152.0,0.0,37.7,38.2,38.3,35.3,35.3,34.3,0.0,14500.0,8.2,19.4,10.8,45.5,305.6,False
delhi,2024-06-01,37.8,37.5,2.3,900.8,1002.6,0.5,37.5,41.9,33.9,44.6,0.0,1.0,6.0,153.0,0.0,37.3,37.7,38.2,34.5,35.3,35.3,0.0,14500.0,8.2,19.4,10.8,39.3,267.0,False
delhi,2024-06-02,38.2,47.7,2.6,923.1,998.0,0.0,47.7,47.9,36.0,49.2,0.0,2.0,6.0,154.0,0.0,37.8,37.3,37.7,33.9,34.5,35.3,0.0,14500.0,8.2,19.4,10.8,50.1,355.2,False
delhi,2024-06-03,36.6,50.8,2.8,891.8,997.1,0.0,50.8,45.1,34.9,47.4,0.0,3.0,6.0,155.0,0.0,38.2,37.8,37.3,36.0,33.9,34.5,0.0,14500.0,8.2,19.4,10.8,48.0,329.9,False
delhi,2024-06-04,35.9,46.0,2.5,950.8,992.8,1.7,46.0,41.2,33.9,44.7,0.0,4.0,6.0,156.0,0.0,36.6,38.2,37.8,34.9,36.0,33.9,0.0,14500.0,8.2,19.4,10.8,40.7,272.7,False
delhi,2024-06-05,35.8,43.6,2.3,977.3,995.0,0.2,43.6,40.0,33.5,43.9,0.0,5.0,6.0,157.0,0.0,35.9,36.6,38.2,33.9,34.9,36.0,0.0,14500.0,8.2,19.4,10.8,38.3,259.7,False
delhi,2024-06-06,35.4,44.5,0.7,956.5,999.7,0.6,44.5,39.5,33.3,44.9,0.0,6.0,6.0,158.0,0.0,35.8,35.9,36.6,33.5,33.9,34.9,0.0,14500.0,8.2,19.4,10.8,37.3,263.8,False
delhi,2024-06-07,35.4,53.0,3.6,934.1,998.6,0.4,53.0,42.9,34.3,45.3,0.0,7.0,6.0,159.0,0.0,35.4,35.8,35.9,33.3,33.5,33.9,0.0,14500.0,8.2,19.4,10.8,44.1,299.8,False
delhi,2024-06-08,34.0,54.6,3.1,892.8,996.1,1.1,54.6,40.0,33.0,43.8,0.0,8.0,6.0,160.0,0.0,35.4,35.4,35.8,34.3,33.3,33.5,0.0,14500.0,8.2,19.4,10.8,36.5,245.4,False
delhi,2024-06-09,35.2,53.0,3.1,932.2,1000.7,0.1,53.0,42.4,34.1,45.4,0.0,9.0,6.0,161.0,0.0,34.0,35.4,35.4,33.0,34.3,33.3,0.0,14500.0,8.2,19.4,10.8,43.7,301.3,False
delhi,2024-06-10,34.3,45.2,2.0,863.9,995.4,0.1,45.2,37.5,31.9,42.3,0.0,10.0,6.0,162.0,0.0,35.2,34.0,35.4,34.1,33.0,34.3,0.0,14500.0,8.2,19.4,10.8,31.2,202.5,False
delhi,2024-06-11,33.1,50.5,2.7,896.0,999.2,0.5,50.5,36.6,31.7,41.5,0.0,11.0,6.0,163.0,0.0,34.3,35.2,34.0,31.9,34.1,33.0,0.0,14500.0,8.2,19.4,10.8,28.2,185.2,False
delhi,2024-06-12,35.4,42.5,3.2,930.3,998.0,0.2,42.5,38.8,32.8,42.2,0.0,12.0,6.0,164.0,0.0,33.1,34.3,35.2,31.7,31.9,34.1,0.0,14500.0,8.2,19.4,10.8,33.7,227.2,False
delhi,2024-06-13,33.8,52.1,1.3,954.2,998.9,0.8,52.1,38.7,32.9,44.2,0.0,13.0,6.0,165.0,0.0,35.4,33.1,34.3,32.8,31.7,31.9,0.0,14500.0,8.2,19.4,10.8,36.3,238.2,False
delhi,2024-06-14,35.7,47.5,2.1,874.6,992.8,0.0,47.5,41.3,33.5,45.2,0.0,14.0,6.0,166.0,0.0,33.8,35.4,33.1,32.9,32.8,31.7,0.0,14500.0,8.2,19.4,10.8,38.3,263.3,False
delhi,2024-06-15,35.0,47.8,1.5,984.9,998.0,2.8,47.8,39.8,33.5,44.7,0.0,15.0,6.0,167.0,0.0,35.7,33.8,35.4,33.5,32.9,32.8,0.0,14500.0,8.2,19.4,10.8,38.3,262.5,False
delhi,2024-06-16,36.3,47.4,1.3,966.2,997.9,1.0,47.4,42.7,34.6,46.9,0.0,16.0,6.0,168.0,0.0,35.0,35.7,33.8,33.5,33.5,32.9,0.0,14500.0,8.2,19.4,10.8,44.7,303.4,False
delhi,2024-06-17,37.8,40.9,1.1,962.0,994.2,0.0,40.9,43.4,34.9,47.1,0.0,17.0,6.0,169.0,0.0,36.3,35.0,35.7,34.6,33.5,33.5,0.0,14500.0,8.2,19.4,10.8,47.5,325.1,False
delhi,2024-06-18,38.7,43.5,3.4,1032.3,998.6,0.0,43.5,46.9,36.3,47.6,0.0,18.0,6.0,170.0,0.0,37.8,36.3,35.0,34.9,34.6,33.5,0.0,14500.0,8.2,19.4,10.8,57.2,399.9,False
delhi,2024-06-19,38.3,42.6,2.2,1011.5,994.9,0.0,42.6,45.4,35.8,47.6,0.0,19.0,6.0,171.0,0.0,38.7,37.8,36.3,36.3,34.9,34.6,0.0,14500.0,8.2,19.4,10.8,54.8,372.9,False
delhi,2024-06-20,37.5,45.2,0.8,966.3,998.2,0.4,45.2,44.7,35.3,48.6,0.0,20.0,6.0,172.0,0.0,38.3,38.7,37.8,35.8,36.3,34.9,0.0,14500.0,8.2,19.4,10.8,48.6,330.7,False
delhi,2024-06-21,41.0,43.2,2.9,928.6,996.4,0.0,43.2,53.1,37.8,52.0,0.0,21.0,6.0,173.0,1.0,37.5,38.3,38.7,35.3,35.8,36.3,6.0,14500.0,8.2,19.4,10.8,74.1,480.0,False
delhi,2024-06-22,41.8,32.1,3.2,958.5,994.3,0.0,32.1,48.0,36.6,47.2,0.0,22.0,6.0,174.0,2.0,41.0,37.5,38.3,37.8,35.3,35.8,13.6,14500.0,8.2,19.4,10.8,72.8,480.0,False
delhi,2024-06-23,41.2,45.5,3.3,963.7,997.3,0.0,45.5,55.3,38.5,53.2,0.0,23.0,6.0,175.0,3.0,41.8,41.0,37.5,36.6,37.8,35.3,18.6,14500.0,8.2,19.4,10.8,87.0,480.0,False
delhi,2024-06-24,43.0,31.6,4.9,886.5,995.6,0.0,31.6,50.5,37.0,47.2,0.0,24.0,6.0,176.0,4.0,41.2,41.8,41.0,38.5,36.6,37.8,32.0,14500.0,8.2,19.4,10.8,83.3,480.0,False
delhi,2024-06-25,43.5,37.8,1.1,999.0,994.6,0.0,37.8,56.3,39.5,55.7,0.0,25.0,6.0,177.0,5.0,43.0,41.2,41.8,37.0,38.5,36.6,42.5,14500.0,8.2,19.4,10.8,98.0,480.0,False
delhi,2024-06-26,44.4,34.7,3.1,966.4,995.5,0.0,34.7,56.3,39.3,53.1,0.0,26.0,6.0,178.0,6.0,43.5,43.0,41.2,39.5,37.0,38.5,56.4,14500.0,8.2,19.4,10.8,98.0,480.0,False
delhi,2024-06-27,43.9,38.1,2.7,950.4,998.5,0.0,38.1,57.7,39.5,54.8,0.0,27.0,6.0,179.0,7.0,44.4,43.5,43.0,39.3,39.5,37.0,62.3,14500.0,8.2,19.4,10.8,98.0,480.0,False
delhi,2024-06-28,45.0,33.9,2.7,915.0,995.7,0.0,33.9,57.3,39.4,54.0,0.0,28.0,6.0,180.0,8.0,43.9,44.4,43.5,39.5,39.3,39.5,80.0,14500.0,8.2,19.4,10.8,98.0,480.0,False
delhi,2025-03-01,24.7,62.0,1.1,726.9,1000.8,0.2,62.0,24.8,24.5,32.2,0.0,1.0,3.0,60.0,0.0,45.0,43.9,44.4,39.4,39.5,39.3,0.0,14500.0,8.2,19.4,10.8,10.1,46.9,False
delhi,2025-03-02,26.1,57.8,1.5,728.9,1002.3,0.1,57.8,26.3,25.4,33.3,0.0,2.0,3.0,61.0,0.0,24.7,45.0,43.9,24.5,39.4,39.5,0.0,14500.0,8.2,19.4,10.8,7.9,43.1,False
delhi,2025-03-03,27.3,57.5,1.0,745.8,1004.6,0.1,57.5,28.3,26.6,35.3,0.0,3.0,3.0,62.0,0.0,26.1,24.7,45.0,25.4,24.5,39.4,0.0,14500.0,8.2,19.4,10.8,8.9,45.9,False
delhi,2025-03-04,29.1,57.7,1.7,750.2,998.3,0.0,57.7,30.8,28.2,37.7,0.0,4.0,3.0,63.0,0.0,27.3,26.1,24.7,26.6,25.4,24.5,0.0,14500.0,8.2,19.4,10.8,6.8,39.5,False
delhi,2025-03-05,25.2,52.9,2.9,838.7,1004.1,1.0,52.9,25.2,24.5,30.6,0.0,5.0,3.0,64.0,0.0,29.1,27.3,26.1,28.2,26.6,25.4,0.0,14500.0,8.2,19.4,10.8,9.5,49.1,False
delhi,2025-03-06,24.5,62.1,3.2,755.9,998.9,0.7,62.1,24.6,24.4,30.9,0.0,6.0,3.0,65.0,0.0,25.2,29.1,27.3,24.5,28.2,26.6,0.0,14500.0,8.2,19.4,10.8,3.5,18.2,False
delhi,2025-03-07,26.0,65.1,2.3,812.7,1000.6,0.7,65.1,26.4,26.4,34.0,0.0,7.0,3.0,66.0,0.0,24.5,25.2,29.1,24.4,24.5,28.2,0.0,14500.0,8.2,19.4,10.8,5.6,31.9,False
delhi,2025-03-08,26.2,68.3,3.8,872.6,1001.3,0.1,68.3,26.7,27.2,33.9,0.0,8.0,3.0,67.0,0.0,26.0,24.5,25.2,26.4,24.4,24.5,0.0,14500.0,8.2,19.4,10.8,5.4,36.7,False
delhi,2025-03-09,25.6,63.2,1.5,777.9,999.8,0.1,63.2,25.9,25.7,33.5,0.0,9.0,3.0,68.0,0.0,26.2,26.0,24.5,27.2,26.4,24.4,0.0,14500.0,8.2,19.4,10.8,7.4,36.9,False
delhi,2025-03-10,27.4,54.5,2.7,825.9,1000.5,0.2,54.5,28.1,26.6,34.0,0.0,10.0,3.0,69.0,0.0,25.6,26.2,26.0,25.7,27.2,26.4,0.0,14500.0,8.2,19.4,10.8,8.7,40.1,False
delhi,2025-03-11,27.0,61.4,2.9,717.8,1000.1,1.0,61.4,28.2,26.5,34.5,0.0,11.0,3.0,70.0,0.0,27.4,25.6,26.2,26.6,25.7,27.2,0.0,14500.0,8.2,19.4,10.8,7.5,35.8,False
delhi,2025-03-12,25.7,63.6,3.5,736.5,1002.4,0.3,63.6,26.0,25.6,32.6,0.0,12.0,3.0,71.0,0.0,27.0,27.4,25.6,26.5,26.6,25.7,0.0,14500.0,8.2,19.4,10.8,7.4,38.3,False
delhi,2025-03-13,27.5,58.6,2.0,733.4,1001.3,0.3,58.6,28.6,26.8,35.2,0.0,13.0,3.0,72.0,0.0,25.7,27.0,27.4,25.6,26.5,26.6,0.0,14500.0,8.2,19.4,10.8,9.8,45.2,False
delhi,2025-03-14,27.2,48.2,2.1,745.4,1004.1,0.9,48.2,27.5,25.4,32.9,0.0,14.0,3.0,73.0,0.0,27.5,25.7,27.0,26.8,25.6,26.5,0.0,14500.0,8.2,19.4,10.8,7.6,34.8,False
delhi,2025-03-15,29.1,57.2,2.5,817.7,1000.0,0.0,57.2,30.8,28.5,37.1,0.0,15.0,3.0,74.0,0.0,27.2,27.5,25.7,25.4,26.8,25.6,0.0,14500.0,8.2,19.4,10.8,11.3,53.2,False
delhi,2025-03-16,28.5,56.1,2.7,772.7,1000.4,0.1,56.1,29.7,27.6,35.8,0.0,16.0,3.0,75.0,0.0,29.1,27.2,27.5,28.5,25.4,26.8,0.0,14500.0,8.2,19.4,10.8,8.9,40.5,False
delhi,2025-03-17,26.0,58.8,3.5,752.3,1004.1,0.1,58.8,26.2,25.4,32.3,0.0,17.0,3.0,76.0,0.0,28.5,29.1,27.2,27.6,28.5,25.4,0.0,14500.0,8.2,19.4,10.8,7.6,36.7,False
delhi,2025-03-18,27.6,61.3,4.0,769.6,1002.5,0.0,61.3,29.0,27.2,34.7,0.0,18.0,3.0,77.0,0.0,26.0,28.5,29.1,25.4,27.6,28.5,0.0,14500.0,8.2,19.4,10.8,10.8,52.5,False
delhi,2025-03-19,26.2,55.9,2.9,789.8,1002.5,0.6,55.9,26.3,25.5,32.4,0.0,19.0,3.0,78.0,0.0,27.6,26.0,28.5,27.2,25.4,27.6,0.0,14500.0,8.2,19.4,10.8,6.3,40.0,False
delhi,2025-03-20,26.5,56.7,3.3,825.5,1004.0,2.3,56.7,27.3,26.0,32.8,0.0,20.0,3.0,79.0,0.0,26.2,27.6,26.0,25.5,27.2,25.4,0.0,14500.0,8.2,19.4,10.8,6.9,31.4,False
delhi,2025-03-21,26.9,56.5,1.8,720.8,1000.1,1.3,56.5,27.7,25.9,34.1,0.0,21.0,3.0,80.0,0.0,26.5,26.2,27.6,26.0,25.5,27.2,0.0,14500.0,8.2,19.4,10.8,6.8,39.1,False
delhi,2025-03-22,25.9,61.5,0.5,775.7,997.7,0.5,61.5,26.2,25.9,34.2,0.0,22.0,3.0,81.0,0.0,26.9,26.5,26.2,25.9,26.0,25.5,0.0,14500.0,8.2,19.4,10.8,9.7,52.0,False
delhi,2025-03-23,28.0,58.7,3.0,821.6,1002.2,0.3,58.7,29.3,27.6,35.4,0.0,23.0,3.0,82.0,0.0,25.9,26.9,26.5,25.9,25.9,26.0,0.0,14500.0,8.2,19.4,10.8,6.8,42.1,False
delhi,2025-03-24,27.0,64.0,1.6,747.1,999.6,0.1,64.0,28.4,27.0,35.7,0.0,24.0,3.0,83.0,0.0,28.0,25.9,26.9,27.6,25.9,25.9,0.0,14500.0,8.2,19.4,10.8,7.3,29.8,False
delhi,2025-03-25,27.5,65.6,2.4,697.5,1002.4,0.3,65.6,29.3,27.3,36.3,0.0,25.0,3.0,84.0,0.0,27.0,28.0,25.9,27.0,27.6,25.9,0.0,14500.0,8.2,19.4,10.8,6.1,39.5,False
delhi,2025-03-26,27.5,63.8,1.8,818.8,1001.1,0.9,63.8,29.1,27.8,36.3,0.0,26.0,3.0,85.0,0.0,27.5,27.0,28.0,27.3,27.0,27.6,0.0,14500.0,8.2,19.4,10.8,11.4,58.0,False
delhi,2025-03-27,27.2,62.6,2.9,818.7,1001.1,0.3,62.6,28.5,27.3,35.0,0.0,27.0,3.0,86.0,0.0,27.5,27.5,27.0,27.8,27.3,27.0,0.0,14500.0,8.2,19.4,10.8,7.1,46.1,False
delhi,2025-03-28,28.1,58.1,2.3,747.4,1000.8,0.1,58.1,29.4,27.3,35.9,0.0,28.0,3.0,87.0,0.0,27.2,27.5,27.5,27.3,27.8,27.3,0.0,14500.0,8.2,19.4,10.8,5.9,37.1,False
delhi,2025-03-29,27.5,60.6,2.2,789.4,1000.9,0.3,60.6,28.8,27.2,35.5,0.0,29.0,3.0,88.0,0.0,28.1,27.2,27.5,27.3,27.3,27.8,0.0,14500.0,8.2,19.4,10.8,8.1,44.9,False
delhi,2025-03-30,26.3,62.5,1.3,852.5,999.6,0.9,62.5,26.6,26.7,34.6,0.0,30.0,3.0,89.0,0.0,27.5,28.1,27.2,27.2,27.3,27.3,0.0,14500.0,8.2,19.4,10.8,5.3,30.4,False
delhi,2025-03-31,28.9,54.6,1.6,768.2,1000.4,0.3,54.6,30.1,27.8,36.8,0.0,31.0,3.0,90.0,0.0,26.3,27.5,28.1,26.7,27.2,27.3,0.0,14500.0,8.2,19.4,10.8,7.2,36.6,False
delhi,2025-04-01,28.4,62.2,2.1,781.1,1002.8,0.3,62.2,30.3,28.2,37.3,0.0,1.0,4.0,91.0,0.0,28.9,26.3,27.5,27.8,26.7,27.2,0.0,14500.0,8.2,19.4,10.8,10.2,52.7,False
delhi,2025-04-02,28.2,65.5,2.5,777.6,998.1,0.5,65.5,30.4,28.4,37.3,0.0,2.0,4.0,92.0,0.0,28.4,28.9,26.3,28.2,27.8,26.7,0.0,14500.0,8.2,19.4,10.8,10.2,58.0,False
delhi,2025-04-03,28.4,56.0,2.6,756.9,999.9,0.5,56.0,29.6,27.4,35.7,0.0,3.0,4.0,93.0,0.0,28.2,28.4,28.9,28.4,28.2,27.8,0.0,14500.0,8.2,19.4,10.8,8.8,47.1,False
delhi,2025-04-04,27.8,55.8,0.8,863.9,1001.1,0.5,55.8,28.7,27.5,35.9,0.0,4.0,4.0,94.0,0.0,28.4,28.2,28.4,27.4,28.4,28.2,0.0,14500.0,8.2,19.4,10.8,9.1,38.9,False
delhi,2025-04-05,27.4,57.7,1.9,895.1,998.5,0.5,57.7,28.4,27.4,35.0,0.0,5.0,4.0,95.0,0.0,27.8,28.4,28.2,27.5,27.4,28.4,0.0,14500.0,8.2,19.4,10.8,8.3,39.4,False
delhi,2025-04-06,27.9,56.8,1.5,795.4,1000.5,0.1,56.8,29.0,27.3,35.8,0.0,6.0,4.0,96.0,0.0,27.4,27.8,28.4,27.4,27.5,27.4,0.0,14500.0,8.2,19.4,10.8,10.0,57.7,False
delhi,2025-04-07,28.3,58.5,3.1,748.2,1003.6,0.7,58.5,29.7,27.5,35.8,0.0,7.0,4.0,97.0,0.0,27.9,27.4,27.8,27.3,27.4,27.5,0.0,14500.0,8.2,19.4,10.8,11.5,56.1,False
delhi,2025-04-08,30.0,53.0,2.3,827.0,1000.4,0.9,53.0,31.5,28.9,37.7,0.0,8.0,4.0,98.0,0.0,28.3,27.9,27.4,27.5,27.3,27.4,0.0,14500.0,8.2,19.4,10.8,15.3,76.2,False
delhi,2025-04-09,27.4,58.2,2.7,812.2,1002.5,0.4,58.2,28.4,27.0,34.6,0.0,9.0,4.0,99.0,0.0,30.0,28.3,27.9,28.9,27.5,27.3,0.0,14500.0,8.2,19.4,10.8,9.5,38.3,False
delhi,2025-04-10,28.4,57.1,3.7,782.1,1002.6,0.8,57.1,29.7,27.6,35.3,0.0,10.0,4.0,100.0,0.0,27.4,30.0,28.3,27.0,28.9,27.5,0.0,14500.0,8.2,19.4,10.8,6.7,36.4,False
delhi,2025-04-11,29.3,53.2,3.2,900.8,1002.1,0.6,53.2,30.5,28.6,36.1,0.0,11.0,4.0,101.0,0.0,28.4,27.4,30.0,27.6,27.0,28.9,0.0,14500.0,8.2,19.4,10.8,12.5,64.2,False
delhi,2025-04-12,28.1,53.7,0.7,883.1,999.2,0.3,53.7,28.9,27.6,36.0,0.0,12.0,4.0,102.0,0.0,29.3,28.4,27.4,28.6,27.6,27.0,0.0,14500.0,8.2,19.4,10.8,8.0,43.7,False
delhi,2025-04-13,29.2,55.4,1.9,874.1,1003.2,0.1,55.4,30.7,28.7,37.2,0.0,13.0,4.0,103.0,0.0,28.1,29.3,28.4,27.6,28.6,27.6,0.0,14500.0,8.2,19.4,10.8,11.8,66.9,False
delhi,2025-04-14,28.4,57.0,2.6,797.3,999.1,0.4,57.0,29.7,27.7,35.9,0.0,14.0,4.0,104.0,0.0,29.2,28.1,29.3,28.7,27.6,28.6,0.0,14500.0,8.2,19.4,10.8,8.4,42.8,False
delhi,2025-04-15,29.1,49.4,3.7,827.1,1000.6,0.2,49.4,29.7,27.6,34.8,0.0,15.0,4.0,105.0,0.0,28.4,29.2,28.1,27.7,28.7,27.6,0.0,14500.0,8.2,19.4,10.8,7.0,42.8,False
delhi,2025-04-16,32.9,53.8,2.0,830.2,1002.1,0.8,53.8,37.2,31.6,42.6,0.0,16.0,4.0,106.0,0.0,29.1,28.4,29.2,27.6,27.7,28.7,0.0,14500.0,8.2,19.4,10.8,27.9,181.9,False
delhi,2025-04-17,32.6,50.7,1.8,870.4,998.9,0.0,50.7,35.7,31.2,41.4,0.0,17.0,4.0,107.0,0.0,32.9,29.1,28.4,31.6,27.6,27.7,0.0,14500.0,8.2,19.4,10.8,27.1,170.6,False
delhi,2025-04-18,33.4,47.3,1.0,796.2,1000.9,0.1,47.3,36.3,31.1,42.3,0.0,18.0,4.0,108.0,0.0,32.6,32.9,29.1,31.2,31.6,27.6,0.0,14500.0,8.2,19.4,10.8,22.0,160.8,False
delhi,2025-04-19,33.7,47.0,2.9,808.7,998.2,0.2,47.0,36.8,31.3,41.3,0.0,19.0,4.0,109.0,0.0,33.4,32.6,32.9,31.1,31.2,31.6,0.0,14500.0,8.2,19.4,10.8,29.2,179.8,False
delhi,2025-04-20,34.8,44.4,2.9,776.4,1000.5,1.1,44.4,38.2,31.8,42.1,0.0,20.0,4.0,110.0,0.0,33.7,33.4,32.6,31.3,31.1,31.2,0.0,14500.0,8.2,19.4,10.8,28.4,184.2,False
delhi,2025-04-21,32.3,45.7,2.1,883.8,1000.5,0.6,45.7,33.9,30.3,39.4,0.0,21.0,4.0,111.0,0.0,34.8,33.7,33.4,31.8,31.3,31.1,0.0,14500.0,8.2,19.4,10.8,20.6,139.0,False
delhi,2025-04-22,33.2,47.4,3.6,779.6,998.6,2.5,47.4,35.9,30.7,40.1,0.0,22.0,4.0,112.0,0.0,32.3,34.8,33.7,30.3,31.8,31.3,0.0,14500.0,8.2,19.4,10.8,23.0,154.2,False
delhi,2025-04-23,34.1,47.2,3.1,952.4,998.1,0.3,47.2,37.7,32.4,41.8,0.0,23.0,4.0,113.0,0.0,33.2,32.3,34.8,30.7,30.3,31.8,0.0,14500.0,8.2,19.4,10.8,30.0,205.0,False
delhi,2025-04-24,33.0,51.3,3.2,867.1,1002.2,0.0,51.3,36.7,31.5,41.2,0.0,24.0,4.0,114.0,0.0,34.1,33.2,32.3,32.4,30.7,30.3,0.0,14500.0,8.2,19.4,10.8,28.2,179.7,False
delhi,2025-04-25,30.7,50.9,3.2,886.7,1000.2,0.2,50.9,32.3,29.5,37.6,0.0,25.0,4.0,115.0,0.0,33.0,34.1,33.2,31.5,32.4,30.7,0.0,14500.0,8.2,19.4,10.8,18.1,116.6,False
delhi,2025-04-26,32.4,55.1,1.1,934.7,1001.0,0.1,55.1,36.5,31.9,42.9,0.0,26.0,4.0,116.0,0.0,30.7,33.0,34.1,29.5,31.5,32.4,0.0,14500.0,8.2,19.4,10.8,28.8,189.4,False
delhi,2025-04-27,31.0,59.0,3.1,859.2,997.2,0.9,59.0,34.6,30.6,40.0,0.0,27.0,4.0,117.0,0.0,32.4,30.7,33.0,31.9,29.5,31.5,0.0,14500.0,8.2,19.4,10.8,22.4,135.0,False
delhi,2025-04-28,29.6,57.7,2.2,845.5,998.7,0.0,57.7,31.7,29.2,38.1,0.0,28.0,4.0,118.0,0.0,31.0,32.4,30.7,30.6,31.9,29.5,0.0,14500.0,8.2,19.4,10.8,14.1,80.4,False
delhi,2025-04-29,31.2,48.1,2.7,898.7,996.5,1.7,48.1,32.6,29.7,38.0,0.0,29.0,4.0,119.0,0.0,29.6,31.0,32.4,29.2,30.6,31.9,0.0,14500.0,8.2,19.4,10.8,20.3,129.8,False
delhi,2025-04-30,28.0,58.0,2.7,810.1,1000.3,0.3,58.0,29.2,27.5,35.5,0.0,30.0,4.0,120.0,0.0,31.2,29.6,31.0,29.7,29.2,30.6,0.0,14500.0,8.2,19.4,10.8,8.1,44.3,False
delhi,2025-05-01,27.7,59.4,1.0,881.8,999.5,0.8,59.4,29.0,27.8,36.3,0.0,1.0,5.0,121.0,0.0,28.0,31.2,29.6,27.5,29.7,29.2,0.0,14500.0,8.2,19.4,10.8,10.3,55.8,False
delhi,2025-05-02,28.0,59.0,3.0,796.4,1001.3,0.0,59.0,29.3,27.5,35.5,0.0,2.0,5.0,122.0,0.0,27.7,28.0,31.2,27.8,27.5,29.7,0.0,14500.0,8.2,19.4,10.8,11.1,48.4,False
delhi,2025-05-03,29.1,59.0,4.1,811.1,998.1,0.0,59.0,31.0,28.6,36.4,0.0,3.0,5.0,123.0,0.0,28.0,27.7,28.0,27.5,27.8,27.5,0.0,14500.0,8.2,19.4,10.8,10.7,64.9,False
delhi,2025-05-04,29.3,53.4,2.2,870.5,996.2,0.0,53.4,30.5,28.5,36.8,0.0,4.0,5.0,124.0,0.0,29.1,28.0,27.7,28.6,27.5,27.8,0.0,14500.0,8.2,19.4,10.8,10.1,65.2,False
delhi,2025-05-05,27.9,58.5,2.9,815.2,998.8,0.4,58.5,29.1,27.5,35.3,0.0,5.0,5.0,125.0,0.0,29.3,29.1,28.0,28.5,28.6,27.5,0.0,14500.0,8.2,19.4,10.8,10.6,43.2,False
delhi,2025-05-06,26.5,57.9,2.3,829.0,998.6,0.4,57.9,27.4,26.2,33.5,0.0,6.0,5.0,126.0,0.0,27.9,29.3,29.1,27.5,28.5,28.6,0.0,14500.0,8.2,19.4,10.8,8.9,51.4,False
delhi,2025-05-07,28.4,52.6,1.6,945.5,996.8,0.6,52.6,29.2,28.0,35.7,0.0,7.0,5.0,127.0,0.0,26.5,27.9,29.3,26.2,27.5,28.5,0.0,14500.0,8.2,19.4,10.8,7.3,37.2,False
delhi,2025-05-08,27.5,60.1,3.9,898.5,1000.7,1.0,60.1,28.7,27.7,34.4,0.0,8.0,5.0,128.0,0.0,28.4,26.5,27.9,28.0,26.2,27.5,0.0,14500.0,8.2,19.4,10.8,9.7,56.7,False
delhi,2025-05-09,28.8,52.1,2.9,969.3,996.5,0.9,52.1,29.7,28.3,35.4,0.0,9.0,5.0,129.0,0.0,27.5,28.4,26.5,27.7,28.0,26.2,0.0,14500.0,8.2,19.4,10.8,9.7,52.7,False
delhi,2025-05-10,31.9,49.6,1.8,870.9,1000.9,0.1,49.6,34.1,30.4,40.0,0.0,10.0,5.0,130.0,0.0,28.8,27.5,28.4,28.3,27.7,28.0,0.0,14500.0,8.2,19.4,10.8,25.1,156.8,False
delhi,2025-05-11,30.4,54.4,2.0,813.7,1000.1,0.2,54.4,32.5,29.3,38.8,0.0,11.0,5.0,131.0,0.0,31.9,28.8,27.5,30.4,28.3,27.7,0.0,14500.0,8.2,19.4,10.8,16.9,101.0,False
delhi,2025-05-12,31.0,58.6,1.9,938.3,997.4,0.1,58.6,34.5,31.0,40.8,0.0,12.0,5.0,132.0,0.0,30.4,31.9,28.8,29.3,30.4,28.3,0.0,14500.0,8.2,19.4,10.8,28.3,177.4,False
delhi,2025-05-13,33.2,53.0,2.3,820.3,1000.8,0.6,53.0,37.6,31.7,42.7,0.0,13.0,5.0,133.0,0.0,31.0,30.4,31.9,31.0,29.3,30.4,0.0,14500.0,8.2,19.4,10.8,31.0,195.7,False
delhi,2025-05-14,29.9,50.4,2.7,824.4,998.1,0.0,50.4,31.0,28.4,36.7,0.0,14.0,5.0,134.0,0.0,33.2,31.0,30.4,31.7,31.0,29.3,0.0,14500.0,8.2,19.4,10.8,11.2,61.7,False
delhi,2025-05-15,30.9,55.5,1.7,817.3,994.9,0.1,55.5,33.6,30.0,40.0,0.0,15.0,5.0,135.0,0.0,29.9,33.2,31.0,28.4,31.7,31.0,0.0,14500.0,8.2,19.4,10.8,19.2,126.9,False
delhi,2025-05-16,35.4,42.4,4.1,837.7,998.5,1.5,42.4,38.8,32.2,41.5,0.0,16.0,5.0,136.0,0.0,30.9,29.9,33.2,30.0,28.4,31.7,0.0,14500.0,8.2,19.4,10.8,32.4,213.2,False
delhi,2025-05-17,33.5,55.6,3.9,794.2,996.1,0.1,55.6,39.2,32.2,42.7,0.0,17.0,5.0,137.0,0.0,35.4,30.9,29.9,32.2,30.0,28.4,0.0,14500.0,8.2,19.4,10.8,29.4,199.0,False
delhi,2025-05-18,34.6,50.8,2.6,845.9,1000.1,0.4,50.8,40.0,32.8,44.1,0.0,18.0,5.0,138.0,0.0,33.5,35.4,30.9,32.2,32.2,30.0,0.0,14500.0,8.2,19.4,10.8,35.3,241.6,False
delhi,2025-05-19,35.6,43.3,2.6,924.7,998.3,0.3,43.3,39.5,33.0,43.2,0.0,19.0,5.0,139.0,0.0,34.6,33.5,35.4,32.8,32.2,32.2,0.0,14500.0,8.2,19.4,10.8,35.4,240.2,False
delhi,2025-05-20,36.7,40.4,1.9,892.0,1000.4,0.0,40.4,40.7,33.4,44.4,0.0,20.0,5.0,140.0,0.0,35.6,34.6,33.5,33.0,32.8,32.2,0.0,14500.0,8.2,19.4,10.8,38.7,271.6,False
delhi,2025-05-21,37.1,46.3,3.0,894.8,997.8,0.1,46.3,44.2,34.7,46.4,0.0,21.0,5.0,141.0,0.0,36.7,35.6,34.6,33.4,33.0,32.8,0.0,14500.0,8.2,19.4,10.8,46.2,309.2,False
delhi,2025-05-22,37.9,41.2,4.6,913.3,998.3,0.3,41.2,43.7,34.6,44.4,0.0,22.0,5.0,142.0,0.0,37.1,36.7,35.6,34.7,33.4,33.0,0.0,14500.0,8.2,19.4,10.8,45.5,305.4,False
delhi,2025-05-23,38.1,50.8,1.8,860.8,997.6,0.0,50.8,49.4,36.1,51.1,0.0,23.0,5.0,143.0,0.0,37.9,37.1,36.7,34.6,34.7,33.4,0.0,14500.0,8.2,19.4,10.8,54.7,374.3,False
delhi,2025-05-24,37.5,41.6,2.0,886.1,998.7,0.4,41.6,43.0,34.3,46.1,0.0,24.0,5.0,144.0,0.0,38.1,37.9,37.1,36.1,34.6,34.7,0.0,14500.0,8.2,19.4,10.8,43.8,302.3,False
delhi,2025-05-25,38.4,47.5,2.7,953.7,998.9,0.0,47.5,48.3,36.3,49.4,0.0,25.0,5.0,145.0,0.0,37.5,38.1,37.9,34.3,36.1,34.6,0.0,14500.0,8.2,19.4,10.8,53.4,385.5,False
delhi,2025-05-26,39.2,43.5,1.4,918.6,999.9,0.0,43.5,48.2,36.3,50.4,0.0,26.0,5.0,146.0,0.0,38.4,37.5,38.1,36.3,34.3,36.1,0.0,14500.0,8.2,19.4,10.8,61.6,424.5,False
delhi,2025-05-27,39.7,34.3,2.6,865.4,998.1,0.0,34.3,44.5,34.8,45.8,0.0,27.0,5.0,147.0,0.0,39.2,38.4,37.5,36.3,36.3,34.3,0.0,14500.0,8.2,19.4,10.8,50.5,353.5,False
delhi,2025-05-28,38.5,40.1,2.1,889.9,998.2,0.0,40.1,44.6,34.9,47.0,0.0,28.0,5.0,148.0,0.0,39.7,39.2,38.4,34.8,36.3,36.3,0.0,14500.0,8.2,19.4,10.8,44.6,306.6,False
delhi,2025-05-29,38.5,41.5,2.7,861.9,997.6,0.0,41.5,45.3,35.0,47.1,0.0,29.0,5.0,149.0,0.0,38.5,39.7,39.2,34.9,34.8,36.3,0.0,14500.0,8.2,19.4,10.8,49.1,333.0,False
delhi,2025-05-30,39.5,41.5,2.9,903.4,1001.7,0.0,41.5,47.8,36.1,48.5,0.0,30.0,5.0,150.0,0.0,38.5,38.5,39.7,35.0,34.9,34.8,0.0,14500.0,8.2,19.4,10.8,59.6,408.1,False
delhi,2025-05-31,39.0,34.9,2.6,917.6,997.7,0.0,34.9,43.3,34.6,45.1,0.0,31.0,5.0,151.0,0.0,39.5,38.5,38.5,36.1,35.0,34.9,0.0,14500.0,8.2,19.4,10.8,48.1,327.1,False
delhi,2025-06-01,37.0,44.9,1.6,991.8,992.1,0.0,44.9,43.3,34.9,46.9,0.0,1.0,6.0,152.0,0.0,39.0,39.5,38.5,34.6,36.1,35.0,0.0,14500.0,8.2,19.4,10.8,46.0,311.5,False
delhi,2025-06-02,36.8,50.9,3.0,858.8,994.2,0.1,50.9,45.7,34.9,47.6,0.0,2.0,6.0,153.0,0.0,37.0,39.0,39.5,34.9,34.6,36.1,0.0,14500.0,8.2,19.4,10.8,47.4,326.8,False
delhi,2025-06-03,35.5,57.3,1.8,841.1,998.3,0.9,57.3,45.2,34.5,48.5,0.0,3.0,6.0,154.0,0.0,36.8,37.0,39.0,34.9,34.9,34.6,0.0,14500.0,8.2,19.4,10.8,43.7,297.8,False
delhi,2025-06-04,35.0,48.8,2.5,933.3,996.2,0.2,48.8,40.2,33.4,44.2,0.0,4.0,6.0,155.0,0.0,35.5,36.8,37.0,34.5,34.9,34.9,0.0,14500.0,8.2,19.4,10.8,37.4,263.6,False
delhi,2025-06-05,37.2,45.3,2.8,924.1,997.5,0.1,45.3,44.0,34.8,46.3,0.0,5.0,6.0,156.0,0.0,35.0,35.5,36.8,33.4,34.5,34.9,0.0,14500.0,8.2,19.4,10.8,45.4,318.8,False
delhi,2025-06-06,33.3,52.1,0.5,863.4,1000.4,0.1,52.1,37.6,32.1,44.0,0.0,6.0,6.0,157.0,0.0,37.2,35.0,35.5,34.8,33.4,34.5,0.0,14500.0,8.2,19.4,10.8,33.1,208.3,False
delhi,2025-06-07,32.5,49.2,3.4,826.7,994.7,0.3,49.2,35.1,30.6,39.7,0.0,7.0,6.0,158.0,0.0,33.3,37.2,35.0,32.1,34.8,33.4,0.0,14500.0,8.2,19.4,10.8,23.2,159.0,False
delhi,2025-06-08,36.5,48.0,1.9,912.5,996.7,0.8,48.0,43.5,34.5,47.0,0.0,8.0,6.0,159.0,0.0,32.5,33.3,37.2,30.6,32.1,34.8,0.0,14500.0,8.2,19.4,10.8,41.8,295.6,False
delhi,2025-06-09,35.3,54.2,3.0,958.1,996.5,0.1,54.2,43.2,34.5,46.1,0.0,9.0,6.0,160.0,0.0,36.5,32.5,33.3,34.5,30.6,32.1,0.0,14500.0,8.2,19.4,10.8,47.9,312.7,False
delhi,2025-06-10,33.0,51.9,4.5,826.3,996.9,0.7,51.9,36.8,31.4,40.4,0.0,10.0,6.0,161.0,0.0,35.3,36.5,32.5,34.5,34.5,30.6,0.0,14500.0,8.2,19.4,10.8,27.3,177.4,False
delhi,2025-06-11,33.6,49.4,3.2,1026.0,998.1,1.1,49.4,37.3,32.6,41.6,0.0,11.0,6.0,162.0,0.0,33.0,35.3,36.5,31.4,34.5,34.5,0.0,14500.0,8.2,19.4,10.8,30.0,214.1,False
delhi,2025-06-12,35.7,47.3,3.2,906.8,999.5,0.7,47.3,41.2,33.6,44.3,0.0,12.0,6.0,163.0,0.0,33.6,33.0,35.3,32.6,31.4,34.5,0.0,14500.0,8.2,19.4,10.8,39.5,271.3,False
delhi,2025-06-13,34.2,45.5,2.0,885.9,997.8,0.4,45.5,37.4,32.0,42.3,0.0,13.0,6.0,164.0,0.0,35.7,33.6,33.0,33.6,32.6,31.4,0.0,14500.0,8.2,19.4,10.8,27.8,202.6,False
delhi,2025-06-14,33.9,49.4,1.5,890.2,994.9,0.3,49.4,38.0,32.3,43.4,0.0,14.0,6.0,165.0,0.0,34.2,35.7,33.6,32.0,33.6,32.6,0.0,14500.0,8.2,19.4,10.8,34.2,228.0,False
delhi,2025-06-15,35.4,50.9,4.0,964.4,997.7,2.9,50.9,42.0,34.1,44.3,0.0,15.0,6.0,166.0,0.0,33.9,34.2,35.7,32.3,32.0,33.6,0.0,14500.0,8.2,19.4,10.8,42.4,282.7,False
delhi,2025-06-16,37.0,45.8,2.3,887.1,995.2,0.1,45.8,43.7,34.5,46.6,0.0,16.0,6.0,167.0,0.0,35.4,33.9,34.2,34.1,32.3,32.0,0.0,14500.0,8.2,19.4,10.8,44.3,308.2,False
delhi,2025-06-17,35.5,49.8,3.1,969.3,995.0,0.1,49.8,41.8,34.1,44.9,0.0,17.0,6.0,168.0,0.0,37.0,35.4,33.9,34.5,34.1,32.3,0.0,14500.0,8.2,19.4,10.8,39.5,277.3,False
delhi,2025-06-18,37.4,43.2,2.8,966.3,998.0,0.6,43.2,43.5,34.8,45.9,0.0,18.0,6.0,169.0,0.0,35.5,37.0,35.4,34.1,34.5,34.1,0.0,14500.0,8.2,19.4,10.8,45.8,315.9,False
delhi,2025-06-19,38.5,39.0,2.9,1014.5,996.5,0.0,39.0,44.1,35.3,45.8,0.0,19.0,6.0,170.0,0.0,37.4,35.5,37.0,34.8,34.1,34.5,0.0,14500.0,8.2,19.4,10.8,48.4,336.8,False
delhi,2025-06-20,37.2,49.4,3.1,909.9,993.6,0.2,49.4,46.0,35.3,47.6,0.0,20.0,6.0,171.0,0.0,38.5,37.4,35.5,35.3,34.8,34.1,0.0,14500.0,8.2,19.4,10.8,49.5,334.0,False
delhi,2025-06-21,39.6,43.6,2.8,950.0,995.7,0.0,43.6,49.3,36.7,49.8,0.0,21.0,6.0,172.0,0.0,37.2,38.5,37.4,35.3,35.3,34.8,0.0,14500.0,8.2,19.4,10.8,63.0,435.5,False
delhi,2025-06-22,41.2,36.2,2.4,888.8,996.3,0.0,36.2,49.0,36.6,49.2,0.0,22.0,6.0,173.0,1.0,39.6,37.2,38.5,36.7,35.3,35.3,6.2,14500.0,8.2,19.4,10.8,68.9,480.0,False
delhi,2025-06-23,41.8,38.2,3.1,918.4,997.1,0.0,38.2,51.9,37.6,50.6,0.0,23.0,6.0,174.0,2.0,41.2,39.6,37.2,36.6,36.7,35.3,13.6,14500.0,8.2,19.4,10.8,80.4,480.0,False
delhi,2025-06-24,41.6,38.2,2.8,942.0,992.1,0.0,38.2,51.3,37.5,50.6,0.0,24.0,6.0,175.0,3.0,41.8,41.2,39.6,37.6,36.6,36.7,19.8,14500.0,8.2,19.4,10.8,81.3,480.0,False
delhi,2025-06-25,43.0,32.6,2.8,959.0,998.6,0.0,32.6,51.1,37.7,49.7,0.0,25.0,6.0,176.0,4.0,41.6,41.8,41.2,37.5,37.6,36.6,32.0,14500.0,8.2,19.4,10.8,87.8,480.0,False
delhi,2025-06-26,44.7,32.4,2.8,996.5,997.9,0.0,32.4,55.3,39.3,52.4,0.0,26.0,6.0,177.0,5.0,43.0,41.6,41.8,37.7,37.5,37.6,48.5,14500.0,8.2,19.4,10.8,98.0,480.0,False
delhi,2025-06-27,44.8,33.1,2.6,939.2,998.5,0.0,33.1,56.1,39.2,53.2,0.0,27.0,6.0,178.0,6.0,44.7,43.0,41.6,39.3,37.7,37.5,58.8,14500.0,8.2,19.4,10.8,98.0,480.0,False
delhi,2025-06-28,45.1,33.1,3.5,978.5,994.3,0.0,33.1,56.9,39.6,52.8,0.0,28.0,6.0,179.0,7.0,44.8,44.7,43.0,39.2,39.3,37.7,70.7,14500.0,8.2,19.4,10.8,98.0,480.0,False
delhi,2026-03-01,27.7,57.8,2.9,792.0,1004.4,0.2,57.8,28.8,27.1,34.9,0.0,1.0,3.0,60.0,0.0,45.1,44.8,44.7,39.6,39.2,39.3,0.0,14500.0,8.2,19.4,10.8,10.1,51.1,False
delhi,2026-03-02,27.0,58.6,1.8,755.3,1002.3,0.5,58.6,28.0,26.4,34.6,0.0,2.0,3.0,61.0,0.0,27.7,45.1,44.8,27.1,39.6,39.2,0.0,14500.0,8.2,19.4,10.8,7.1,34.3,False
delhi,2026-03-03,26.3,61.8,2.1,820.9,1002.7,0.2,61.8,26.6,26.4,34.0,0.0,3.0,3.0,62.0,0.0,27.0,27.7,45.1,26.4,27.1,39.6,0.0,14500.0,8.2,19.4,10.8,8.6,37.1,False
delhi,2026-03-04,25.2,51.3,3.3,755.8,1003.9,0.4,51.3,25.1,23.9,30.2,0.0,4.0,3.0,63.0,0.0,26.3,27.0,27.7,26.4,26.4,27.1,0.0,14500.0,8.2,19.4,10.8,8.2,41.9,False
delhi,2026-03-05,27.4,65.7,1.2,667.3,1000.6,0.9,65.7,29.1,27.2,36.9,0.0,5.0,3.0,64.0,0.0,25.2,26.3,27.0,23.9,26.4,26.4,0.0,14500.0,8.2,19.4,10.8,9.4,41.8,False
delhi,2026-03-06,28.3,50.9,2.3,762.5,1005.1,0.2,50.9,28.9,26.8,34.8,0.0,6.0,3.0,65.0,0.0,27.4,25.2,26.3,27.2,23.9,26.4,0.0,14500.0,8.2,19.4,10.8,9.7,47.3,False
delhi,2026-03-07,26.0,60.4,2.2,692.6,1000.3,0.1,60.4,26.2,25.3,33.2,0.0,7.0,3.0,66.0,0.0,28.3,27.4,25.2,26.8,27.2,23.9,0.0,14500.0,8.2,19.4,10.8,9.3,47.2,False
delhi,2026-03-08,26.2,60.2,3.1,763.4,999.6,0.2,60.2,26.4,25.8,33.0,0.0,8.0,3.0,67.0,0.0,26.0,28.3,27.4,25.3,26.8,27.2,0.0,14500.0,8.2,19.4,10.8,10.6,43.7,False
delhi,2026-03-09,25.9,62.5,3.5,740.9,1000.2,0.6,62.5,26.2,25.7,32.7,0.0,9.0,3.0,68.0,0.0,26.2,26.0,28.3,25.8,25.3,26.8,0.0,14500.0,8.2,19.4,10.8,5.6,38.8,False
delhi,2026-03-10,26.6,59.3,3.7,764.5,1002.1,2.2,59.3,27.6,26.1,33.1,0.0,10.0,3.0,69.0,0.0,25.9,26.2,26.0,25.7,25.8,25.3,0.0,14500.0,8.2,19.4,10.8,7.3,43.4,False
delhi,2026-03-11,26.8,59.9,1.7,831.8,1002.8,0.2,59.9,27.8,26.8,34.6,0.0,11.0,3.0,70.0,0.0,26.6,25.9,26.2,26.1,25.7,25.8,0.0,14500.0,8.2,19.4,10.8,7.7,35.4,False
delhi,2026-03-12,25.8,62.2,1.4,735.4,998.1,0.2,62.2,26.1,25.6,33.7,0.0,12.0,3.0,71.0,0.0,26.8,26.6,25.9,26.8,26.1,25.7,0.0,14500.0,8.2,19.4,10.8,5.4,32.0,False
delhi,2026-03-13,26.5,58.9,1.7,711.4,1002.3,0.1,58.9,27.4,25.8,34.0,0.0,13.0,3.0,72.0,0.0,25.8,26.8,26.6,25.6,26.8,26.1,0.0,14500.0,8.2,19.4,10.8,7.7,36.2,False
delhi,2026-03-14,27.0,61.4,2.1,731.4,1001.5,1.6,61.4,28.2,26.6,34.9,0.0,14.0,3.0,73.0,0.0,26.5,25.8,26.8,25.8,25.6,26.8,0.0,14500.0,8.2,19.4,10.8,9.4,44.7,False
delhi,2026-03-15,27.0,58.5,2.5,757.1,1001.0,0.2,58.5,28.0,26.4,34.2,0.0,15.0,3.0,74.0,0.0,27.0,26.5,25.8,26.6,25.8,25.6,0.0,14500.0,8.2,19.4,10.8,8.8,40.4,False
delhi,2026-03-16,25.3,65.8,0.7,799.4,999.5,0.1,65.8,25.6,25.9,33.9,0.0,16.0,3.0,75.0,0.0,27.0,27.0,26.5,26.4,26.6,25.8,0.0,14500.0,8.2,19.4,10.8,8.6,34.1,False
delhi,2026-03-17,27.5,62.0,1.7,797.7,999.5,0.2,62.0,28.9,27.5,36.1,0.0,17.0,3.0,76.0,0.0,25.3,27.0,27.0,25.9,26.4,26.6,0.0,14500.0,8.2,19.4,10.8,8.7,41.8,False
delhi,2026-03-18,26.8,59.3,2.8,806.2,1000.9,0.1,59.3,27.8,26.5,33.9,0.0,18.0,3.0,77.0,0.0,27.5,25.3,27.0,27.5,25.9,26.4,0.0,14500.0,8.2,19.4,10.8,7.9,42.7,False
delhi,2026-03-19,26.9,60.4,2.0,838.6,998.7,0.1,60.4,28.0,26.9,34.7,0.0,19.0,3.0,78.0,0.0,26.8,27.5,25.3,26.5,27.5,25.9,0.0,14500.0,8.2,19.4,10.8,9.2,47.5,False
delhi,2026-03-20,27.8,53.3,1.6,711.6,1003.7,0.1,53.3,28.5,26.4,34.9,0.0,20.0,3.0,79.0,0.0,26.9,26.8,27.5,26.9,26.5,27.5,0.0,14500.0,8.2,19.4,10.8,10.4,52.3,False
delhi,2026-03-21,26.1,59.6,2.0,747.8,1003.0,0.5,59.6,26.3,25.6,33.4,0.0,21.0,3.0,80.0,0.0,27.8,26.9,26.8,26.4,26.9,26.5,0.0,14500.0,8.2,19.4,10.8,6.4,31.1,False
delhi,2026-03-22,28.5,55.3,2.9,855.5,1000.7,0.1,55.3,29.6,27.9,35.6,0.0,22.0,3.0,81.0,0.0,26.1,27.8,26.9,25.6,26.4,26.9,0.0,14500.0,8.2,19.4,10.8,10.4,44.9,False
delhi,2026-03-23,26.8,59.2,1.4,816.2,999.5,0.1,59.2,27.8,26.6,34.7,0.0,23.0,3.0,82.0,0.0,28.5,26.1,27.8,27.9,25.6,26.4,0.0,14500.0,8.2,19.4,10.8,8.2,39.8,False
delhi,2026-03-24,27.0,55.3,2.5,812.0,1000.4,0.1,55.3,27.8,26.3,33.7,0.0,24.0,3.0,83.0,0.0,26.8,28.5,26.1,26.6,27.9,25.6,0.0,14500.0,8.2,19.4,10.8,9.0,53.6,False
delhi,2026-03-25,27.4,62.9,1.4,797.9,998.6,0.7,62.9,28.9,27.5,36.3,0.0,25.0,3.0,84.0,0.0,27.0,26.8,28.5,26.3,26.6,27.9,0.0,14500.0,8.2,19.4,10.8,6.3,37.5,False
delhi,2026-03-26,27.2,61.7,3.7,779.7,997.4,0.1,61.7,28.5,27.0,34.4,0.0,26.0,3.0,85.0,0.0,27.4,27.0,26.8,27.5,26.3,26.6,0.0,14500.0,8.2,19.4,10.8,9.0,46.2,False
delhi,2026-03-27,25.6,58.0,2.4,820.1,996.3,1.2,58.0,25.7,25.4,32.2,0.0,27.0,3.0,86.0,0.0,27.2,27.4,27.0,27.0,27.5,26.3,0.0,14500.0,8.2,19.4,10.8,8.3,50.4,False
delhi,2026-03-28,27.9,56.0,3.4,852.6,1000.2,0.2,56.0,28.9,27.4,34.5,0.0,28.0,3.0,87.0,0.0,25.6,27.2,27.4,25.4,27.0,27.5,0.0,14500.0,8.2,19.4,10.8,10.6,54.7,False
delhi,2026-03-29,28.0,59.5,2.1,790.2,1003.9,0.3,59.5,29.4,27.6,36.1,0.0,29.0,3.0,88.0,0.0,27.9,25.6,27.2,27.4,25.4,27.0,0.0,14500.0,8.2,19.4,10.8,7.1,34.8,False
delhi,2026-03-30,28.9,52.1,2.9,813.2,1003.8,0.1,52.1,29.8,27.7,35.5,0.0,30.0,3.0,89.0,0.0,28.0,27.9,25.6,27.6,27.4,25.4,0.0,14500.0,8.2,19.4,10.8,10.0,44.7,False
delhi,2026-03-31,26.2,60.3,2.4,827.4,1002.4,0.4,60.3,26.5,26.2,33.4,0.0,31.0,3.0,90.0,0.0,28.9,28.0,27.9,27.7,27.6,27.4,0.0,14500.0,8.2,19.4,10.8,8.4,38.1,False
delhi,2026-04-01,28.6,53.0,2.4,839.3,998.1,0.9,53.0,29.5,27.6,35.5,0.0,1.0,4.0,91.0,0.0,26.2,28.9,28.0,26.2,27.7,27.6,0.0,14500.0,8.2,19.4,10.8,6.7,37.9,False
delhi,2026-04-02,28.6,63.2,3.2,841.4,1000.5,0.2,63.2,30.8,28.8,37.1,0.0,2.0,4.0,92.0,0.0,28.6,26.2,28.9,27.6,26.2,27.7,0.0,14500.0,8.2,19.4,10.8,13.5,74.7,False
delhi,2026-04-03,28.2,61.7,2.1,722.7,1003.4,0.3,61.7,30.0,27.7,36.8,0.0,3.0,4.0,93.0,0.0,28.6,28.6,26.2,28.8,27.6,26.2,0.0,14500.0,8.2,19.4,10.8,7.9,46.0,False
delhi,2026-04-04,28.6,58.8,2.3,742.7,1001.3,0.4,58.8,30.2,27.8,36.8,0.0,4.0,4.0,94.0,0.0,28.2,28.6,28.6,27.7,28.8,27.6,0.0,14500.0,8.2,19.4,10.8,7.3,33.4,False
delhi,2026-04-05,28.7,59.5,1.0,828.9,1002.0,0.3,59.5,30.5,28.5,37.9,0.0,5.0,4.0,95.0,0.0,28.6,28.2,28.6,27.8,27.7,28.8,0.0,14500.0,8.2,19.4,10.8,11.3,67.5,False
delhi,2026-04-06,27.6,60.1,2.7,715.5,1004.2,0.1,60.1,28.9,26.9,35.3,0.0,6.0,4.0,96.0,0.0,28.7,28.6,28.2,28.5,27.8,27.7,0.0,14500.0,8.2,19.4,10.8,10.4,57.7,False
delhi,2026-04-07,26.8,60.1,2.6,747.9,1000.9,0.5,60.1,27.8,26.3,34.1,0.0,7.0,4.0,97.0,0.0,27.6,28.7,28.6,26.9,28.5,27.8,0.0,14500.0,8.2,19.4,10.8,10.5,59.0,False
delhi,2026-04-08,31.6,48.1,2.7,709.2,1001.2,0.1,48.1,33.2,29.1,38.6,0.0,8.0,4.0,98.0,0.0,26.8,27.6,28.7,26.3,26.9,28.5,0.0,14500.0,8.2,19.4,10.8,13.7,83.6,False
delhi,2026-04-09,27.7,55.4,4.0,837.2,996.6,0.2,55.4,28.6,27.0,33.8,0.0,9.0,4.0,99.0,0.0,31.6,26.8,27.6,29.1,26.3,26.9,0.0,14500.0,8.2,19.4,10.8,5.4,32.5,False
delhi,2026-04-10,26.5,59.0,3.8,834.7,998.3,1.8,59.0,27.4,26.3,32.9,0.0,10.0,4.0,100.0,0.0,27.7,31.6,26.8,27.0,29.1,26.3,0.0,14500.0,8.2,19.4,10.8,8.5,55.5,False
delhi,2026-04-11,29.1,56.0,1.2,780.3,999.7,0.1,56.0,30.6,28.2,37.7,0.0,11.0,4.0,101.0,0.0,26.5,27.7,31.6,26.3,27.0,29.1,0.0,14500.0,8.2,19.4,10.8,8.9,52.2,False
delhi,2026-04-12,28.8,51.2,1.7,829.9,999.7,0.9,51.2,29.5,27.6,35.9,0.0,12.0,4.0,102.0,0.0,29.1,26.5,27.7,28.2,26.3,27.0,0.0,14500.0,8.2,19.4,10.8,7.6,37.7,False
delhi,2026-04-13,27.3,58.8,2.1,905.9,1003.5,0.2,58.8,28.4,27.5,34.9,0.0,13.0,4.0,103.0,0.0,28.8,29.1,26.5,27.6,28.2,26.3,0.0,14500.0,8.2,19.4,10.8,7.5,38.4,False
delhi,2026-04-14,28.2,56.7,3.8,863.4,1001.5,0.3,56.7,29.4,27.8,34.9,0.0,14.0,4.0,104.0,0.0,27.3,28.8,29.1,27.5,27.6,28.2,0.0,14500.0,8.2,19.4,10.8,6.4,44.1,False
delhi,2026-04-15,29.0,52.6,1.6,868.7,999.7,0.5,52.6,30.0,28.2,36.5,0.0,15.0,4.0,105.0,0.0,28.2,27.3,28.8,27.8,27.5,27.6,0.0,14500.0,8.2,19.4,10.8,7.2,44.4,False
delhi,2026-04-16,34.1,47.2,3.1,967.4,999.5,0.5,47.2,37.7,32.5,41.8,0.0,16.0,4.0,106.0,0.0,29.0,28.2,27.3,28.2,27.8,27.5,0.0,14500.0,8.2,19.4,10.8,33.8,225.8,False
delhi,2026-04-17,32.8,51.3,3.1,839.4,997.6,0.7,51.3,36.3,31.2,41.0,0.0,17.0,4.0,107.0,0.0,34.1,29.0,28.2,32.5,28.2,27.8,0.0,14500.0,8.2,19.4,10.8,27.5,174.8,False
delhi,2026-04-18,34.2,49.8,1.7,845.9,997.6,1.2,49.8,38.8,32.4,43.8,0.0,18.0,4.0,108.0,0.0,32.8,34.1,29.0,31.2,32.5,28.2,0.0,14500.0,8.2,19.4,10.8,31.8,219.3,False
delhi,2026-04-19,34.5,44.6,2.0,823.5,1002.8,0.1,44.6,37.7,31.8,42.4,0.0,19.0,4.0,109.0,0.0,34.2,32.8,34.1,32.4,31.2,32.5,0.0,14500.0,8.2,19.4,10.8,28.7,192.8,False
delhi,2026-04-20,32.9,42.6,2.2,818.1,1000.8,0.3,42.6,34.2,30.1,39.3,0.0,20.0,4.0,110.0,0.0,34.5,34.2,32.8,31.8,32.4,31.2,0.0,14500.0,8.2,19.4,10.8,19.0,121.5,False
delhi,2026-04-21,33.1,50.1,2.1,839.0,999.6,0.0,50.1,36.5,31.4,41.8,0.0,21.0,4.0,111.0,0.0,32.9,34.5,34.2,30.1,31.8,32.4,0.0,14500.0,8.2,19.4,10.8,28.5,184.0,False
delhi,2026-04-22,33.8,47.8,1.6,907.7,999.2,0.2,47.8,37.3,32.1,42.6,0.0,22.0,4.0,112.0,0.0,33.1,32.9,34.5,31.4,30.1,31.8,0.0,14500.0,8.2,19.4,10.8,31.4,213.1,False
delhi,2026-04-23,33.1,52.9,3.1,830.3,998.1,0.2,52.9,37.4,31.6,41.9,0.0,23.0,4.0,113.0,0.0,33.8,33.1,32.9,32.1,31.4,30.1,0.0,14500.0,8.2,19.4,10.8,30.9,202.6,False
delhi,2026-04-24,31.8,53.3,2.3,907.8,998.9,1.5,53.3,34.8,30.9,40.5,0.0,24.0,4.0,114.0,0.0,33.1,33.8,33.1,31.6,32.1,31.4,0.0,14500.0,8.2,19.4,10.8,24.8,156.9,False
delhi,2026-04-25,30.3,52.2,3.6,787.5,1003.5,0.7,52.2,31.9,28.8,37.1,0.0,25.0,4.0,115.0,0.0,31.8,33.1,33.8,30.9,31.6,32.1,0.0,14500.0,8.2,19.4,10.8,12.5,64.5,False
delhi,2026-04-26,30.4,50.2,2.0,836.5,1001.1,0.1,50.2,31.7,29.0,37.8,0.0,26.0,4.0,116.0,0.0,30.3,31.8,33.1,28.8,30.9,31.6,0.0,14500.0,8.2,19.4,10.8,14.3,92.9,False
delhi,2026-04-27,31.3,59.8,2.0,851.8,993.9,0.0,59.8,35.4,31.0,41.5,0.0,27.0,4.0,117.0,0.0,30.4,30.3,31.8,29.0,28.8,30.9,0.0,14500.0,8.2,19.4,10.8,26.6,175.1,False
delhi,2026-04-28,29.7,53.9,2.5,863.6,1000.9,0.6,53.9,31.2,28.9,37.3,0.0,28.0,4.0,118.0,0.0,31.3,30.4,30.3,31.0,29.0,28.8,0.0,14500.0,8.2,19.4,10.8,13.5,86.3,False
delhi,2026-04-29,29.6,55.1,3.4,730.5,998.0,1.7,55.1,31.2,28.2,36.8,0.0,29.0,4.0,119.0,0.0,29.7,31.3,30.4,28.9,31.0,29.0,0.0,14500.0,8.2,19.4,10.8,8.8,49.9,False
delhi,2026-04-30,28.8,61.3,2.6,812.7,1001.0,0.1,61.3,30.9,28.6,37.4,0.0,30.0,4.0,120.0,0.0,29.6,29.7,31.3,28.2,28.9,31.0,0.0,14500.0,8.2,19.4,10.8,11.5,67.5,False
delhi,2026-05-01,29.7,48.0,2.6,909.0,998.8,0.2,48.0,30.3,28.4,35.9,0.0,1.0,5.0,121.0,0.0,28.8,29.6,29.7,28.6,28.2,28.9,0.0,14500.0,8.2,19.4,10.8,10.3,56.8,False
delhi,2026-05-02,29.1,53.5,1.3,845.3,997.9,1.4,53.5,30.2,28.3,37.1,0.0,2.0,5.0,122.0,0.0,29.7,28.8,29.6,28.4,28.6,28.2,0.0,14500.0,8.2,19.4,10.8,8.7,43.6,False
delhi,2026-05-03,27.8,57.9,3.3,806.4,1000.8,0.1,57.9,28.9,27.3,34.8,0.0,3.0,5.0,123.0,0.0,29.1,29.7,28.8,28.3,28.4,28.6,0.0,14500.0,8.2,19.4,10.8,7.8,42.8,False
delhi,2026-05-04,30.1,52.0,2.2,853.5,999.6,0.3,52.0,31.5,29.0,37.6,0.0,4.0,5.0,124.0,0.0,27.8,29.1,29.7,27.3,28.3,28.4,0.0,14500.0,8.2,19.4,10.8,14.4,76.3,False
delhi,2026-05-05,30.4,58.0,2.3,843.0,1000.2,0.5,58.0,33.2,29.9,39.4,0.0,5.0,5.0,125.0,0.0,30.1,27.8,29.1,29.0,27.3,28.3,0.0,14500.0,8.2,19.4,10.8,14.4,105.7,False
delhi,2026-05-06,28.1,53.5,1.7,811.5,998.9,0.0,53.5,28.9,27.1,35.3,0.0,6.0,5.0,126.0,0.0,30.4,30.1,27.8,29.9,29.0,27.3,0.0,14500.0,8.2,19.4,10.8,7.6,39.3,False
delhi,2026-05-07,26.9,52.8,2.6,832.6,998.1,0.2,52.8,27.5,26.0,33.0,0.0,7.0,5.0,127.0,0.0,28.1,30.4,30.1,27.1,29.9,29.0,0.0,14500.0,8.2,19.4,10.8,9.7,38.6,False
delhi,2026-05-08,28.4,59.6,4.0,839.2,999.2,0.4,59.6,30.0,28.1,35.6,0.0,8.0,5.0,128.0,0.0,26.9,28.1,30.4,26.0,27.1,29.9,0.0,14500.0,8.2,19.4,10.8,6.3,31.8,False
delhi,2026-05-09,28.5,67.3,2.5,877.2,995.5,0.6,67.3,31.2,29.3,38.2,0.0,9.0,5.0,129.0,0.0,28.4,26.9,28.1,28.1,26.0,27.1,0.0,14500.0,8.2,19.4,10.8,16.1,97.0,False
delhi,2026-05-10,27.8,63.7,2.0,891.9,995.4,0.3,63.7,29.6,28.4,36.7,0.0,10.0,5.0,130.0,0.0,28.5,28.4,26.9,29.3,28.1,26.0,0.0,14500.0,8.2,19.4,10.8,8.9,52.6,False
delhi,2026-05-11,31.5,54.2,3.6,922.0,997.4,0.1,54.2,34.4,30.8,39.3,0.0,11.0,5.0,131.0,0.0,27.8,28.5,28.4,28.4,29.3,28.1,0.0,14500.0,8.2,19.4,10.8,23.9,147.3,False
delhi,2026-05-12,30.8,62.6,2.9,867.1,1000.6,0.1,62.6,35.1,30.9,40.7,0.0,12.0,5.0,132.0,0.0,31.5,27.8,28.5,30.8,28.4,29.3,0.0,14500.0,8.2,19.4,10.8,24.8,165.5,False
delhi,2026-05-13,31.6,59.1,3.0,833.8,997.9,0.3,59.1,35.9,31.1,41.1,0.0,13.0,5.0,133.0,0.0,30.8,31.5,27.8,30.9,30.8,28.4,0.0,14500.0,8.2,19.4,10.8,27.1,171.1,False
delhi,2026-05-14,32.9,49.5,2.5,898.0,998.9,0.6,49.5,35.9,31.4,41.1,0.0,14.0,5.0,134.0,0.0,31.6,30.8,31.5,31.1,30.9,30.8,0.0,14500.0,8.2,19.4,10.8,24.2,172.8,False
delhi,2026-05-15,32.1,45.6,1.5,870.1,994.3,0.2,45.6,33.5,30.1,39.5,0.0,15.0,5.0,135.0,0.0,32.9,31.6,30.8,31.4,31.1,30.9,0.0,14500.0,8.2,19.4,10.8,19.2,119.2,False
delhi,2026-05-16,33.8,50.8,4.2,801.1,1000.5,0.5,50.8,38.2,31.8,41.6,0.0,16.0,5.0,136.0,0.0,32.1,32.9,31.6,30.1,31.4,31.1,0.0,14500.0,8.2,19.4,10.8,30.9,201.5,False
delhi,2026-05-17,34.0,49.6,2.0,837.1,999.5,0.9,49.6,38.3,32.1,43.2,0.0,17.0,5.0,137.0,0.0,33.8,32.1,32.9,31.8,30.1,31.4,0.0,14500.0,8.2,19.4,10.8,28.8,197.6,False
delhi,2026-05-18,36.7,38.8,1.7,886.3,996.1,0.1,38.8,40.1,33.2,44.0,0.0,18.0,5.0,138.0,0.0,34.0,33.8,32.1,32.1,31.8,30.1,0.0,14500.0,8.2,19.4,10.8,35.9,254.4,False
delhi,2026-05-19,35.5,44.4,1.5,896.3,997.9,1.5,44.4,39.7,33.1,44.3,0.0,19.0,5.0,139.0,0.0,36.7,34.0,33.8,33.2,32.1,31.8,0.0,14500.0,8.2,19.4,10.8,35.6,246.8,False
delhi,2026-05-20,36.7,43.1,2.5,796.0,999.0,0.9,43.1,41.8,33.4,45.0,0.0,20.0,5.0,140.0,0.0,35.5,36.7,34.0,33.1,33.2,32.1,0.0,14500.0,8.2,19.4,10.8,38.2,263.5,False
delhi,2026-05-21,36.5,43.7,2.4,798.9,996.1,0.6,43.7,41.6,33.3,44.9,0.0,21.0,5.0,141.0,0.0,36.7,35.5,36.7,33.4,33.1,33.2,0.0,14500.0,8.2,19.4,10.8,36.5,255.5,False
delhi,2026-05-22,37.4,47.5,3.9,866.6,999.3,0.5,47.5,45.6,34.9,46.6,0.0,22.0,5.0,142.0,0.0,36.5,36.7,35.5,33.3,33.4,33.1,0.0,14500.0,8.2,19.4,10.8,44.7,314.0,False
delhi,2026-05-23,40.0,39.2,1.1,931.4,994.2,0.0,39.2,47.8,36.4,50.0,0.0,23.0,5.0,143.0,1.0,37.4,36.5,36.7,34.9,33.3,33.4,5.0,14500.0,8.2,19.4,10.8,64.8,455.0,False
delhi,2026-05-24,39.1,50.5,0.9,885.9,997.8,0.0,50.5,52.2,37.2,54.0,0.0,24.0,5.0,144.0,0.0,40.0,37.4,36.5,36.4,34.9,33.3,0.0,14500.0,8.2,19.4,10.8,61.3,427.3,False
delhi,2026-05-25,38.2,38.3,2.4,861.5,998.4,0.0,38.3,43.1,34.2,45.5,0.0,25.0,5.0,145.0,0.0,39.1,40.0,37.4,37.2,36.4,34.9,0.0,14500.0,8.2,19.4,10.8,44.3,302.1,False
delhi,2026-05-26,38.7,43.1,3.3,915.6,1001.4,0.0,43.1,46.7,35.7,47.5,0.0,26.0,5.0,146.0,0.0,38.2,39.1,40.0,34.2,37.2,36.4,0.0,14500.0,8.2,19.4,10.8,55.0,383.4,False
delhi,2026-05-27,36.6,45.5,2.2,888.8,996.0,0.2,45.5,42.6,34.1,45.9,0.0,27.0,5.0,147.0,0.0,38.7,38.2,39.1,35.7,34.2,37.2,0.0,14500.0,8.2,19.4,10.8,40.4,281.1,False
delhi,2026-05-28,40.0,42.6,0.6,998.8,998.2,0.0,42.6,49.8,37.3,52.2,0.0,28.0,5.0,148.0,1.0,36.6,38.7,38.2,34.1,35.7,34.2,5.0,14500.0,8.2,19.4,10.8,68.3,480.0,False
delhi,2026-05-29,39.0,38.8,2.7,868.0,996.7,0.0,38.8,45.2,35.0,46.7,0.0,29.0,5.0,149.0,0.0,40.0,36.6,38.7,37.3,34.1,35.7,0.0,14500.0,8.2,19.4,10.8,49.8,339.1,False
delhi,2026-05-30,38.7,44.3,2.9,941.0,998.1,0.0,44.3,47.3,36.0,48.4,0.0,30.0,5.0,150.0,0.0,39.0,40.0,36.6,35.0,37.3,34.1,0.0,14500.0,8.2,19.4,10.8,54.4,382.8,False
delhi,2026-05-31,36.8,41.2,1.7,955.7,999.3,0.9,41.2,41.3,34.0,45.1,0.0,31.0,5.0,151.0,0.0,38.7,39.0,40.0,36.0,35.0,37.3,0.0,14500.0,8.2,19.4,10.8,43.5,296.2,False
delhi,2026-06-01,38.1,39.4,2.1,899.8,999.6,0.0,39.4,43.4,34.5,46.1,0.0,1.0,6.0,152.0,0.0,36.8,38.7,39.0,34.0,36.0,35.0,0.0,14500.0,8.2,19.4,10.8,44.0,300.9,False
delhi,2026-06-02,39.2,40.8,2.0,943.8,997.2,0.0,40.8,46.7,35.9,48.6,0.0,2.0,6.0,153.0,0.0,38.1,36.8,38.7,34.5,34.0,36.0,0.0,14500.0,8.2,19.4,10.8,54.4,388.8,False
delhi,2026-06-03,36.1,46.0,2.4,918.2,992.9,0.6,46.0,41.7,33.9,45.1,0.0,3.0,6.0,154.0,0.0,39.2,38.1,36.8,35.9,34.5,34.0,0.0,14500.0,8.2,19.4,10.8,40.5,283.0,False
delhi,2026-06-04,37.4,40.3,1.6,925.9,995.6,0.0,40.3,42.2,34.2,45.7,0.0,4.0,6.0,155.0,0.0,36.1,39.2,38.1,33.9,35.9,34.5,0.0,14500.0,8.2,19.4,10.8,44.1,297.0,False
delhi,2026-06-05,35.8,50.2,1.9,906.1,999.2,0.1,50.2,42.7,34.2,46.5,0.0,5.0,6.0,156.0,0.0,37.4,36.1,39.2,34.2,33.9,35.9,0.0,14500.0,8.2,19.4,10.8,43.4,299.1,False
delhi,2026-06-06,35.3,45.7,2.9,843.8,997.6,0.1,45.7,39.7,32.7,43.3,0.0,6.0,6.0,157.0,0.0,35.8,37.4,36.1,34.2,34.2,33.9,0.0,14500.0,8.2,19.4,10.8,34.0,235.3,False
delhi,2026-06-07,35.8,38.2,2.7,897.4,994.6,0.1,38.2,38.2,32.3,41.7,0.0,7.0,6.0,158.0,0.0,35.3,35.8,37.4,32.7,34.2,34.2,0.0,14500.0,8.2,19.4,10.8,32.7,222.4,False
delhi,2026-06-08,35.2,52.3,2.7,857.1,994.4,0.5,52.3,42.1,33.6,45.5,0.0,8.0,6.0,159.0,0.0,35.8,35.3,35.8,32.3,32.7,34.2,0.0,14500.0,8.2,19.4,10.8,40.4,277.4,False
delhi,2026-06-09,36.2,47.8,1.7,948.2,995.3,0.1,47.8,42.7,34.4,46.5,0.0,9.0,6.0,160.0,0.0,35.2,35.8,35.3,33.6,32.3,32.7,0.0,14500.0,8.2,19.4,10.8,43.2,300.7,False
delhi,2026-06-10,34.9,48.1,2.8,934.5,999.5,0.5,48.1,39.7,33.2,43.6,0.0,10.0,6.0,161.0,0.0,36.2,35.2,35.8,34.4,33.6,32.3,0.0,14500.0,8.2,19.4,10.8,38.2,259.4,False
delhi,2026-06-11,35.1,49.1,3.2,851.6,997.3,0.0,49.1,40.6,33.1,43.9,0.0,11.0,6.0,162.0,0.0,34.9,36.2,35.2,33.2,34.4,33.6,0.0,14500.0,8.2,19.4,10.8,36.4,240.0,False
delhi,2026-06-12,34.9,44.3,2.9,920.0,993.7,1.2,44.3,38.4,32.5,42.3,0.0,12.0,6.0,163.0,0.0,35.1,34.9,36.2,33.1,33.2,34.4,0.0,14500.0,8.2,19.4,10.8,32.6,218.5,False
delhi,2026-06-13,34.8,54.3,1.5,957.1,997.7,0.5,54.3,41.9,34.1,46.5,0.0,13.0,6.0,164.0,0.0,34.9,35.1,34.9,32.5,33.1,33.2,0.0,14500.0,8.2,19.4,10.8,40.7,277.5,False
delhi,2026-06-14,36.2,37.0,1.5,877.1,994.0,0.4,37.0,38.5,32.4,42.7,0.0,14.0,6.0,165.0,0.0,34.8,34.9,35.1,34.1,32.5,33.1,0.0,14500.0,8.2,19.4,10.8,33.2,219.5,False
delhi,2026-06-15,36.0,44.8,2.7,889.5,996.6,1.5,44.8,40.9,33.5,44.3,0.0,15.0,6.0,166.0,0.0,36.2,34.8,34.9,32.4,34.1,32.5,0.0,14500.0,8.2,19.4,10.8,38.9,255.1,False
delhi,2026-06-16,37.1,42.0,1.8,919.4,994.8,0.8,42.0,42.3,34.2,45.8,0.0,16.0,6.0,167.0,0.0,36.0,36.2,34.8,33.5,32.4,34.1,0.0,14500.0,8.2,19.4,10.8,40.9,286.9,False
delhi,2026-06-17,38.0,38.0,4.1,950.8,998.7,0.2,38.0,42.5,34.4,43.7,0.0,17.0,6.0,168.0,0.0,37.1,36.0,36.2,34.2,33.5,32.4,0.0,14500.0,8.2,19.4,10.8,45.9,305.9,False
delhi,2026-06-18,36.8,45.5,3.3,956.7,994.8,0.6,45.5,43.1,34.6,45.3,0.0,18.0,6.0,169.0,0.0,38.0,37.1,36.0,34.4,34.2,33.5,0.0,14500.0,8.2,19.4,10.8,43.2,304.5,False
delhi,2026-06-19,37.9,43.7,2.6,937.7,999.5,0.3,43.7,44.9,35.2,47.1,0.0,19.0,6.0,170.0,0.0,36.8,38.0,37.1,34.6,34.4,34.2,0.0,14500.0,8.2,19.4,10.8,46.1,313.8,False
delhi,2026-06-20,38.3,44.0,3.0,930.0,996.3,0.0,44.0,46.1,35.5,47.5,0.0,20.0,6.0,171.0,0.0,37.9,36.8,38.0,35.2,34.6,34.4,0.0,14500.0,8.2,19.4,10.8,52.1,355.6,False
delhi,2026-06-21,41.2,41.6,3.2,888.4,996.2,0.0,41.6,52.5,37.5,51.3,0.0,21.0,6.0,172.0,1.0,38.3,37.9,36.8,35.5,35.2,34.6,6.2,14500.0,8.2,19.4,10.8,74.7,480.0,False
delhi,2026-06-22,41.1,36.2,3.0,884.8,999.8,0.0,36.2,48.8,36.4,48.5,0.0,22.0,6.0,173.0,2.0,41.2,38.3,37.9,37.5,35.5,35.2,12.2,14500.0,8.2,19.4,10.8,69.5,480.0,False
delhi,2026-06-23,42.4,34.1,3.2,878.5,999.2,0.0,34.1,50.7,37.1,49.3,0.0,23.0,6.0,174.0,3.0,41.1,41.2,38.3,36.4,37.5,35.5,22.2,14500.0,8.2,19.4,10.8,81.9,480.0,False
delhi,2026-06-24,42.2,39.9,2.0,904.2,995.8,0.0,39.9,54.2,38.2,53.4,0.0,24.0,6.0,175.0,4.0,42.4,41.1,41.2,37.1,36.4,37.5,28.8,14500.0,8.2,19.4,10.8,87.6,480.0,False
delhi,2026-06-25,42.7,39.3,2.7,894.1,996.2,0.0,39.3,55.2,38.4,53.3,0.0,25.0,6.0,176.0,5.0,42.2,42.4,41.1,38.2,37.1,36.4,38.5,14500.0,8.2,19.4,10.8,95.7,480.0,False
delhi,2026-06-26,45.3,36.1,3.2,922.0,994.0,0.0,36.1,60.1,40.2,55.5,0.0,26.0,6.0,177.0,6.0,42.7,42.2,42.4,38.4,38.2,37.1,61.8,14500.0,8.2,19.4,10.8,98.0,480.0,False
delhi,2026-06-27,45.4,23.2,2.5,954.6,995.5,0.0,23.2,50.0,37.5,47.3,0.0,27.0,6.0,178.0,7.0,45.3,42.7,42.2,40.2,38.4,38.2,72.8,14500.0,8.2,19.4,10.8,98.0,480.0,False
delhi,2026-06-28,46.8,28.9,3.2,1030.1,998.7,0.0,28.9,57.7,40.4,52.9,0.0,28.0,6.0,179.0,8.0,45.4,45.3,42.7,37.5,40.2,38.4,94.4,14500.0,8.2,19.4,10.8,98.0,480.0,False
hyderabad,2022-03-01,27.2,60.2,2.5,791.5,1000.3,0.0,60.2,28.4,26.9,34.8,0.0,1.0,3.0,60.0,0.0,26.0,25.2,24.2,25.9,25.099999999999998,24.4,0.0,9800.0,8.4,18.0,10.2,6.6,31.3,False
hyderabad,2022-03-02,24.8,63.0,2.6,762.9,1001.9,0.1,63.0,25.0,24.8,31.7,0.0,2.0,3.0,61.0,0.0,27.2,22.8,21.8,26.9,23.0,22.3,0.0,9800.0,8.4,18.0,10.2,11.3,51.2,False
hyderabad,2022-03-03,26.1,60.1,3.4,818.6,998.3,0.5,60.1,26.3,26.0,32.7,0.0,3.0,3.0,62.0,0.0,24.8,27.2,23.1,24.8,26.9,23.5,0.0,9800.0,8.4,18.0,10.2,8.8,38.5,False
hyderabad,2022-03-04,25.7,58.4,2.8,779.8,1000.9,0.5,58.4,25.9,25.3,32.2,0.0,4.0,3.0,63.0,0.0,26.1,24.8,27.2,26.0,24.8,26.9,0.0,9800.0,8.4,18.0,10.2,6.3,44.1,False
hyderabad,2022-03-05,27.6,55.1,2.6,842.2,1004.3,0.4,55.1,28.4,27.0,34.4,0.0,5.0,3.0,64.0,0.0,25.7,26.1,24.8,25.3,26.0,24.8,0.0,9800.0,8.4,18.0,10.2,7.5,35.8,False
hyderabad,2022-03-06,26.1,64.4,2.6,792.0,1003.1,0.1,64.4,26.4,26.3,33.8,0.0,6.0,3.0,65.0,0.0,27.6,25.7,26.1,27.0,25.3,26.0,0.0,9800.0,8.4,18.0,10.2,6.2,31.2,False
hyderabad,2022-03-07,26.8,52.8,3.2,659.4,998.2,0.1,52.8,27.4,25.1,32.6,0.0,7.0,3.0,66.0,0.0,26.1,27.6,25.7,26.3,27.0,25.3,0.0,9800.0,8.4,18.0,10.2,7.3,30.9,False
hyderabad,2022-03-08,26.5,59.2,2.5,722.3,1002.6,0.4,59.2,27.4,25.8,33.6,0.0,8.0,3.0,67.0,0.0,26.8,26.1,27.6,25.1,26.3,27.0,0.0,9800.0,8.4,18.0,10.2,8.2,41.1,False
hyderabad,2022-03-09,25.3,62.7,2.6,822.1,998.4,0.7,62.7,25.5,25.6,32.4,0.0,9.0,3.0,68.0,0.0,26.5,26.8,26.1,25.8,25.1,26.3,0.0,9800.0,8.4,18.0,10.2,7.9,45.2,False
hyderabad,2022-03-10,25.2,64.0,2.9,731.4,998.5,0.3,64.0,25.4,25.1,32.3,0.0,10.0,3.0,69.0,0.0,25.3,26.5,26.8,25.6,25.8,25.1,0.0,9800.0,8.4,18.0,10.2,6.1,34.0,False
hyderabad,2022-03-11,26.9,47.7,3.6,773.2,998.4,0.5,47.7,27.2,25.1,31.7,0.0,11.0,3.0,70.0,0.0,25.2,25.3,26.5,25.1,25.6,25.8,0.0,9800.0,8.4,18.0,10.2,8.2,38.6,False
hyderabad,2022-03-12,27.2,55.4,2.8,802.1,1000.9,1.2,55.4,28.0,26.4,33.8,0.0,12.0,3.0,71.0,0.0,26.9,25.2,25.3,25.1,25.1,25.6,0.0,9800.0,8.4,18.0,10.2,10.6,53.6,False
hyderabad,2022-03-13,29.1,54.5,1.9,762.9,1004.2,0.8,54.5,30.4,27.9,36.9,0.0,13.0,3.0,72.0,0.0,27.2,26.9,25.2,26.4,25.1,25.1,0.0,9800.0,8.4,18.0,10.2,7.5,34.4,False
hyderabad,2022-03-14,26.4,60.5,2.5,852.9,1001.3,0.0,60.5,27.4,26.5,33.7,0.0,14.0,3.0,73.0,0.0,29.1,27.2,26.9,27.9,26.4,25.1,0.0,9800.0,8.4,18.0,10.2,10.7,46.6,False
hyderabad,2022-03-15,25.9,57.8,2.6,746.4,1001.8,0.4,57.8,26.1,25.2,32.5,0.0,15.0,3.0,74.0,0.0,26.4,29.1,27.2,26.5,27.9,26.4,0.0,9800.0,8.4,18.0,10.2,9.7,53.3,False
hyderabad,2022-03-16,26.0,65.9,1.7,746.7,1002.7,0.7,65.9,26.4,26.2,34.4,0.0,16.0,3.0,75.0,0.0,25.9,26.4,29.1,25.2,26.5,27.9,0.0,9800.0,8.4,18.0,10.2,7.1,41.6,False
hyderabad,2022-03-17,25.7,67.2,2.2,801.8,1005.4,1.0,67.2,26.1,26.3,33.9,0.0,17.0,3.0,76.0,0.0,26.0,25.9,26.4,26.2,25.2,26.5,0.0,9800.0,8.4,18.0,10.2,7.0,26.0,False
hyderabad,2022-03-18,26.9,58.0,3.1,773.1,999.5,0.8,58.0,27.8,26.3,33.6,0.0,18.0,3.0,77.0,0.0,25.7,26.0,25.9,26.3,26.2,25.2,0.0,9800.0,8.4,18.0,10.2,8.2,39.6,False
hyderabad,2022-03-19,27.2,59.8,1.7,731.6,997.1,0.7,59.8,28.3,26.6,35.2,0.0,19.0,3.0,78.0,0.0,26.9,25.7,26.0,26.3,26.3,26.2,0.0,9800.0,8.4,18.0,10.2,6.8,43.1,False
hyderabad,2022-03-20,27.3,60.2,2.5,816.7,999.2,0.4,60.2,28.5,27.1,35.0,0.0,20.0,3.0,79.0,0.0,27.2,26.9,25.7,26.6,26.3,26.3,0.0,9800.0,8.4,18.0,10.2,7.9,47.4,False
hyderabad,2022-03-21,27.5,61.7,0.9,829.8,1000.7,0.3,61.7,28.9,27.7,36.5,0.0,21.0,3.0,80.0,0.0,27.3,27.2,26.9,27.1,26.6,26.3,0.0,9800.0,8.4,18.0,10.2,7.4,36.1,False
hyderabad,2022-03-22,26.2,71.3,2.7,809.7,998.0,1.2,71.3,27.6,27.2,35.0,0.0,22.0,3.0,81.0,0.0,27.5,27.3,27.2,27.7,27.1,26.6,0.0,9800.0,8.4,18.0,10.2,9.8,47.1,False
hyderabad,2022-03-23,26.7,56.3,1.3,879.4,1003.2,0.0,56.3,27.5,26.5,34.1,0.0,23.0,3.0,82.0,0.0,26.2,27.5,27.3,27.2,27.7,27.1,0.0,9800.0,8.4,18.0,10.2,6.0,30.0,False
hyderabad,2022-03-24,26.1,64.5,2.8,731.9,1003.7,1.6,64.5,26.4,26.0,33.7,0.0,24.0,3.0,83.0,0.0,26.7,26.2,27.5,26.5,27.2,27.7,0.0,9800.0,8.4,18.0,10.2,7.8,45.0,False
hyderabad,2022-03-25,27.3,59.3,2.5,807.3,999.9,0.2,59.3,28.4,27.0,34.8,0.0,25.0,3.0,84.0,0.0,26.1,26.7,26.2,26.0,26.5,27.2,0.0,9800.0,8.4,18.0,10.2,9.3,43.5,False
hyderabad,2022-03-26,26.4,61.0,4.2,766.3,997.9,0.2,61.0,27.4,26.1,32.8,0.0,26.0,3.0,85.0,0.0,27.3,26.1,26.7,27.0,26.0,26.5,0.0,9800.0,8.4,18.0,10.2,9.2,44.3,False
hyderabad,2022-03-27,28.3,52.7,2.4,813.3,998.4,0.2,52.7,29.1,27.2,35.1,0.0,27.0,3.0,86.0,0.0,26.4,27.3,26.1,26.1,27.0,26.0,0.0,9800.0,8.4,18.0,10.2,9.6,48.5,False
hyderabad,2022-03-28,27.1,62.2,2.4,785.2,1001.3,0.3,62.2,28.4,27.0,35.1,0.0,28.0,3.0,87.0,0.0,28.3,26.4,27.3,27.2,26.1,27.0,0.0,9800.0,8.4,18.0,10.2,8.5,53.9,False
hyderabad,2022-03-29,26.8,66.1,1.9,807.4,1002.1,1.1,66.1,28.2,27.3,35.6,0.0,29.0,3.0,88.0,0.0,27.1,28.3,26.4,27.0,27.2,26.1,0.0,9800.0,8.4,18.0,10.2,8.0,43.0,False
hyderabad,2022-03-30,25.2,58.1,3.5,798.8,999.1,0.5,58.1,25.3,24.8,31.1,0.0,30.0,3.0,89.0,0.0,26.8,27.1,28.3,27.3,27.0,27.2,0.0,9800.0,8.4,18.0,10.2,7.2,32.4,False
hyderabad,2022-03-31,25.5,63.2,3.0,780.2,1000.5,1.5,63.2,25.8,25.6,32.5,0.0,31.0,3.0,90.0,0.0,25.2,26.8,27.1,24.8,27.3,27.0,0.0,9800.0,8.4,18.0,10.2,6.3,42.1,False
hyderabad,2022-04-01,28.2,56.3,2.5,866.4,1003.3,0.1,56.3,29.3,27.8,35.6,0.0,1.0,4.0,91.0,0.0,25.5,25.2,26.8,25.6,24.8,27.3,0.0,9800.0,8.4,18.0,10.2,9.3,45.3,False
hyderabad,2022-04-02,27.3,53.3,3.6,794.8,1001.5,0.2,53.3,27.9,26.2,33.1,0.0,2.0,4.0,92.0,0.0,28.2,25.5,25.2,27.8,25.6,24.8,0.0,9800.0,8.4,18.0,10.2,9.1,44.0,False
hyderabad,2022-04-03,27.0,64.2,3.3,802.4,1001.4,0.5,64.2,28.4,27.2,34.7,0.0,3.0,4.0,93.0,0.0,27.3,28.2,25.5,26.2,27.8,25.6,0.0,9800.0,8.4,18.0,10.2,6.3,35.6,False
hyderabad,2022-04-04,29.9,47.5,2.4,830.5,1000.4,0.1,47.5,30.5,28.1,36.2,0.0,4.0,4.0,94.0,0.0,27.0,27.3,28.2,27.2,26.2,27.8,0.0,9800.0,8.4,18.0,10.2,9.2,45.6,False
hyderabad,2022-04-05,27.4,57.3,2.5,821.4,1000.2,0.6,57.3,28.4,26.9,34.6,0.0,5.0,4.0,95.0,0.0,29.9,27.0,27.3,28.1,27.2,26.2,0.0,9800.0,8.4,18.0,10.2,7.3,40.1,False
hyderabad,2022-04-06,26.0,60.1,4.4,755.7,1002.8,0.1,60.1,26.2,25.5,32.0,0.0,6.0,4.0,96.0,0.0,27.4,29.9,27.0,26.9,28.1,27.2,0.0,9800.0,8.4,18.0,10.2,8.1,47.6,False
hyderabad,2022-04-07,27.4,49.2,3.1,815.6,1000.8,1.0,49.2,27.8,26.0,32.8,0.0,7.0,4.0,97.0,0.0,26.0,27.4,29.9,25.5,26.9,28.1,0.0,9800.0,8.4,18.0,10.2,5.7,33.3,False
hyderabad,2022-04-08,29.5,55.6,0.5,832.7,999.7,1.0,55.6,31.2,28.9,38.7,0.0,8.0,4.0,98.0,0.0,27.4,26.0,27.4,26.0,25.5,26.9,0.0,9800.0,8.4,18.0,10.2,10.2,61.3,False
hyderabad,2022-04-09,27.4,56.1,2.5,773.3,1002.9,0.1,56.1,28.3,26.6,34.4,0.0,9.0,4.0,99.0,0.0,29.5,27.4,26.0,28.9,26.0,25.5,0.0,9800.0,8.4,18.0,10.2,8.7,43.8,False
hyderabad,2022-04-10,28.1,65.6,3.1,859.3,999.7,1.0,65.6,30.3,28.7,36.8,0.0,10.0,4.0,100.0,0.0,27.4,29.5,27.4,26.6,28.9,26.0,0.0,9800.0,8.4,18.0,10.2,12.2,71.8,False
hyderabad,2022-04-11,28.2,59.1,2.4,803.8,997.0,2.5,59.1,29.6,27.8,36.2,0.0,11.0,4.0,101.0,0.0,28.1,27.4,29.5,28.7,26.6,28.9,0.0,9800.0,8.4,18.0,10.2,12.4,53.5,False
hyderabad,2022-04-12,27.7,61.2,2.0,805.4,997.7,0.1,61.2,29.1,27.6,36.0,0.0,12.0,4.0,102.0,0.0,28.2,28.1,27.4,27.8,28.7,26.6,0.0,9800.0,8.4,18.0,10.2,8.8,42.3,False
hyderabad,2022-04-13,29.3,48.1,3.5,811.5,998.6,0.3,48.1,29.8,27.5,34.9,0.0,13.0,4.0,103.0,0.0,27.7,28.2,28.1,27.6,27.8,28.7,0.0,9800.0,8.4,18.0,10.2,7.6,43.1,False
hyderabad,2022-04-14,29.9,53.0,3.1,855.2,1002.2,0.4,53.0,31.4,28.9,37.0,0.0,14.0,4.0,104.0,0.0,29.3,27.7,28.2,27.5,27.6,27.8,0.0,9800.0,8.4,18.0,10.2,12.5,70.5,False
hyderabad,2022-04-15,27.7,56.4,2.2,882.6,1000.3,0.1,56.4,28.7,27.4,35.0,0.0,15.0,4.0,105.0,0.0,29.9,29.3,27.7,28.9,27.5,27.6,0.0,9800.0,8.4,18.0,10.2,8.1,46.1,False
hyderabad,2022-04-16,32.6,50.8,2.2,818.6,998.1,2.6,50.8,35.7,30.9,41.2,0.0,16.0,4.0,106.0,0.0,27.7,29.9,29.3,27.4,28.9,27.5,0.0,9800.0,8.4,18.0,10.2,22.7,148.1,False
hyderabad,2022-04-17,32.2,55.0,2.8,875.5,999.1,0.2,55.0,36.1,31.3,41.2,0.0,17.0,4.0,107.0,0.0,32.6,27.7,29.9,30.9,27.4,28.9,0.0,9800.0,8.4,18.0,10.2,25.3,164.1,False
hyderabad,2022-04-18,31.4,58.2,1.6,867.4,997.6,0.3,58.2,35.2,31.0,41.6,0.0,18.0,4.0,108.0,0.0,32.2,32.6,27.7,31.3,30.9,27.4,0.0,9800.0,8.4,18.0,10.2,26.5,176.9,False
hyderabad,2022-04-19,33.6,52.1,2.1,785.1,1001.1,1.8,52.1,38.2,31.8,43.2,0.0,19.0,4.0,109.0,0.0,31.4,32.2,32.6,31.0,31.3,30.9,0.0,9800.0,8.4,18.0,10.2,28.1,199.3,False
hyderabad,2022-04-20,33.0,45.6,2.3,773.2,1002.7,0.1,45.6,35.1,30.3,40.3,0.0,20.0,4.0,110.0,0.0,33.6,31.4,32.2,31.8,31.0,31.3,0.0,9800.0,8.4,18.0,10.2,19.7,126.5,False
hyderabad,2022-04-21,33.6,55.6,2.3,761.1,1001.4,0.2,55.6,39.4,32.2,44.1,0.0,21.0,4.0,111.0,0.0,33.0,33.6,31.4,30.3,31.8,31.0,0.0,9800.0,8.4,18.0,10.2,32.3,204.3,False
hyderabad,2022-04-22,33.5,46.1,1.6,849.1,997.3,0.2,46.1,36.2,31.3,41.7,0.0,22.0,4.0,112.0,0.0,33.6,33.0,33.6,32.2,30.3,31.8,0.0,9800.0,8.4,18.0,10.2,25.1,175.7,False
hyderabad,2022-04-23,35.3,44.2,3.0,830.6,1000.2,0.2,44.2,39.2,32.4,42.8,0.0,23.0,4.0,113.0,0.0,33.5,33.6,33.0,31.3,32.2,30.3,0.0,9800.0,8.4,18.0,10.2,33.7,224.6,False
hyderabad,2022-04-24,32.8,48.1,2.7,861.3,1000.7,0.7,48.1,35.4,30.9,40.4,0.0,24.0,4.0,114.0,0.0,35.3,33.5,33.6,32.4,31.3,32.2,0.0,9800.0,8.4,18.0,10.2,25.7,162.5,False
hyderabad,2022-04-25,31.3,52.8,1.9,839.1,999.0,0.4,52.8,33.7,30.1,39.9,0.0,25.0,4.0,115.0,0.0,32.8,35.3,33.5,30.9,32.4,31.3,0.0,9800.0,8.4,18.0,10.2,21.3,125.2,False
hyderabad,2022-04-26,30.1,59.8,2.8,860.3,996.8,0.2,59.8,33.0,29.9,39.0,0.0,26.0,4.0,116.0,0.0,31.3,32.8,35.3,30.1,30.9,32.4,0.0,9800.0,8.4,18.0,10.2,16.9,113.3,False
hyderabad,2022-04-27,30.3,58.3,1.1,840.1,996.9,3.4,58.3,33.1,29.9,40.2,0.0,27.0,4.0,117.0,0.0,30.1,31.3,32.8,29.9,30.1,30.9,0.0,9800.0,8.4,18.0,10.2,17.7,111.1,False
hyderabad,2022-04-28,28.3,59.5,2.0,895.1,998.7,0.0,59.5,29.8,28.4,36.6,0.0,28.0,4.0,118.0,0.0,30.3,30.1,31.3,29.9,29.9,30.1,0.0,9800.0,8.4,18.0,10.2,8.7,47.8,False
hyderabad,2022-04-29,27.5,60.3,2.9,933.3,998.2,0.4,60.3,28.8,27.9,35.0,0.0,29.0,4.0,119.0,0.0,28.3,30.3,30.1,28.4,29.9,29.9,0.0,9800.0,8.4,18.0,10.2,9.9,43.4,False
hyderabad,2022-04-30,29.4,62.0,3.7,899.4,1000.9,0.1,62.0,32.1,29.7,37.7,0.0,30.0,4.0,120.0,0.0,27.5,28.3,30.3,27.9,28.4,29.9,0.0,9800.0,8.4,18.0,10.2,16.9,105.4,False
hyderabad,2022-05-01,28.8,57.8,1.7,909.7,998.0,0.3,57.8,30.4,28.8,37.2,0.0,1.0,5.0,121.0,0.0,29.4,27.5,28.3,29.7,27.9,28.4,0.0,9800.0,8.4,18.0,10.2,10.6,71.8,False
hyderabad,2022-05-02,27.2,54.1,3.8,908.7,999.3,0.6,54.1,27.9,26.8,33.0,0.0,2.0,5.0,122.0,0.0,28.8,29.4,27.5,28.8,29.7,27.9,0.0,9800.0,8.4,18.0,10.2,8.1,40.6,False
hyderabad,2022-05-03,27.1,59.7,1.6,987.4,1000.2,0.7,59.7,28.2,27.8,35.1,0.0,3.0,5.0,123.0,0.0,27.2,28.8,29.4,26.8,28.8,29.7,0.0,9800.0,8.4,18.0,10.2,7.5,35.2,False
hyderabad,2022-05-04,26.6,57.9,4.2,947.0,1000.3,0.7,57.9,27.5,26.8,32.6,0.0,4.0,5.0,124.0,0.0,27.1,27.2,28.8,27.8,26.8,28.8,0.0,9800.0,8.4,18.0,10.2,6.6,35.7,False
hyderabad,2022-05-05,27.1,59.6,3.3,795.5,997.2,0.1,59.6,28.2,26.7,34.1,0.0,5.0,5.0,125.0,0.0,26.6,27.1,27.2,26.8,27.8,26.8,0.0,9800.0,8.4,18.0,10.2,7.7,37.5,False
hyderabad,2022-05-06,27.4,58.6,1.0,936.0,996.7,0.8,58.6,28.5,27.7,35.7,0.0,6.0,5.0,126.0,0.0,27.1,26.6,27.1,26.7,26.8,27.8,0.0,9800.0,8.4,18.0,10.2,6.6,35.8,False
hyderabad,2022-05-07,27.8,59.6,3.8,896.4,1000.6,1.2,59.6,29.1,27.9,34.8,0.0,7.0,5.0,127.0,0.0,27.4,27.1,26.6,27.7,26.7,26.8,0.0,9800.0,8.4,18.0,10.2,8.4,44.0,False
hyderabad,2022-05-08,26.0,60.0,3.4,1050.0,996.2,0.5,60.0,26.2,27.0,32.6,0.0,8.0,5.0,128.0,0.0,27.8,27.4,27.1,27.9,27.7,26.7,0.0,9800.0,8.4,18.0,10.2,8.7,54.5,False
hyderabad,2022-05-09,27.6,57.1,1.3,883.2,998.0,0.3,57.1,28.6,27.5,35.5,0.0,9.0,5.0,129.0,0.0,26.0,27.8,27.4,27.0,27.9,27.7,0.0,9800.0,8.4,18.0,10.2,6.4,38.6,False
hyderabad,2022-05-10,29.0,57.6,3.3,802.5,1000.1,0.2,57.6,30.7,28.3,36.5,0.0,10.0,5.0,130.0,0.0,27.6,26.0,27.8,27.5,27.0,27.9,0.0,9800.0,8.4,18.0,10.2,8.8,50.0,False
hyderabad,2022-05-11,29.6,60.7,1.8,813.5,999.6,0.2,60.7,32.2,29.4,39.1,0.0,11.0,5.0,131.0,0.0,29.0,27.6,26.0,28.3,27.5,27.0,0.0,9800.0,8.4,18.0,10.2,16.8,93.5,False
hyderabad,2022-05-12,28.9,52.4,2.2,803.2,994.5,0.1,52.4,29.8,27.7,36.0,0.0,12.0,5.0,132.0,0.0,29.6,29.0,27.6,29.4,28.3,27.5,0.0,9800.0,8.4,18.0,10.2,6.3,42.0,False
hyderabad,2022-05-13,32.0,49.3,2.5,970.1,996.0,0.3,49.3,34.2,30.9,39.6,0.0,13.0,5.0,133.0,0.0,28.9,29.6,29.0,27.7,29.4,28.3,0.0,9800.0,8.4,18.0,10.2,23.2,152.6,False
hyderabad,2022-05-14,33.1,49.6,2.5,859.2,997.8,0.1,49.6,36.4,31.4,41.4,0.0,14.0,5.0,134.0,0.0,32.0,28.9,29.6,30.9,27.7,29.4,0.0,9800.0,8.4,18.0,10.2,27.3,174.8,False
hyderabad,2022-05-15,33.4,48.0,1.5,923.1,997.7,0.5,48.0,36.5,31.8,42.1,0.0,15.0,5.0,135.0,0.0,33.1,32.0,28.9,31.4,30.9,27.7,0.0,9800.0,8.4,18.0,10.2,30.2,185.1,False
hyderabad,2022-05-16,33.2,45.8,2.6,855.8,999.4,0.3,45.8,35.5,30.9,40.4,0.0,16.0,5.0,136.0,0.0,33.4,33.1,32.0,31.8,31.4,30.9,0.0,9800.0,8.4,18.0,10.2,24.0,145.4,False
hyderabad,2022-05-17,34.8,42.9,2.1,736.8,999.3,0.2,42.9,37.7,31.4,42.3,0.0,17.0,5.0,137.0,0.0,33.2,33.4,33.1,30.9,31.8,31.4,0.0,9800.0,8.4,18.0,10.2,26.0,169.4,False
hyderabad,2022-05-18,34.3,48.6,1.9,883.5,997.3,0.7,48.6,38.6,32.5,43.5,0.0,18.0,5.0,138.0,0.0,34.8,33.2,33.4,31.4,30.9,31.8,0.0,9800.0,8.4,18.0,10.2,33.0,224.8,False
hyderabad,2022-05-19,37.1,42.7,2.7,848.3,998.9,0.2,42.7,42.6,33.9,45.3,0.0,19.0,5.0,139.0,0.0,34.3,34.8,33.2,32.5,31.4,30.9,0.0,9800.0,8.4,18.0,10.2,40.5,279.5,False
hyderabad,2022-05-20,35.8,46.2,2.0,893.8,996.9,0.7,46.2,41.0,33.5,45.0,0.0,20.0,5.0,140.0,0.0,37.1,34.3,34.8,33.9,32.5,31.4,0.0,9800.0,8.4,18.0,10.2,37.2,257.5,False
hyderabad,2022-05-21,36.8,45.9,2.5,844.1,1000.1,0.6,45.9,43.3,34.1,46.2,0.0,21.0,5.0,141.0,0.0,35.8,37.1,34.3,33.5,33.9,32.5,0.0,9800.0,8.4,18.0,10.2,41.3,275.9,False
hyderabad,2022-05-22,37.3,37.3,3.1,925.0,999.5,0.2,37.3,40.8,33.6,43.2,0.0,22.0,5.0,142.0,0.0,36.8,35.8,37.1,34.1,33.5,33.9,0.0,9800.0,8.4,18.0,10.2,38.9,267.3,False
hyderabad,2022-05-23,36.7,43.0,2.6,808.5,1000.6,0.7,43.0,41.8,33.4,44.8,0.0,23.0,5.0,143.0,0.0,37.3,36.8,35.8,33.6,34.1,33.5,0.0,9800.0,8.4,18.0,10.2,38.1,264.2,False
hyderabad,2022-05-24,37.5,47.1,2.9,888.0,995.8,0.1,47.1,45.6,35.1,47.5,0.0,24.0,5.0,144.0,0.0,36.7,37.3,36.8,33.4,33.6,34.1,0.0,9800.0,8.4,18.0,10.2,46.0,322.9,False
hyderabad,2022-05-25,38.7,35.7,3.2,958.1,1000.7,0.0,35.7,43.0,34.6,44.5,0.0,25.0,5.0,145.0,0.0,37.5,36.7,37.3,35.1,33.4,33.6,0.0,9800.0,8.4,18.0,10.2,45.3,318.7,False
hyderabad,2022-05-26,37.7,51.2,2.5,874.8,996.6,0.2,51.2,48.4,35.9,49.8,0.0,26.0,5.0,146.0,0.0,38.7,37.5,36.7,34.6,35.1,33.4,0.0,9800.0,8.4,18.0,10.2,51.4,362.9,False
hyderabad,2022-05-27,40.2,41.9,3.6,934.9,998.0,0.0,41.9,49.9,36.9,49.3,0.0,27.0,5.0,147.0,1.0,37.7,38.7,37.5,35.9,34.6,35.1,5.2,9800.0,8.4,18.0,10.2,65.3,462.8,False
hyderabad,2022-05-28,38.3,38.0,1.3,921.3,998.2,0.0,38.0,43.2,34.6,46.5,0.0,28.0,5.0,148.0,0.0,40.2,37.7,38.7,36.9,35.9,34.6,0.0,9800.0,8.4,18.0,10.2,43.7,302.0,False
hyderabad,2022-05-29,39.6,37.1,2.6,888.8,998.6,0.0,37.1,45.7,35.3,46.9,0.0,29.0,5.0,149.0,0.0,38.3,40.2,37.7,34.6,36.9,35.9,0.0,9800.0,8.4,18.0,10.2,53.0,371.9,False
hyderabad,2022-05-30,38.3,43.5,2.6,917.2,1001.9,0.0,43.5,45.9,35.4,47.7,0.0,30.0,5.0,150.0,0.0,39.6,38.3,40.2,35.3,34.6,36.9,0.0,9800.0,8.4,18.0,10.2,53.7,354.6,False
hyderabad,2022-05-31,35.5,49.1,2.6,954.7,998.0,1.0,49.1,41.5,34.0,45.0,0.0,31.0,5.0,151.0,0.0,38.3,39.6,38.3,35.4,35.3,34.6,0.0,9800.0,8.4,18.0,10.2,37.8,269.7,False
hyderabad,2022-06-01,36.6,53.3,2.3,867.8,999.1,0.5,53.3,46.4,35.1,48.7,0.0,1.0,6.0,152.0,0.0,35.5,38.3,39.6,34.0,35.4,35.3,0.0,9800.0,8.4,18.0,10.2,47.8,334.9,False
hyderabad,2022-06-02,37.5,40.3,2.4,901.2,998.4,0.5,40.3,42.4,34.1,45.2,0.0,2.0,6.0,153.0,0.0,36.6,35.5,38.3,35.1,34.0,35.4,0.0,9800.0,8.4,18.0,10.2,41.1,284.4,False
hyderabad,2022-06-03,36.3,52.4,1.8,918.9,995.8,0.4,52.4,45.1,35.0,48.3,0.0,3.0,6.0,154.0,0.0,37.5,36.6,35.5,34.1,35.1,34.0,0.0,9800.0,8.4,18.0,10.2,46.7,325.6,False
hyderabad,2022-06-04,36.2,42.0,3.2,917.3,999.2,0.5,42.0,40.3,33.3,43.2,0.0,4.0,6.0,155.0,0.0,36.3,37.5,36.6,35.0,34.1,35.1,0.0,9800.0,8.4,18.0,10.2,37.5,252.2,False
hyderabad,2022-06-05,35.4,48.3,2.5,967.0,998.2,0.6,48.3,40.9,33.8,44.7,0.0,5.0,6.0,156.0,0.0,36.2,36.3,37.5,33.3,35.0,34.1,0.0,9800.0,8.4,18.0,10.2,38.5,264.7,False
hyderabad,2022-06-06,33.9,47.4,2.1,934.0,996.9,0.7,47.4,37.3,32.2,42.3,0.0,6.0,6.0,157.0,0.0,35.4,36.2,36.3,33.8,33.3,35.0,0.0,9800.0,8.4,18.0,10.2,31.6,209.4,False
hyderabad,2022-06-07,34.1,57.2,0.6,870.2,995.9,0.4,57.2,41.3,33.5,46.9,0.0,7.0,6.0,158.0,0.0,33.9,35.4,36.2,32.2,33.8,33.3,0.0,9800.0,8.4,18.0,10.2,36.3,260.9,False
hyderabad,2022-06-08,34.6,53.5,1.8,940.2,997.2,0.2,53.5,41.1,33.7,45.6,0.0,8.0,6.0,159.0,0.0,34.1,33.9,35.4,33.5,32.2,33.8,0.0,9800.0,8.4,18.0,10.2,41.5,281.9,False
hyderabad,2022-06-09,34.4,44.6,1.9,824.2,998.6,0.3,44.6,37.5,31.7,42.4,0.0,9.0,6.0,160.0,0.0,34.6,34.1,33.9,33.7,33.5,32.2,0.0,9800.0,8.4,18.0,10.2,28.7,189.7,False
hyderabad,2022-06-10,34.3,47.0,2.2,914.0,997.0,0.3,47.0,38.0,32.4,42.7,0.0,10.0,6.0,161.0,0.0,34.4,34.6,34.1,31.7,33.7,33.5,0.0,9800.0,8.4,18.0,10.2,31.9,209.4,False
hyderabad,2022-06-11,33.8,55.8,2.1,886.0,995.7,0.4,55.8,40.0,33.0,44.7,0.0,11.0,6.0,162.0,0.0,34.3,34.4,34.6,32.4,31.7,33.7,0.0,9800.0,8.4,18.0,10.2,35.3,236.2,False
hyderabad,2022-06-12,34.3,42.4,1.1,955.2,993.0,0.2,42.4,36.6,32.0,42.1,0.0,12.0,6.0,163.0,0.0,33.8,34.3,34.4,33.0,32.4,31.7,0.0,9800.0,8.4,18.0,10.2,32.0,205.6,False
hyderabad,2022-06-13,34.8,43.4,0.9,926.1,997.6,0.3,43.4,37.9,32.5,43.4,0.0,13.0,6.0,164.0,0.0,34.3,33.8,34.3,32.0,33.0,32.4,0.0,9800.0,8.4,18.0,10.2,35.3,234.6,False
hyderabad,2022-06-14,35.3,47.3,2.7,850.9,997.1,0.0,47.3,40.3,33.0,44.0,0.0,14.0,6.0,165.0,0.0,34.8,34.3,33.8,32.5,32.0,33.0,0.0,9800.0,8.4,18.0,10.2,38.0,250.1,False
hyderabad,2022-06-15,36.8,41.2,0.5,903.5,995.0,0.2,41.2,41.3,33.8,46.1,0.0,15.0,6.0,166.0,0.0,35.3,34.8,34.3,33.0,32.5,32.0,0.0,9800.0,8.4,18.0,10.2,37.7,259.8,False
hyderabad,2022-06-16,35.9,47.2,2.0,816.9,999.6,0.1,47.2,41.7,33.4,45.6,0.0,16.0,6.0,167.0,0.0,36.8,35.3,34.8,33.8,33.0,32.5,0.0,9800.0,8.4,18.0,10.2,39.8,261.4,False
hyderabad,2022-06-17,36.6,47.7,2.6,907.6,995.0,0.1,47.7,43.6,34.5,46.4,0.0,17.0,6.0,168.0,0.0,35.9,36.8,35.3,33.4,33.8,33.0,0.0,9800.0,8.4,18.0,10.2,42.1,297.0,False
hyderabad,2022-06-18,38.1,49.2,3.3,915.5,993.5,0.0,49.2,48.4,36.1,49.0,0.0,18.0,6.0,169.0,0.0,36.6,35.9,36.8,34.5,33.4,33.8,0.0,9800.0,8.4,18.0,10.2,55.1,380.9,False
hyderabad,2022-06-19,37.0,48.2,2.2,1008.4,995.5,1.5,48.2,44.9,35.5,47.7,0.0,19.0,6.0,170.0,0.0,38.1,36.6,35.9,36.1,34.5,33.4,0.0,9800.0,8.4,18.0,10.2,52.3,353.2,False
hyderabad,2022-06-20,37.6,38.7,2.7,916.6,995.6,1.9,38.7,42.0,34.0,44.5,0.0,20.0,6.0,171.0,0.0,37.0,38.1,36.6,35.5,36.1,34.5,0.0,9800.0,8.4,18.0,10.2,39.6,279.0,False
hyderabad,2022-06-21,40.3,49.1,2.9,972.9,995.5,0.0,49.1,55.1,38.3,53.6,0.0,21.0,6.0,172.0,1.0,37.6,37.0,38.1,34.0,35.5,36.1,5.3,9800.0,8.4,18.0,10.2,77.0,480.0,False
hyderabad,2022-06-22,40.4,40.1,2.2,941.5,995.6,0.0,40.1,49.4,36.8,50.1,0.0,22.0,6.0,173.0,2.0,40.3,37.6,37.0,38.3,34.0,35.5,10.8,9800.0,8.4,18.0,10.2,69.4,480.0,False
hyderabad,2022-06-23,41.4,39.3,1.3,961.2,997.4,0.0,39.3,51.5,37.7,52.4,0.0,23.0,6.0,174.0,3.0,40.4,40.3,37.6,36.8,38.3,34.0,19.2,9800.0,8.4,18.0,10.2,80.3,480.0,False
hyderabad,2022-06-24,39.8,43.4,3.1,968.7,996.6,0.0,43.4,49.8,37.0,49.7,0.0,24.0,6.0,175.0,0.0,41.4,40.4,40.3,37.7,36.8,38.3,0.0,9800.0,8.4,18.0,10.2,65.2,456.5,False
hyderabad,2022-06-25,42.2,37.9,2.4,888.6,997.6,0.0,37.9,52.7,37.7,51.9,0.0,25.0,6.0,176.0,1.0,39.8,41.4,40.4,37.0,37.7,36.8,7.2,9800.0,8.4,18.0,10.2,78.7,480.0,False
hyderabad,2022-06-26,43.2,32.0,3.3,952.7,998.9,0.0,32.0,51.2,37.7,49.2,0.0,26.0,6.0,177.0,2.0,42.2,39.8,41.4,37.7,37.0,37.7,16.4,9800.0,8.4,18.0,10.2,84.6,480.0,False
hyderabad,2022-06-27,47.3,30.5,3.2,981.3,993.3,0.0,30.5,60.5,40.9,55.0,0.0,27.0,6.0,178.0,3.0,43.2,42.2,39.8,37.7,37.7,37.0,36.9,9800.0,8.4,18.0,10.2,98.0,480.0,False
hyderabad,2022-06-28,44.8,29.3,3.1,899.7,1000.3,0.0,29.3,53.1,38.2,50.1,0.0,28.0,6.0,179.0,4.0,47.3,43.2,42.2,40.9,37.7,37.7,39.2,9800.0,8.4,18.0,10.2,98.0,480.0,False
hyderabad,2023-03-01,25.5,60.6,4.4,705.8,1001.8,0.1,60.6,25.7,24.9,31.4,0.0,1.0,3.0,60.0,0.0,44.8,47.3,43.2,38.2,40.9,37.7,0.0,9800.0,8.4,18.0,10.2,7.2,36.8,False
hyderabad,2023-03-02,25.7,60.4,3.6,799.1,1000.7,0.2,60.4,25.9,25.5,32.1,0.0,2.0,3.0,61.0,0.0,25.5,44.8,47.3,24.9,38.2,40.9,0.0,9800.0,8.4,18.0,10.2,7.6,33.9,False
hyderabad,2023-03-03,25.5,62.0,1.4,834.6,1003.6,0.2,62.0,25.7,25.8,33.2,0.0,3.0,3.0,62.0,0.0,25.7,25.5,44.8,25.5,24.9,38.2,0.0,9800.0,8.4,18.0,10.2,10.2,37.3,False
hyderabad,2023-03-04,26.6,62.9,3.8,766.4,1000.5,0.6,62.9,27.8,26.5,33.6,0.0,4.0,3.0,63.0,0.0,25.5,25.7,25.5,25.8,25.5,24.9,0.0,9800.0,8.4,18.0,10.2,9.4,44.5,False
hyderabad,2023-03-05,25.7,62.8,2.4,801.1,1003.5,0.4,62.8,26.0,25.9,33.1,0.0,5.0,3.0,64.0,0.0,26.6,25.5,25.7,26.5,25.8,25.5,0.0,9800.0,8.4,18.0,10.2,8.9,48.1,False
hyderabad,2023-03-06,25.9,58.1,1.8,806.0,1001.0,1.4,58.1,26.1,25.6,32.9,0.0,6.0,3.0,65.0,0.0,25.7,26.6,25.5,25.9,26.5,25.8,0.0,9800.0,8.4,18.0,10.2,8.7,41.8,False
hyderabad,2023-03-07,26.6,57.4,3.6,810.1,1002.3,0.6,57.4,27.4,26.1,32.9,0.0,7.0,3.0,66.0,0.0,25.9,25.7,26.6,25.6,25.9,26.5,0.0,9800.0,8.4,18.0,10.2,7.7,41.7,False
hyderabad,2023-03-08,26.4,53.1,3.4,695.6,1003.7,0.1,53.1,26.5,24.9,32.0,0.0,8.0,3.0,67.0,0.0,26.6,25.9,25.7,26.1,25.6,25.9,0.0,9800.0,8.4,18.0,10.2,5.8,32.8,False
hyderabad,2023-03-09,26.7,59.9,2.1,819.7,1001.9,0.1,59.9,27.7,26.6,34.2,0.0,9.0,3.0,68.0,0.0,26.4,26.6,25.9,24.9,26.1,25.6,0.0,9800.0,8.4,18.0,10.2,8.6,43.0,False
hyderabad,2023-03-10,26.7,59.5,3.4,744.9,998.4,0.5,59.5,27.7,26.1,33.5,0.0,10.0,3.0,69.0,0.0,26.7,26.4,26.6,26.6,24.9,26.1,0.0,9800.0,8.4,18.0,10.2,8.8,40.7,False
hyderabad,2023-03-11,27.3,57.1,2.7,734.1,1003.4,0.3,57.1,28.2,26.4,34.3,0.0,11.0,3.0,70.0,0.0,26.7,26.7,26.4,26.1,26.6,24.9,0.0,9800.0,8.4,18.0,10.2,7.1,40.3,False
hyderabad,2023-03-12,26.4,63.1,3.5,765.8,997.7,0.0,63.1,27.5,26.3,33.6,0.0,12.0,3.0,71.0,0.0,27.3,26.7,26.7,26.4,26.1,26.6,0.0,9800.0,8.4,18.0,10.2,7.6,33.0,False
hyderabad,2023-03-13,26.2,65.8,3.3,781.6,1003.6,1.0,65.8,26.6,26.5,33.8,0.0,13.0,3.0,72.0,0.0,26.4,27.3,26.7,26.3,26.4,26.1,0.0,9800.0,8.4,18.0,10.2,6.5,32.8,False
hyderabad,2023-03-14,25.1,59.6,1.3,874.8,999.3,1.1,59.6,25.2,25.4,32.3,0.0,14.0,3.0,73.0,0.0,26.2,26.4,27.3,26.5,26.3,26.4,0.0,9800.0,8.4,18.0,10.2,9.4,43.9,False
hyderabad,2023-03-15,25.6,61.6,3.2,761.8,1002.9,0.2,61.6,25.8,25.4,32.3,0.0,15.0,3.0,74.0,0.0,25.1,26.2,26.4,25.4,26.5,26.3,0.0,9800.0,8.4,18.0,10.2,6.5,36.0,False
hyderabad,2023-03-16,25.8,60.0,3.4,815.9,1001.7,0.8,60.0,26.0,25.7,32.3,0.0,16.0,3.0,75.0,0.0,25.6,25.1,26.2,25.4,25.4,26.5,0.0,9800.0,8.4,18.0,10.2,9.0,40.6,False
hyderabad,2023-03-17,28.1,57.9,1.6,775.9,1000.6,0.4,57.9,29.4,27.5,36.3,0.0,17.0,3.0,76.0,0.0,25.8,25.6,25.1,25.7,25.4,25.4,0.0,9800.0,8.4,18.0,10.2,12.2,46.3,False
hyderabad,2023-03-18,24.4,74.4,4.2,785.5,1002.0,0.2,74.4,24.8,25.6,31.9,0.0,18.0,3.0,77.0,0.0,28.1,25.8,25.6,27.5,25.7,25.4,0.0,9800.0,8.4,18.0,10.2,11.4,56.1,False
hyderabad,2023-03-19,27.6,65.8,1.8,687.1,1002.4,0.1,65.8,29.5,27.4,36.9,0.0,19.0,3.0,78.0,0.0,24.4,28.1,25.8,25.6,27.5,25.7,0.0,9800.0,8.4,18.0,10.2,7.7,39.8,False
hyderabad,2023-03-20,25.9,61.0,2.4,772.5,1002.4,0.0,61.0,26.1,25.7,33.1,0.0,20.0,3.0,79.0,0.0,27.6,24.4,28.1,27.4,25.6,27.5,0.0,9800.0,8.4,18.0,10.2,8.0,31.4,False
hyderabad,2023-03-21,26.5,54.9,3.0,705.3,1003.0,0.6,54.9,26.6,25.2,32.6,0.0,21.0,3.0,80.0,0.0,25.9,27.6,24.4,25.7,27.4,25.6,0.0,9800.0,8.4,18.0,10.2,7.4,40.1,False
hyderabad,2023-03-22,25.9,59.9,2.1,764.2,1000.1,0.5,59.9,26.1,25.6,33.1,0.0,22.0,3.0,81.0,0.0,26.5,25.9,27.6,25.2,25.7,27.4,0.0,9800.0,8.4,18.0,10.2,6.1,35.4,False
hyderabad,2023-03-23,26.7,60.6,2.8,789.5,1002.1,0.3,60.6,27.7,26.5,34.0,0.0,23.0,3.0,82.0,0.0,25.9,26.5,25.9,25.6,25.2,25.7,0.0,9800.0,8.4,18.0,10.2,8.2,41.8,False
hyderabad,2023-03-24,24.0,60.2,3.6,814.3,995.1,0.5,60.2,24.0,24.0,29.7,0.0,24.0,3.0,83.0,0.0,26.7,25.9,26.5,26.5,25.6,25.2,0.0,9800.0,8.4,18.0,10.2,7.2,29.9,False
hyderabad,2023-03-25,28.9,56.0,3.1,832.8,999.9,0.1,56.0,30.3,28.2,36.2,0.0,25.0,3.0,84.0,0.0,24.0,26.7,25.9,24.0,26.5,25.6,0.0,9800.0,8.4,18.0,10.2,10.2,50.5,False
hyderabad,2023-03-26,25.1,64.0,2.9,768.7,1002.2,0.5,64.0,25.3,25.2,32.1,0.0,26.0,3.0,85.0,0.0,28.9,24.0,26.7,28.2,24.0,26.5,0.0,9800.0,8.4,18.0,10.2,7.2,36.5,False
hyderabad,2023-03-27,26.2,62.4,3.4,860.6,1000.0,0.8,62.4,26.5,26.5,33.2,0.0,27.0,3.0,86.0,0.0,25.1,28.9,24.0,25.2,28.2,24.0,0.0,9800.0,8.4,18.0,10.2,8.5,46.7,False
hyderabad,2023-03-28,28.3,64.0,2.1,835.9,1003.4,0.8,64.0,30.4,28.6,37.4,0.0,28.0,3.0,87.0,0.0,26.2,25.1,28.9,26.5,25.2,28.2,0.0,9800.0,8.4,18.0,10.2,9.8,58.8,False
hyderabad,2023-03-29,25.5,63.4,2.4,794.6,1003.0,0.4,63.4,25.8,25.7,32.9,0.0,29.0,3.0,88.0,0.0,28.3,26.2,25.1,28.6,26.5,25.2,0.0,9800.0,8.4,18.0,10.2,7.4,38.8,False
hyderabad,2023-03-30,27.0,58.7,1.0,832.5,1000.2,0.0,58.7,28.0,26.9,35.1,0.0,30.0,3.0,89.0,0.0,25.5,28.3,26.2,25.7,28.6,26.5,0.0,9800.0,8.4,18.0,10.2,9.3,48.0,False
hyderabad,2023-03-31,26.7,60.1,1.6,799.9,1006.4,1.8,60.1,27.7,26.5,34.6,0.0,31.0,3.0,90.0,0.0,27.0,25.5,28.3,26.9,25.7,28.6,0.0,9800.0,8.4,18.0,10.2,10.8,44.6,False
hyderabad,2023-04-01,28.3,55.5,2.2,841.6,1002.6,0.5,55.5,29.4,27.7,35.7,0.0,1.0,4.0,91.0,0.0,26.7,27.0,25.5,26.5,26.9,25.7,0.0,9800.0,8.4,18.0,10.2,8.5,43.3,False
hyderabad,2023-04-02,25.8,64.3,1.6,782.4,1002.3,0.1,64.3,26.1,26.1,33.9,0.0,2.0,4.0,92.0,0.0,28.3,26.7,27.0,27.7,26.5,26.9,0.0,9800.0,8.4,18.0,10.2,9.6,46.1,False
hyderabad,2023-04-03,27.8,53.2,1.8,886.5,999.0,1.0,53.2,28.5,27.2,34.8,0.0,3.0,4.0,93.0,0.0,25.8,28.3,26.7,26.1,27.7,26.5,0.0,9800.0,8.4,18.0,10.2,8.9,39.5,False
hyderabad,2023-04-04,26.5,60.5,2.6,799.3,999.7,0.6,60.5,27.5,26.3,33.8,0.0,4.0,4.0,94.0,0.0,27.8,25.8,28.3,27.2,26.1,27.7,0.0,9800.0,8.4,18.0,10.2,10.6,61.4,False
hyderabad,2023-04-05,28.4,64.2,3.3,776.2,998.6,0.3,64.2,30.6,28.4,36.9,0.0,5.0,4.0,95.0,0.0,26.5,27.8,25.8,26.3,27.2,26.1,0.0,9800.0,8.4,18.0,10.2,12.5,63.8,False
hyderabad,2023-04-06,26.8,58.1,1.9,775.3,999.8,0.6,58.1,27.7,26.3,34.2,0.0,6.0,4.0,96.0,0.0,28.4,26.5,27.8,28.4,26.3,27.2,0.0,9800.0,8.4,18.0,10.2,10.6,55.1,False
hyderabad,2023-04-07,27.7,58.5,3.4,823.1,1003.1,0.1,58.5,28.9,27.3,34.7,0.0,7.0,4.0,97.0,0.0,26.8,28.4,26.5,26.3,28.4,26.3,0.0,9800.0,8.4,18.0,10.2,9.2,43.9,False
hyderabad,2023-04-08,28.1,55.4,1.4,735.8,997.0,0.3,55.4,29.1,27.0,35.9,0.0,8.0,4.0,98.0,0.0,27.7,26.8,28.4,27.3,26.3,28.4,0.0,9800.0,8.4,18.0,10.2,9.0,35.9,False
hyderabad,2023-04-09,27.0,59.9,1.7,866.7,997.5,0.2,59.9,28.1,27.1,34.9,0.0,9.0,4.0,99.0,0.0,28.1,27.7,26.8,27.0,27.3,26.3,0.0,9800.0,8.4,18.0,10.2,7.1,37.3,False
hyderabad,2023-04-10,28.2,58.7,2.5,795.3,1000.7,0.6,58.7,29.6,27.7,36.0,0.0,10.0,4.0,100.0,0.0,27.0,28.1,27.7,27.1,27.0,27.3,0.0,9800.0,8.4,18.0,10.2,8.7,45.5,False
hyderabad,2023-04-11,27.4,60.5,3.7,802.6,1001.1,0.1,60.5,28.6,27.1,34.5,0.0,11.0,4.0,101.0,0.0,28.2,27.0,28.1,27.7,27.1,27.0,0.0,9800.0,8.4,18.0,10.2,8.5,47.6,False
hyderabad,2023-04-12,31.2,57.1,1.6,781.6,1004.5,0.1,57.1,34.5,30.3,41.0,0.0,12.0,4.0,102.0,0.0,27.4,28.2,27.0,27.1,27.7,27.1,0.0,9800.0,8.4,18.0,10.2,20.4,144.8,False
hyderabad,2023-04-13,29.2,52.8,3.1,850.7,996.4,2.0,52.8,30.3,28.2,36.0,0.0,13.0,4.0,103.0,0.0,31.2,27.4,28.2,30.3,27.1,27.7,0.0,9800.0,8.4,18.0,10.2,10.4,56.4,False
hyderabad,2023-04-14,28.4,55.2,2.4,795.8,999.5,0.6,55.2,29.5,27.5,35.7,0.0,14.0,4.0,104.0,0.0,29.2,31.2,27.4,28.2,30.3,27.1,0.0,9800.0,8.4,18.0,10.2,8.1,39.8,False
hyderabad,2023-04-15,28.5,61.9,1.9,812.8,999.0,0.0,61.9,30.5,28.5,37.5,0.0,15.0,4.0,105.0,0.0,28.4,29.2,31.2,27.5,28.2,30.3,0.0,9800.0,8.4,18.0,10.2,10.9,63.6,False
hyderabad,2023-04-16,33.7,54.7,2.7,773.2,999.2,0.4,54.7,39.3,32.2,43.7,0.0,16.0,4.0,106.0,0.0,28.5,28.4,29.2,28.5,27.5,28.2,0.0,9800.0,8.4,18.0,10.2,29.6,197.8,False
hyderabad,2023-04-17,33.1,48.8,2.7,824.2,996.3,0.1,48.8,36.1,31.1,41.0,0.0,17.0,4.0,107.0,0.0,33.7,28.5,28.4,32.2,28.5,27.5,0.0,9800.0,8.4,18.0,10.2,23.8,161.3,False
hyderabad,2023-04-18,33.0,58.3,3.2,844.2,999.1,2.1,58.3,38.9,32.3,43.1,0.0,18.0,4.0,108.0,0.0,33.1,33.7,28.5,31.1,32.2,28.5,0.0,9800.0,8.4,18.0,10.2,34.2,216.4,False
hyderabad,2023-04-19,32.9,43.2,2.9,977.7,999.9,0.1,43.2,34.3,30.9,39.0,0.0,19.0,4.0,109.0,0.0,33.0,33.1,33.7,32.3,31.1,32.2,0.0,9800.0,8.4,18.0,10.2,26.3,166.7,False
hyderabad,2023-04-20,32.1,46.1,3.1,805.0,1000.8,0.1,46.1,33.6,29.7,38.5,0.0,20.0,4.0,110.0,0.0,32.9,33.0,33.1,30.9,32.3,31.1,0.0,9800.0,8.4,18.0,10.2,18.0,111.6,False
hyderabad,2023-04-21,31.4,52.6,2.7,830.6,995.6,0.2,52.6,33.9,30.1,39.4,0.0,21.0,4.0,111.0,0.0,32.1,32.9,33.0,29.7,30.9,32.3,0.0,9800.0,8.4,18.0,10.2,21.9,136.7,False
hyderabad,2023-04-22,32.5,48.3,3.3,830.7,1002.5,0.1,48.3,34.9,30.5,39.6,0.0,22.0,4.0,112.0,0.0,31.4,32.1,32.9,30.1,29.7,30.9,0.0,9800.0,8.4,18.0,10.2,20.3,131.7,False
hyderabad,2023-04-23,30.5,50.0,1.8,843.9,1005.1,0.3,50.0,31.8,29.1,38.0,0.0,23.0,4.0,113.0,0.0,32.5,31.4,32.1,30.5,30.1,29.7,0.0,9800.0,8.4,18.0,10.2,11.6,78.9,False
hyderabad,2023-04-24,31.5,61.2,3.3,814.8,997.9,0.9,61.2,36.3,31.1,41.2,0.0,24.0,4.0,114.0,0.0,30.5,32.5,31.4,29.1,30.5,30.1,0.0,9800.0,8.4,18.0,10.2,27.3,172.9,False
hyderabad,2023-04-25,31.8,57.1,1.8,852.2,1000.5,1.5,57.1,35.8,31.2,41.8,0.0,25.0,4.0,115.0,0.0,31.5,30.5,32.5,31.1,29.1,30.5,0.0,9800.0,8.4,18.0,10.2,26.3,171.4,False
hyderabad,2023-04-26,29.8,55.3,1.9,804.3,998.5,1.2,55.3,31.6,28.9,38.1,0.0,26.0,4.0,116.0,0.0,31.8,31.5,30.5,31.2,31.1,29.1,0.0,9800.0,8.4,18.0,10.2,12.8,86.6,False
hyderabad,2023-04-27,30.1,58.6,2.7,897.5,999.3,0.8,58.6,32.7,29.9,38.8,0.0,27.0,4.0,117.0,0.0,29.8,31.8,31.5,28.9,31.2,31.1,0.0,9800.0,8.4,18.0,10.2,18.0,126.9,False
hyderabad,2023-04-28,28.7,50.3,3.2,840.9,998.5,0.4,50.3,29.3,27.4,34.7,0.0,28.0,4.0,118.0,0.0,30.1,29.8,31.8,29.9,28.9,31.2,0.0,9800.0,8.4,18.0,10.2,7.2,42.9,False
hyderabad,2023-04-29,30.3,48.8,2.7,941.2,998.1,0.9,48.8,31.3,29.2,36.9,0.0,29.0,4.0,119.0,0.0,28.7,30.1,29.8,27.4,29.9,28.9,0.0,9800.0,8.4,18.0,10.2,14.8,91.9,False
hyderabad,2023-04-30,28.0,58.1,2.4,820.4,1001.4,0.4,58.1,29.2,27.6,35.7,0.0,30.0,4.0,120.0,0.0,30.3,28.7,30.1,29.2,27.4,29.9,0.0,9800.0,8.4,18.0,10.2,5.9,29.9,False
hyderabad,2023-05-01,30.5,54.8,0.9,931.2,998.0,0.2,54.8,32.7,30.2,39.8,0.0,1.0,5.0,121.0,0.0,28.0,30.3,28.7,27.6,29.2,27.4,0.0,9800.0,8.4,18.0,10.2,17.0,117.8,False
hyderabad,2023-05-02,28.5,56.4,2.5,911.5,997.5,1.5,56.4,29.8,28.3,36.0,0.0,2.0,5.0,122.0,0.0,30.5,28.0,30.3,30.2,27.6,29.2,0.0,9800.0,8.4,18.0,10.2,8.8,52.8,False
hyderabad,2023-05-03,27.0,53.8,1.5,873.6,999.1,1.9,53.8,27.7,26.5,33.9,0.0,3.0,5.0,123.0,0.0,28.5,30.5,28.0,28.3,30.2,27.6,0.0,9800.0,8.4,18.0,10.2,9.6,50.9,False
hyderabad,2023-05-04,28.9,58.2,2.5,913.9,1000.2,0.4,58.2,30.6,28.9,37.0,0.0,4.0,5.0,124.0,0.0,27.0,28.5,30.5,26.5,28.3,30.2,0.0,9800.0,8.4,18.0,10.2,16.4,87.8,False
hyderabad,2023-05-05,28.2,56.8,1.4,857.9,995.8,1.2,56.8,29.4,27.9,36.3,0.0,5.0,5.0,125.0,0.0,28.9,27.0,28.5,28.9,26.5,28.3,0.0,9800.0,8.4,18.0,10.2,9.6,48.5,False
hyderabad,2023-05-06,27.1,59.7,2.9,867.0,999.0,1.2,59.7,28.2,27.1,34.3,0.0,6.0,5.0,126.0,0.0,28.2,28.9,27.0,27.9,28.9,26.5,0.0,9800.0,8.4,18.0,10.2,6.9,26.4,False
hyderabad,2023-05-07,27.3,57.0,2.6,863.7,994.7,0.2,57.0,28.2,27.0,34.3,0.0,7.0,5.0,127.0,0.0,27.1,28.2,28.9,27.1,27.9,28.9,0.0,9800.0,8.4,18.0,10.2,9.4,43.5,False
hyderabad,2023-05-08,29.0,56.7,2.4,901.1,997.5,0.3,56.7,30.5,28.7,36.9,0.0,8.0,5.0,128.0,0.0,27.3,27.1,28.2,27.0,27.1,27.9,0.0,9800.0,8.4,18.0,10.2,12.0,71.9,False
hyderabad,2023-05-09,29.0,53.5,2.8,859.3,996.3,1.5,53.5,30.1,28.1,36.0,0.0,9.0,5.0,129.0,0.0,29.0,27.3,27.1,28.7,27.0,27.1,0.0,9800.0,8.4,18.0,10.2,10.5,52.4,False
hyderabad,2023-05-10,29.2,52.5,3.3,881.2,1002.5,0.9,52.5,30.3,28.3,35.8,0.0,10.0,5.0,130.0,0.0,29.0,29.0,27.3,28.1,28.7,27.0,0.0,9800.0,8.4,18.0,10.2,13.3,66.4,False
hyderabad,2023-05-11,30.2,55.3,2.7,881.5,998.2,0.6,55.3,32.3,29.6,38.2,0.0,11.0,5.0,131.0,0.0,29.2,29.0,29.0,28.3,28.1,28.7,0.0,9800.0,8.4,18.0,10.2,19.4,110.0,False
hyderabad,2023-05-12,29.3,55.1,3.2,897.7,996.6,1.6,55.1,30.8,28.8,36.5,0.0,12.0,5.0,132.0,0.0,30.2,29.2,29.0,29.6,28.3,28.1,0.0,9800.0,8.4,18.0,10.2,13.6,85.8,False
hyderabad,2023-05-13,29.7,54.9,3.6,909.0,999.3,0.3,54.9,31.4,29.2,36.8,0.0,13.0,5.0,133.0,0.0,29.3,30.2,29.2,28.8,29.6,28.3,0.0,9800.0,8.4,18.0,10.2,14.5,95.9,False
hyderabad,2023-05-14,32.3,42.1,3.4,919.0,1000.2,1.2,42.1,33.1,29.9,37.6,0.0,14.0,5.0,134.0,0.0,29.7,29.3,30.2,29.2,28.8,29.6,0.0,9800.0,8.4,18.0,10.2,15.6,109.3,False
hyderabad,2023-05-15,31.6,51.2,2.4,930.0,997.2,0.8,51.2,33.9,30.6,39.6,0.0,15.0,5.0,135.0,0.0,32.3,29.7,29.3,29.9,29.2,28.8,0.0,9800.0,8.4,18.0,10.2,17.3,123.3,False
hyderabad,2023-05-16,32.0,53.6,2.3,877.4,994.0,0.6,53.6,35.3,31.0,40.9,0.0,16.0,5.0,136.0,0.0,31.6,32.3,29.7,30.6,29.9,29.2,0.0,9800.0,8.4,18.0,10.2,24.1,152.5,False
hyderabad,2023-05-17,35.8,43.8,2.7,893.1,996.6,0.7,43.8,40.1,33.1,43.6,0.0,17.0,5.0,137.0,0.0,32.0,31.6,32.3,31.0,30.6,29.9,0.0,9800.0,8.4,18.0,10.2,35.9,233.4,False
hyderabad,2023-05-18,36.0,43.6,2.8,883.4,1001.2,0.7,43.6,40.5,33.2,43.8,0.0,18.0,5.0,138.0,0.0,35.8,32.0,31.6,33.1,31.0,30.6,0.0,9800.0,8.4,18.0,10.2,36.5,254.9,False
hyderabad,2023-05-19,35.8,44.0,2.2,913.7,997.8,0.3,44.0,40.2,33.3,44.1,0.0,19.0,5.0,139.0,0.0,36.0,35.8,32.0,33.2,33.1,31.0,0.0,9800.0,8.4,18.0,10.2,39.2,266.7,False
hyderabad,2023-05-20,36.2,41.8,2.2,824.3,997.6,0.2,41.8,40.2,32.9,43.9,0.0,20.0,5.0,140.0,0.0,35.8,36.0,35.8,33.3,33.2,33.1,0.0,9800.0,8.4,18.0,10.2,34.5,226.7,False
hyderabad,2023-05-21,37.3,46.9,1.9,881.5,998.3,0.6,46.9,45.0,34.9,47.9,0.0,21.0,5.0,141.0,0.0,36.2,35.8,36.0,32.9,33.3,33.2,0.0,9800.0,8.4,18.0,10.2,46.3,316.3,False
hyderabad,2023-05-22,38.7,44.3,2.6,858.9,994.2,0.0,44.3,47.3,35.6,48.7,0.0,22.0,5.0,142.0,0.0,37.3,36.2,35.8,34.9,32.9,33.3,0.0,9800.0,8.4,18.0,10.2,52.9,367.1,False
hyderabad,2023-05-23,36.5,40.3,2.7,905.3,995.9,0.2,40.3,40.3,33.3,43.5,0.0,23.0,5.0,143.0,0.0,38.7,37.3,36.2,35.6,34.9,32.9,0.0,9800.0,8.4,18.0,10.2,34.2,237.1,False
hyderabad,2023-05-24,38.0,51.6,2.4,905.8,996.0,0.4,51.6,49.5,36.3,50.7,0.0,24.0,5.0,144.0,0.0,36.5,38.7,37.3,33.3,35.6,34.9,0.0,9800.0,8.4,18.0,10.2,55.0,366.5,False
hyderabad,2023-05-25,39.2,34.1,2.3,942.2,999.2,0.0,34.1,43.4,34.7,45.2,0.0,25.0,5.0,145.0,0.0,38.0,36.5,38.7,36.3,33.3,35.6,0.0,9800.0,8.4,18.0,10.2,48.5,329.7,False
hyderabad,2023-05-26,39.2,46.6,2.0,853.2,996.7,0.0,46.6,50.0,36.4,51.2,0.0,26.0,5.0,146.0,0.0,39.2,38.0,36.5,34.7,36.3,33.3,0.0,9800.0,8.4,18.0,10.2,59.7,418.1,False
hyderabad,2023-05-27,37.5,37.8,4.4,886.1,998.2,0.7,37.8,41.4,33.6,42.7,0.0,27.0,5.0,147.0,0.0,39.2,39.2,38.0,36.4,34.7,36.3,0.0,9800.0,8.4,18.0,10.2,39.4,260.7,False
hyderabad,2023-05-28,38.5,46.6,3.1,925.1,998.4,0.0,46.6,48.1,36.1,48.8,0.0,28.0,5.0,148.0,0.0,37.5,39.2,39.2,33.6,36.4,34.7,0.0,9800.0,8.4,18.0,10.2,53.4,374.2,False
hyderabad,2023-05-29,39.2,40.2,2.3,874.8,997.0,0.0,40.2,46.4,35.5,48.0,0.0,29.0,5.0,149.0,0.0,38.5,37.5,39.2,36.1,33.6,36.4,0.0,9800.0,8.4,18.0,10.2,52.7,368.9,False
hyderabad,2023-05-30,37.8,37.4,4.6,848.1,997.2,0.0,37.4,41.9,33.6,42.8,0.0,30.0,5.0,150.0,0.0,39.2,38.5,37.5,35.5,36.1,33.6,0.0,9800.0,8.4,18.0,10.2,38.9,263.7,False
hyderabad,2023-05-31,37.1,32.8,1.9,937.5,999.3,0.5,32.8,38.8,32.7,42.1,0.0,31.0,5.0,151.0,0.0,37.8,39.2,38.5,33.6,35.5,36.1,0.0,9800.0,8.4,18.0,10.2,33.7,231.0,False
hyderabad,2023-06-01,36.9,49.4,2.1,938.5,999.4,0.1,49.4,45.2,35.2,48.0,0.0,1.0,6.0,152.0,0.0,37.1,37.8,39.2,32.7,33.6,35.5,0.0,9800.0,8.4,18.0,10.2,45.9,317.8,False
hyderabad,2023-06-02,35.9,49.0,2.8,953.1,998.4,0.4,49.0,42.4,34.3,45.5,0.0,2.0,6.0,153.0,0.0,36.9,37.1,37.8,35.2,32.7,33.6,0.0,9800.0,8.4,18.0,10.2,39.8,284.6,False
hyderabad,2023-06-03,36.3,39.5,1.6,984.9,998.6,0.7,39.5,39.6,33.4,43.7,0.0,3.0,6.0,154.0,0.0,35.9,36.9,37.1,34.3,35.2,32.7,0.0,9800.0,8.4,18.0,10.2,38.9,265.0,False
hyderabad,2023-06-04,36.4,50.9,2.8,994.0,994.0,0.0,50.9,44.6,35.2,47.1,0.0,4.0,6.0,155.0,0.0,36.3,35.9,36.9,33.4,34.3,35.2,0.0,9800.0,8.4,18.0,10.2,48.2,333.5,False
hyderabad,2023-06-05,35.3,51.1,2.8,828.1,1000.9,0.3,51.1,41.9,33.4,45.2,0.0,5.0,6.0,156.0,0.0,36.4,36.3,35.9,35.2,33.4,34.3,0.0,9800.0,8.4,18.0,10.2,36.3,254.9,False
hyderabad,2023-06-06,35.6,44.3,1.7,937.8,997.0,0.2,44.3,39.9,33.3,44.3,0.0,6.0,6.0,157.0,0.0,35.3,36.4,36.3,33.4,35.2,33.4,0.0,9800.0,8.4,18.0,10.2,39.5,254.5,False
hyderabad,2023-06-07,35.4,46.5,2.5,961.9,996.1,0.6,46.5,40.2,33.5,44.1,0.0,7.0,6.0,158.0,0.0,35.6,35.3,36.4,33.3,33.4,35.2,0.0,9800.0,8.4,18.0,10.2,38.5,256.2,False
hyderabad,2023-06-08,35.8,53.8,1.8,910.9,996.2,0.8,53.8,44.4,34.7,47.9,0.0,8.0,6.0,159.0,0.0,35.4,35.6,35.3,33.5,33.3,33.4,0.0,9800.0,8.4,18.0,10.2,47.1,307.8,False
hyderabad,2023-06-09,33.9,43.7,2.6,954.2,996.7,0.5,43.7,36.2,31.8,40.8,0.0,9.0,6.0,160.0,0.0,35.8,35.4,35.6,34.7,33.5,33.3,0.0,9800.0,8.4,18.0,10.2,28.2,188.0,False
hyderabad,2023-06-10,34.1,38.2,1.6,877.7,998.8,0.1,38.2,35.1,30.8,40.1,0.0,10.0,6.0,161.0,0.0,33.9,35.8,35.4,31.8,34.7,33.5,0.0,9800.0,8.4,18.0,10.2,22.2,142.8,False
hyderabad,2023-06-11,33.4,59.6,1.6,845.4,997.5,0.1,59.6,40.4,32.9,45.5,0.0,11.0,6.0,162.0,0.0,34.1,33.9,35.8,30.8,31.8,34.7,0.0,9800.0,8.4,18.0,10.2,34.9,238.7,False
hyderabad,2023-06-12,35.1,50.5,3.4,983.7,992.6,0.1,50.5,41.1,33.9,44.2,0.0,12.0,6.0,163.0,0.0,33.4,34.1,33.9,32.9,30.8,31.8,0.0,9800.0,8.4,18.0,10.2,41.5,283.7,False
hyderabad,2023-06-13,34.1,43.9,3.7,901.1,999.9,0.8,43.9,36.7,31.6,40.4,0.0,13.0,6.0,164.0,0.0,35.1,33.4,34.1,33.9,32.9,30.8,0.0,9800.0,8.4,18.0,10.2,28.4,186.9,False
hyderabad,2023-06-14,33.5,48.0,3.2,991.4,996.1,0.0,48.0,36.7,32.2,41.0,0.0,14.0,6.0,165.0,0.0,34.1,35.1,33.4,31.6,33.9,32.9,0.0,9800.0,8.4,18.0,10.2,30.5,210.1,False
hyderabad,2023-06-15,34.1,51.6,2.5,963.9,992.0,0.6,51.6,39.2,33.1,43.6,0.0,15.0,6.0,166.0,0.0,33.5,34.1,35.1,32.2,31.6,33.9,0.0,9800.0,8.4,18.0,10.2,34.0,231.3,False
hyderabad,2023-06-16,35.5,46.0,3.3,931.1,995.1,0.5,46.0,40.3,33.4,43.4,0.0,16.0,6.0,167.0,0.0,34.1,33.5,34.1,33.1,32.2,31.6,0.0,9800.0,8.4,18.0,10.2,39.0,257.4,False
hyderabad,2023-06-17,37.4,49.2,2.9,925.7,997.7,0.2,49.2,46.5,35.5,48.1,0.0,17.0,6.0,168.0,0.0,35.5,34.1,33.5,33.4,33.1,32.2,0.0,9800.0,8.4,18.0,10.2,46.9,321.5,False
hyderabad,2023-06-18,36.1,52.1,3.2,904.4,995.5,1.6,52.1,44.4,34.6,46.6,0.0,18.0,6.0,169.0,0.0,37.4,35.5,34.1,35.5,33.4,33.1,0.0,9800.0,8.4,18.0,10.2,41.7,301.5,False
hyderabad,2023-06-19,37.8,49.0,1.9,900.5,998.6,0.0,49.0,47.5,35.8,49.7,0.0,19.0,6.0,170.0,0.0,36.1,37.4,35.5,34.6,35.5,33.4,0.0,9800.0,8.4,18.0,10.2,50.5,351.5,False
hyderabad,2023-06-20,38.3,43.8,1.8,959.3,993.8,0.0,43.8,46.0,35.7,48.5,0.0,20.0,6.0,171.0,0.0,37.8,36.1,37.4,35.8,34.6,35.5,0.0,9800.0,8.4,18.0,10.2,50.3,350.3,False
hyderabad,2023-06-21,41.1,41.5,3.4,1007.5,1003.6,0.0,41.5,52.2,38.0,50.8,0.0,21.0,6.0,172.0,1.0,38.3,37.8,36.1,35.7,35.8,34.6,6.1,9800.0,8.4,18.0,10.2,77.1,480.0,False
hyderabad,2023-06-22,41.3,42.0,3.9,917.4,995.4,0.0,42.0,53.1,37.8,51.0,0.0,22.0,6.0,173.0,2.0,41.1,38.3,37.8,38.0,35.7,35.8,12.6,9800.0,8.4,18.0,10.2,79.4,480.0,False
hyderabad,2023-06-23,41.5,44.0,2.1,924.8,996.6,0.0,44.0,55.1,38.4,54.3,0.0,23.0,6.0,174.0,3.0,41.3,41.1,38.3,37.8,38.0,35.7,19.5,9800.0,8.4,18.0,10.2,84.8,480.0,False
hyderabad,2023-06-24,41.5,40.5,3.7,883.9,993.9,0.0,40.5,52.6,37.5,50.7,0.0,24.0,6.0,175.0,4.0,41.5,41.3,41.1,38.4,37.8,38.0,26.0,9800.0,8.4,18.0,10.2,82.4,480.0,False
hyderabad,2023-06-25,42.5,29.3,3.6,904.9,999.5,0.0,29.3,47.9,36.3,46.3,0.0,25.0,6.0,176.0,5.0,41.5,41.5,41.3,37.5,38.4,37.8,37.5,9800.0,8.4,18.0,10.2,83.5,480.0,False
hyderabad,2023-06-26,42.6,35.3,2.4,962.3,994.6,0.0,35.3,52.0,37.9,51.1,0.0,26.0,6.0,177.0,6.0,42.5,41.5,41.5,36.3,37.5,38.4,45.6,9800.0,8.4,18.0,10.2,94.8,480.0,False
hyderabad,2023-06-27,44.1,31.0,2.4,905.8,996.2,0.0,31.0,52.7,38.0,50.9,0.0,27.0,6.0,178.0,7.0,42.6,42.5,41.5,37.9,36.3,37.5,63.7,9800.0,8.4,18.0,10.2,98.0,480.0,False
hyderabad,2023-06-28,46.9,29.1,3.3,959.8,995.6,0.0,29.1,58.2,40.2,53.1,0.0,28.0,6.0,179.0,8.0,44.1,42.6,42.5,38.0,37.9,36.3,95.2,9800.0,8.4,18.0,10.2,98.0,480.0,False
hyderabad,2024-03-01,26.3,56.7,1.3,782.7,1003.8,1.3,56.7,26.5,25.7,33.6,0.0,1.0,3.0,61.0,0.0,46.9,44.1,42.6,40.2,38.0,37.9,0.0,9800.0,8.4,18.0,10.2,9.2,52.4,False
hyderabad,2024-03-02,26.4,57.1,3.2,740.6,998.1,0.0,57.1,26.6,25.6,32.7,0.0,2.0,3.0,62.0,0.0,26.3,46.9,44.1,25.7,40.2,38.0,0.0,9800.0,8.4,18.0,10.2,7.7,30.6,False
hyderabad,2024-03-03,27.7,57.4,2.6,815.6,997.2,0.1,57.4,28.8,27.2,35.0,0.0,3.0,3.0,63.0,0.0,26.4,26.3,46.9,25.6,25.7,40.2,0.0,9800.0,8.4,18.0,10.2,7.3,40.4,False
hyderabad,2024-03-04,25.6,67.4,2.4,708.9,1003.1,0.4,67.4,26.0,25.8,33.7,0.0,4.0,3.0,64.0,0.0,27.7,26.4,26.3,27.2,25.6,25.7,0.0,9800.0,8.4,18.0,10.2,4.9,22.2,False
hyderabad,2024-03-05,26.4,60.5,2.3,738.2,1005.8,0.3,60.5,27.4,26.0,33.8,0.0,5.0,3.0,65.0,0.0,25.6,27.7,26.4,25.8,27.2,25.6,0.0,9800.0,8.4,18.0,10.2,6.8,37.9,False
hyderabad,2024-03-06,25.8,50.0,1.6,751.7,1001.9,1.1,50.0,25.7,24.4,31.6,0.0,6.0,3.0,66.0,0.0,26.4,25.6,27.7,26.0,25.8,27.2,0.0,9800.0,8.4,18.0,10.2,9.2,47.2,False
hyderabad,2024-03-07,26.1,61.7,1.9,744.7,1000.5,1.9,61.7,26.4,25.9,33.8,0.0,7.0,3.0,67.0,0.0,25.8,26.4,25.6,24.4,26.0,25.8,0.0,9800.0,8.4,18.0,10.2,9.4,41.7,False
hyderabad,2024-03-08,26.6,49.8,1.0,920.0,1000.3,0.0,49.8,26.6,26.0,32.9,0.0,8.0,3.0,68.0,0.0,26.1,25.8,26.4,25.9,24.4,26.0,0.0,9800.0,8.4,18.0,10.2,7.8,50.2,False
hyderabad,2024-03-09,26.7,62.1,1.2,745.1,1000.6,0.2,62.1,27.8,26.5,35.1,0.0,9.0,3.0,69.0,0.0,26.6,26.1,25.8,26.0,25.9,24.4,0.0,9800.0,8.4,18.0,10.2,6.9,46.3,False
hyderabad,2024-03-10,25.2,66.2,2.2,792.0,1001.5,0.4,66.2,25.5,25.7,33.0,0.0,10.0,3.0,70.0,0.0,26.7,26.6,26.1,26.5,26.0,25.9,0.0,9800.0,8.4,18.0,10.2,6.8,33.6,False
hyderabad,2024-03-11,26.5,67.8,3.6,795.8,1001.8,0.2,67.8,27.9,27.0,34.4,0.0,11.0,3.0,71.0,0.0,25.2,26.7,26.6,25.7,26.5,26.0,0.0,9800.0,8.4,18.0,10.2,10.1,60.0,False
hyderabad,2024-03-12,27.0,58.4,1.6,707.7,998.8,0.0,58.4,28.0,26.2,34.7,0.0,12.0,3.0,72.0,0.0,26.5,25.2,26.7,27.0,25.7,26.5,0.0,9800.0,8.4,18.0,10.2,7.6,38.2,False
hyderabad,2024-03-13,27.1,58.3,2.2,702.5,1003.4,0.0,58.3,28.1,26.2,34.5,0.0,13.0,3.0,73.0,0.0,27.0,26.5,25.2,26.2,27.0,25.7,0.0,9800.0,8.4,18.0,10.2,7.0,34.5,False
hyderabad,2024-03-14,25.7,61.5,2.6,750.5,1000.0,0.1,61.5,25.9,25.4,32.8,0.0,14.0,3.0,74.0,0.0,27.1,27.0,26.5,26.2,26.2,27.0,0.0,9800.0,8.4,18.0,10.2,8.4,40.8,False
hyderabad,2024-03-15,28.6,56.8,3.0,676.2,999.6,0.5,56.8,30.0,27.2,35.9,0.0,15.0,3.0,75.0,0.0,25.7,27.1,27.0,25.4,26.2,26.2,0.0,9800.0,8.4,18.0,10.2,6.4,37.0,False
hyderabad,2024-03-16,25.3,66.7,1.2,730.4,1001.5,0.8,66.7,25.6,25.6,33.8,0.0,16.0,3.0,76.0,0.0,28.6,25.7,27.1,27.2,25.4,26.2,0.0,9800.0,8.4,18.0,10.2,8.2,46.5,False
hyderabad,2024-03-17,26.8,62.8,1.6,752.3,1002.0,0.2,62.8,28.0,26.7,35.2,0.0,17.0,3.0,77.0,0.0,25.3,28.6,25.7,25.6,27.2,25.4,0.0,9800.0,8.4,18.0,10.2,9.9,54.2,False
hyderabad,2024-03-18,26.3,57.9,2.3,767.8,1002.7,0.2,57.9,26.5,25.7,33.2,0.0,18.0,3.0,78.0,0.0,26.8,25.3,28.6,26.7,25.6,27.2,0.0,9800.0,8.4,18.0,10.2,8.3,41.5,False
hyderabad,2024-03-19,27.1,54.4,2.2,839.8,998.7,0.6,54.4,27.8,26.4,33.8,0.0,19.0,3.0,79.0,0.0,26.3,26.8,25.3,25.7,26.7,25.6,0.0,9800.0,8.4,18.0,10.2,10.3,47.3,False
hyderabad,2024-03-20,27.0,64.2,2.2,801.3,1000.4,0.3,64.2,28.4,27.2,35.4,0.0,20.0,3.0,80.0,0.0,27.1,26.3,26.8,26.4,25.7,26.7,0.0,9800.0,8.4,18.0,10.2,10.2,43.0,False
hyderabad,2024-03-21,25.4,56.7,1.8,838.5,1002.1,0.8,56.7,25.5,25.2,32.0,0.0,21.0,3.0,81.0,0.0,27.0,27.1,26.3,27.2,26.4,25.7,0.0,9800.0,8.4,18.0,10.2,7.2,55.2,False
hyderabad,2024-03-22,26.4,60.8,4.0,799.3,998.8,1.1,60.8,27.4,26.2,32.9,0.0,22.0,3.0,82.0,0.0,25.4,27.0,27.1,25.2,27.2,26.4,0.0,9800.0,8.4,18.0,10.2,9.1,46.8,False
hyderabad,2024-03-23,25.5,58.2,2.2,839.9,999.4,0.7,58.2,25.6,25.4,32.2,0.0,23.0,3.0,83.0,0.0,26.4,25.4,27.0,26.2,25.2,27.2,0.0,9800.0,8.4,18.0,10.2,8.7,35.1,False
hyderabad,2024-03-24,27.2,66.9,2.5,713.7,1001.3,0.7,66.9,28.9,27.2,36.0,0.0,24.0,3.0,84.0,0.0,25.5,26.4,25.4,25.4,26.2,25.2,0.0,9800.0,8.4,18.0,10.2,6.4,30.5,False
hyderabad,2024-03-25,28.9,55.3,2.0,782.1,1000.2,0.6,55.3,30.2,27.9,36.7,0.0,25.0,3.0,85.0,0.0,27.2,25.5,26.4,27.2,25.4,26.2,0.0,9800.0,8.4,18.0,10.2,10.4,54.2,False
hyderabad,2024-03-26,26.5,63.0,2.5,793.1,999.1,0.7,63.0,27.6,26.6,34.2,0.0,26.0,3.0,86.0,0.0,28.9,27.2,25.5,27.9,27.2,25.4,0.0,9800.0,8.4,18.0,10.2,7.6,39.9,False
hyderabad,2024-03-27,26.9,53.0,3.7,805.6,998.4,0.4,53.0,27.5,25.9,32.5,0.0,27.0,3.0,87.0,0.0,26.5,28.9,27.2,26.6,27.9,27.2,0.0,9800.0,8.4,18.0,10.2,4.9,33.7,False
hyderabad,2024-03-28,26.9,59.1,3.4,777.6,999.6,0.1,59.1,27.9,26.4,33.7,0.0,28.0,3.0,88.0,0.0,26.9,26.5,28.9,25.9,26.6,27.9,0.0,9800.0,8.4,18.0,10.2,8.8,41.3,False
hyderabad,2024-03-29,27.7,58.8,2.4,718.0,999.0,0.7,58.8,28.9,26.9,35.3,0.0,29.0,3.0,89.0,0.0,26.9,26.9,26.5,26.4,25.9,26.6,0.0,9800.0,8.4,18.0,10.2,8.9,46.4,False
hyderabad,2024-03-30,25.1,68.5,3.7,842.8,1003.0,0.0,68.5,25.5,26.0,32.4,0.0,30.0,3.0,90.0,0.0,27.7,26.9,26.9,26.9,26.4,25.9,0.0,9800.0,8.4,18.0,10.2,11.1,49.6,False
hyderabad,2024-03-31,26.3,56.0,2.3,749.8,1003.8,0.0,56.0,26.4,25.4,32.9,0.0,31.0,3.0,91.0,0.0,25.1,27.7,26.9,26.0,26.9,26.4,0.0,9800.0,8.4,18.0,10.2,8.4,41.3,False
hyderabad,2024-04-01,28.2,56.0,1.8,849.4,999.6,0.0,56.0,29.3,27.7,35.9,0.0,1.0,4.0,92.0,0.0,26.3,25.1,27.7,25.4,26.0,26.9,0.0,9800.0,8.4,18.0,10.2,6.7,38.1,False
hyderabad,2024-04-02,28.0,60.4,1.3,803.3,998.3,0.1,60.4,29.5,27.8,36.8,0.0,2.0,4.0,93.0,0.0,28.2,26.3,25.1,27.7,25.4,26.0,0.0,9800.0,8.4,18.0,10.2,8.6,44.3,False
hyderabad,2024-04-03,28.5,57.4,2.5,693.4,1003.0,1.2,57.4,29.9,27.3,36.2,0.0,3.0,4.0,94.0,0.0,28.0,28.2,26.3,27.8,27.7,25.4,0.0,9800.0,8.4,18.0,10.2,7.6,38.6,False
hyderabad,2024-04-04,26.9,60.7,1.6,712.2,1000.7,0.1,60.7,28.0,26.4,35.0,0.0,4.0,4.0,95.0,0.0,28.5,28.0,28.2,27.3,27.8,27.7,0.0,9800.0,8.4,18.0,10.2,8.1,36.6,False
hyderabad,2024-04-05,27.4,64.9,3.1,726.4,1000.0,0.5,64.9,29.0,27.3,35.6,0.0,5.0,4.0,96.0,0.0,26.9,28.5,28.0,26.4,27.3,27.8,0.0,9800.0,8.4,18.0,10.2,6.1,35.0,False
hyderabad,2024-04-06,26.5,52.2,2.9,826.0,1001.1,0.0,52.2,26.6,25.6,32.2,0.0,6.0,4.0,97.0,0.0,27.4,26.9,28.5,27.3,26.4,27.3,0.0,9800.0,8.4,18.0,10.2,8.4,50.7,False
hyderabad,2024-04-07,27.6,53.7,2.8,747.6,997.9,0.2,53.7,28.3,26.3,34.0,0.0,7.0,4.0,98.0,0.0,26.5,27.4,26.9,25.6,27.3,26.4,0.0,9800.0,8.4,18.0,10.2,8.3,31.4,False
hyderabad,2024-04-08,28.5,59.8,1.1,764.4,1000.3,0.2,59.8,30.2,28.0,37.6,0.0,8.0,4.0,99.0,0.0,27.6,26.5,27.4,26.3,25.6,27.3,0.0,9800.0,8.4,18.0,10.2,7.8,39.8,False
hyderabad,2024-04-09,28.7,54.6,3.2,853.6,996.8,3.1,54.6,29.8,28.0,35.5,0.0,9.0,4.0,100.0,0.0,28.5,27.6,26.5,28.0,26.3,25.6,0.0,9800.0,8.4,18.0,10.2,9.1,45.1,False
hyderabad,2024-04-10,28.8,59.3,0.9,759.7,998.0,2.2,59.3,30.6,28.3,38.1,0.0,10.0,4.0,101.0,0.0,28.7,28.5,27.6,28.0,28.0,26.3,0.0,9800.0,8.4,18.0,10.2,7.9,39.5,False
hyderabad,2024-04-11,26.5,62.0,2.4,870.4,1001.6,0.7,62.0,27.6,26.9,34.1,0.0,11.0,4.0,102.0,0.0,28.8,28.7,28.5,28.3,28.0,28.0,0.0,9800.0,8.4,18.0,10.2,4.6,28.0,False
hyderabad,2024-04-12,29.8,53.5,3.4,804.7,1000.2,0.6,53.5,31.3,28.6,36.8,0.0,12.0,4.0,103.0,0.0,26.5,28.8,28.7,26.9,28.3,28.0,0.0,9800.0,8.4,18.0,10.2,9.6,59.2,False
hyderabad,2024-04-13,27.0,59.6,3.2,841.2,997.8,0.4,59.6,28.1,26.9,34.0,0.0,13.0,4.0,104.0,0.0,29.8,26.5,28.8,28.6,26.9,28.3,0.0,9800.0,8.4,18.0,10.2,7.6,31.3,False
hyderabad,2024-04-14,29.5,54.6,3.3,837.4,998.0,0.3,54.6,31.0,28.6,36.6,0.0,14.0,4.0,105.0,0.0,27.0,29.8,26.5,26.9,28.6,26.9,0.0,9800.0,8.4,18.0,10.2,11.4,62.9,False
hyderabad,2024-04-15,29.2,55.1,2.0,747.1,998.0,0.1,55.1,30.6,28.0,37.1,0.0,15.0,4.0,106.0,0.0,29.5,27.0,29.8,28.6,26.9,28.6,0.0,9800.0,8.4,18.0,10.2,9.3,40.1,False
hyderabad,2024-04-16,34.3,43.2,4.4,912.9,1000.0,0.0,43.2,36.9,31.8,40.0,0.0,16.0,4.0,107.0,0.0,29.2,29.5,27.0,28.0,28.6,26.9,0.0,9800.0,8.4,18.0,10.2,26.5,192.9,False
hyderabad,2024-04-17,31.2,50.9,1.9,799.8,995.4,0.5,50.9,33.1,29.6,39.2,0.0,17.0,4.0,108.0,0.0,34.3,29.2,29.5,31.8,28.0,28.6,0.0,9800.0,8.4,18.0,10.2,17.5,108.0,False
hyderabad,2024-04-18,33.4,51.6,3.2,843.3,1000.0,0.1,51.6,37.6,31.8,41.9,0.0,18.0,4.0,109.0,0.0,31.2,34.3,29.2,29.6,31.8,28.0,0.0,9800.0,8.4,18.0,10.2,29.0,194.6,False
hyderabad,2024-04-19,32.9,56.3,1.9,823.2,1000.8,0.0,56.3,38.0,31.9,43.4,0.0,19.0,4.0,110.0,0.0,33.4,31.2,34.3,31.8,29.6,31.8,0.0,9800.0,8.4,18.0,10.2,28.7,195.1,False
hyderabad,2024-04-20,32.6,51.8,3.3,797.9,1000.7,0.3,51.8,36.0,30.9,40.6,0.0,20.0,4.0,111.0,0.0,32.9,33.4,31.2,31.9,31.8,29.6,0.0,9800.0,8.4,18.0,10.2,24.0,157.2,False
hyderabad,2024-04-21,34.7,47.4,3.0,799.1,997.2,1.0,47.4,39.0,32.2,42.9,0.0,21.0,4.0,112.0,0.0,32.6,32.9,33.4,30.9,31.9,31.8,0.0,9800.0,8.4,18.0,10.2,27.8,196.2,False
hyderabad,2024-04-22,31.2,53.7,3.7,875.1,1002.5,0.0,53.7,33.7,30.2,38.7,0.0,22.0,4.0,113.0,0.0,34.7,32.6,32.9,32.2,30.9,31.9,0.0,9800.0,8.4,18.0,10.2,19.3,118.5,False
hyderabad,2024-04-23,31.6,56.3,1.4,879.3,995.3,0.3,56.3,35.2,31.0,41.6,0.0,23.0,4.0,114.0,0.0,31.2,34.7,32.6,30.2,32.2,30.9,0.0,9800.0,8.4,18.0,10.2,26.4,169.8,False
hyderabad,2024-04-24,30.3,48.2,2.1,871.3,999.3,0.5,48.2,31.2,28.8,37.1,0.0,24.0,4.0,115.0,0.0,31.6,31.2,34.7,31.0,30.2,32.2,0.0,9800.0,8.4,18.0,10.2,10.9,75.3,False
hyderabad,2024-04-25,31.7,52.0,2.0,880.6,997.7,1.0,52.0,34.3,30.6,40.2,0.0,25.0,4.0,116.0,0.0,30.3,31.6,31.2,28.8,31.0,30.2,0.0,9800.0,8.4,18.0,10.2,21.6,140.6,False
hyderabad,2024-04-26,30.0,53.9,2.8,745.0,999.1,0.1,53.9,31.7,28.5,37.5,0.0,26.0,4.0,117.0,0.0,31.7,30.3,31.6,30.6,28.8,31.0,0.0,9800.0,8.4,18.0,10.2,11.3,61.1,False
hyderabad,2024-04-27,29.5,58.1,1.9,980.2,1001.9,0.2,58.1,31.6,29.8,38.3,0.0,27.0,4.0,118.0,0.0,30.0,31.7,30.3,28.5,30.6,28.8,0.0,9800.0,8.4,18.0,10.2,17.5,120.9,False
hyderabad,2024-04-28,28.2,54.2,2.3,867.3,995.2,0.0,54.2,29.1,27.6,35.3,0.0,28.0,4.0,119.0,0.0,29.5,30.0,31.7,29.8,28.5,30.6,0.0,9800.0,8.4,18.0,10.2,6.8,34.2,False
hyderabad,2024-04-29,28.4,54.2,3.8,883.8,1001.0,0.1,54.2,29.4,27.8,34.7,0.0,29.0,4.0,120.0,0.0,28.2,29.5,30.0,27.6,29.8,28.5,0.0,9800.0,8.4,18.0,10.2,10.5,52.1,False
hyderabad,2024-04-30,29.7,62.2,1.8,896.9,996.0,0.9,62.2,32.7,30.0,39.6,0.0,30.0,4.0,121.0,0.0,28.4,28.2,29.5,27.8,27.6,29.8,0.0,9800.0,8.4,18.0,10.2,19.7,134.2,False
hyderabad,2024-05-01,27.7,59.2,2.6,817.1,999.9,1.0,59.2,28.9,27.4,35.3,0.0,1.0,5.0,122.0,0.0,29.7,28.4,28.2,30.0,27.8,27.6,0.0,9800.0,8.4,18.0,10.2,10.2,56.8,False
hyderabad,2024-05-02,27.6,59.6,2.6,772.7,998.2,0.5,59.6,28.8,27.1,35.2,0.0,2.0,5.0,123.0,0.0,27.7,29.7,28.4,27.4,30.0,27.8,0.0,9800.0,8.4,18.0,10.2,10.4,60.6,False
hyderabad,2024-05-03,26.6,58.3,2.9,904.9,1000.2,0.3,58.3,27.5,26.7,33.4,0.0,3.0,5.0,124.0,0.0,27.6,27.7,29.7,27.1,27.4,30.0,0.0,9800.0,8.4,18.0,10.2,7.1,43.1,False
hyderabad,2024-05-04,26.0,56.2,4.0,856.1,997.7,0.5,56.2,26.1,25.6,31.7,0.0,4.0,5.0,125.0,0.0,26.6,27.6,27.7,26.7,27.1,27.4,0.0,9800.0,8.4,18.0,10.2,10.1,43.8,False
hyderabad,2024-05-05,28.4,61.9,3.6,916.0,999.2,1.8,61.9,30.3,28.8,36.3,0.0,5.0,5.0,126.0,0.0,26.0,26.6,27.6,25.6,26.7,27.1,0.0,9800.0,8.4,18.0,10.2,13.6,69.7,False
hyderabad,2024-05-06,27.2,55.5,3.0,906.2,998.9,1.7,55.5,28.0,27.0,33.7,0.0,6.0,5.0,127.0,0.0,28.4,26.0,26.6,28.8,25.6,26.7,0.0,9800.0,8.4,18.0,10.2,7.6,33.7,False
hyderabad,2024-05-07,28.3,58.0,2.5,878.1,995.7,0.3,58.0,29.7,28.1,36.0,0.0,7.0,5.0,128.0,0.0,27.2,28.4,26.0,27.0,28.8,25.6,0.0,9800.0,8.4,18.0,10.2,9.3,49.5,False
hyderabad,2024-05-08,29.2,51.2,1.1,882.5,999.2,0.1,51.2,30.1,28.3,36.8,0.0,8.0,5.0,129.0,0.0,28.3,27.2,28.4,28.1,27.0,28.8,0.0,9800.0,8.4,18.0,10.2,7.1,42.4,False
hyderabad,2024-05-09,27.7,58.2,1.7,942.3,997.2,1.5,58.2,28.8,28.0,35.7,0.0,9.0,5.0,130.0,0.0,29.2,28.3,27.2,28.3,28.1,27.0,0.0,9800.0,8.4,18.0,10.2,7.0,40.2,False
hyderabad,2024-05-10,28.8,59.4,0.5,824.7,999.6,0.2,59.4,30.6,28.6,38.4,0.0,10.0,5.0,131.0,0.0,27.7,29.2,28.3,28.0,28.3,28.1,0.0,9800.0,8.4,18.0,10.2,10.9,56.0,False
hyderabad,2024-05-11,30.0,57.5,3.0,920.1,996.1,0.6,57.5,32.3,29.8,38.2,0.0,11.0,5.0,132.0,0.0,28.8,27.7,29.2,28.6,28.0,28.3,0.0,9800.0,8.4,18.0,10.2,21.0,130.2,False
hyderabad,2024-05-12,29.4,56.5,2.2,971.5,1000.6,0.0,56.5,31.1,29.5,37.6,0.0,12.0,5.0,133.0,0.0,30.0,28.8,27.7,29.8,28.6,28.0,0.0,9800.0,8.4,18.0,10.2,16.0,97.2,False
hyderabad,2024-05-13,30.6,50.9,2.8,881.4,998.4,0.2,50.9,32.1,29.4,37.7,0.0,13.0,5.0,134.0,0.0,29.4,30.0,28.8,29.5,29.8,28.6,0.0,9800.0,8.4,18.0,10.2,13.2,91.7,False
hyderabad,2024-05-14,32.7,52.8,2.4,810.0,996.0,1.0,52.8,36.5,31.2,41.7,0.0,14.0,5.0,135.0,0.0,30.6,29.4,30.0,29.4,29.5,29.8,0.0,9800.0,8.4,18.0,10.2,24.2,154.2,False
hyderabad,2024-05-15,31.7,47.1,2.9,880.9,995.1,0.3,47.1,33.2,29.9,38.4,0.0,15.0,5.0,136.0,0.0,32.7,30.6,29.4,31.2,29.4,29.5,0.0,9800.0,8.4,18.0,10.2,18.1,114.8,False
hyderabad,2024-05-16,34.8,48.2,2.2,905.3,1000.3,0.3,48.2,39.5,33.0,43.9,0.0,16.0,5.0,137.0,0.0,31.7,32.7,30.6,29.9,31.2,29.4,0.0,9800.0,8.4,18.0,10.2,36.0,238.5,False
hyderabad,2024-05-17,33.4,47.9,2.1,884.4,997.0,0.4,47.9,36.5,31.6,41.7,0.0,17.0,5.0,138.0,0.0,34.8,31.7,32.7,33.0,29.9,31.2,0.0,9800.0,8.4,18.0,10.2,30.2,186.3,False
hyderabad,2024-05-18,33.6,44.8,2.6,739.6,996.9,0.2,44.8,36.0,30.6,40.7,0.0,18.0,5.0,139.0,0.0,33.4,34.8,31.7,31.6,33.0,29.9,0.0,9800.0,8.4,18.0,10.2,24.5,154.0,False
hyderabad,2024-05-19,36.1,42.9,1.6,853.1,994.2,0.1,42.9,40.4,33.1,44.7,0.0,19.0,5.0,140.0,0.0,33.6,33.4,34.8,30.6,31.6,33.0,0.0,9800.0,8.4,18.0,10.2,35.6,236.1,False
hyderabad,2024-05-20,37.1,46.3,3.1,844.9,994.0,0.1,46.3,44.2,34.4,46.3,0.0,20.0,5.0,141.0,0.0,36.1,33.6,33.4,33.1,30.6,31.6,0.0,9800.0,8.4,18.0,10.2,43.9,295.6,False
hyderabad,2024-05-21,35.4,45.9,3.4,927.3,1000.3,0.1,45.9,40.0,33.2,43.2,0.0,21.0,5.0,142.0,0.0,37.1,36.1,33.6,34.4,33.1,30.6,0.0,9800.0,8.4,18.0,10.2,36.9,238.5,False
hyderabad,2024-05-22,38.3,51.1,0.5,824.9,992.2,0.0,51.1,50.1,36.3,53.0,0.0,22.0,5.0,143.0,0.0,35.4,37.1,36.1,33.2,34.4,33.1,0.0,9800.0,8.4,18.0,10.2,54.7,384.3,False
hyderabad,2024-05-23,38.2,48.3,3.2,973.4,1000.2,0.0,48.3,48.2,36.3,48.9,0.0,23.0,5.0,144.0,0.0,38.3,35.4,37.1,36.3,33.2,34.4,0.0,9800.0,8.4,18.0,10.2,53.8,375.1,False
hyderabad,2024-05-24,37.5,42.8,2.5,885.8,1000.5,0.2,42.8,43.5,34.5,46.1,0.0,24.0,5.0,145.0,0.0,38.2,38.3,35.4,36.3,36.3,33.2,0.0,9800.0,8.4,18.0,10.2,43.3,293.8,False
hyderabad,2024-05-25,37.8,48.0,2.8,783.7,996.0,1.8,48.0,46.9,35.0,48.4,0.0,25.0,5.0,146.0,0.0,37.5,38.2,38.3,34.5,36.3,36.3,0.0,9800.0,8.4,18.0,10.2,46.5,314.5,False
hyderabad,2024-05-26,37.9,42.4,2.7,940.7,997.9,0.5,42.4,44.3,35.0,46.4,0.0,26.0,5.0,147.0,0.0,37.8,37.5,38.2,35.0,34.5,36.3,0.0,9800.0,8.4,18.0,10.2,48.6,330.0,False
hyderabad,2024-05-27,39.0,40.4,2.0,883.3,997.3,0.0,40.4,46.0,35.4,48.0,0.0,27.0,5.0,148.0,0.0,37.9,37.8,37.5,35.0,35.0,34.5,0.0,9800.0,8.4,18.0,10.2,52.4,366.1,False
hyderabad,2024-05-28,38.9,39.6,1.9,907.9,995.7,0.0,39.6,45.3,35.3,47.6,0.0,28.0,5.0,149.0,0.0,39.0,37.9,37.8,35.4,35.0,35.0,0.0,9800.0,8.4,18.0,10.2,51.0,351.8,False
hyderabad,2024-05-29,40.8,33.7,1.9,870.6,996.6,0.0,33.7,46.6,35.7,47.8,0.0,29.0,5.0,150.0,1.0,38.9,39.0,37.9,35.3,35.4,35.0,5.8,9800.0,8.4,18.0,10.2,64.7,445.1,False
hyderabad,2024-05-30,36.8,50.5,2.7,921.0,998.8,1.3,50.5,45.5,35.2,47.7,0.0,30.0,5.0,151.0,0.0,40.8,38.9,39.0,35.7,35.3,35.4,0.0,9800.0,8.4,18.0,10.2,45.8,329.8,False
hyderabad,2024-05-31,37.8,42.3,2.2,823.6,998.8,1.6,42.3,44.0,34.3,46.7,0.0,31.0,5.0,152.0,0.0,36.8,40.8,38.9,35.2,35.7,35.3,0.0,9800.0,8.4,18.0,10.2,41.1,274.8,False
hyderabad,2024-06-01,37.6,51.1,1.9,893.7,999.4,0.6,51.1,48.1,35.9,50.2,0.0,1.0,6.0,153.0,0.0,37.8,36.8,40.8,34.3,35.2,35.7,0.0,9800.0,8.4,18.0,10.2,51.9,352.3,False
hyderabad,2024-06-02,36.6,51.0,1.9,908.3,992.1,0.9,51.0,45.2,35.0,48.3,0.0,2.0,6.0,154.0,0.0,37.6,37.8,36.8,35.9,34.3,35.2,0.0,9800.0,8.4,18.0,10.2,46.6,315.8,False
hyderabad,2024-06-03,35.8,41.8,2.3,909.8,994.1,0.6,41.8,39.4,32.9,43.3,0.0,3.0,6.0,155.0,0.0,36.6,37.6,37.8,35.0,35.9,34.3,0.0,9800.0,8.4,18.0,10.2,36.0,242.0,False
hyderabad,2024-06-04,35.4,47.8,2.6,895.7,998.2,0.0,47.8,40.7,33.4,44.4,0.0,4.0,6.0,156.0,0.0,35.8,36.6,37.6,32.9,35.0,35.9,0.0,9800.0,8.4,18.0,10.2,39.4,270.4,False
hyderabad,2024-06-05,36.4,46.1,2.1,904.0,1000.5,0.8,46.1,42.4,34.1,45.9,0.0,5.0,6.0,157.0,0.0,35.4,35.8,36.6,33.4,32.9,35.0,0.0,9800.0,8.4,18.0,10.2,41.3,278.3,False
hyderabad,2024-06-06,35.1,49.9,2.4,875.3,995.0,0.7,49.9,40.9,33.3,44.8,0.0,6.0,6.0,158.0,0.0,36.4,35.4,35.8,34.1,33.4,32.9,0.0,9800.0,8.4,18.0,10.2,37.8,255.5,False
hyderabad,2024-06-07,35.1,37.7,3.1,910.4,998.3,0.1,37.7,36.7,31.7,40.3,0.0,7.0,6.0,159.0,0.0,35.1,36.4,35.4,33.3,34.1,33.4,0.0,9800.0,8.4,18.0,10.2,28.6,185.6,False
hyderabad,2024-06-08,35.9,41.9,3.7,934.8,998.3,0.0,41.9,39.6,33.1,42.4,0.0,8.0,6.0,160.0,0.0,35.1,35.1,36.4,31.7,33.3,34.1,0.0,9800.0,8.4,18.0,10.2,34.6,241.8,False
hyderabad,2024-06-09,36.1,41.2,2.4,969.9,998.1,0.3,41.2,39.8,33.4,43.4,0.0,9.0,6.0,161.0,0.0,35.9,35.1,35.1,33.1,31.7,33.3,0.0,9800.0,8.4,18.0,10.2,38.7,269.1,False
hyderabad,2024-06-10,34.1,45.8,3.1,905.6,998.1,0.7,45.8,37.2,32.0,41.4,0.0,10.0,6.0,162.0,0.0,36.1,35.9,35.1,33.4,33.1,31.7,0.0,9800.0,8.4,18.0,10.2,32.6,208.0,False
hyderabad,2024-06-11,33.6,46.7,3.3,865.2,998.2,0.7,46.7,36.5,31.4,40.8,0.0,11.0,6.0,163.0,0.0,34.1,36.1,35.9,32.0,33.4,33.1,0.0,9800.0,8.4,18.0,10.2,25.5,158.6,False
hyderabad,2024-06-12,33.9,48.3,3.0,918.3,998.3,1.7,48.3,37.6,32.2,41.9,0.0,12.0,6.0,164.0,0.0,33.6,34.1,36.1,31.4,32.0,33.4,0.0,9800.0,8.4,18.0,10.2,32.3,215.2,False
hyderabad,2024-06-13,34.6,44.5,2.2,884.7,999.7,0.0,44.5,37.8,32.2,42.4,0.0,13.0,6.0,165.0,0.0,33.9,33.6,34.1,32.2,31.4,32.0,0.0,9800.0,8.4,18.0,10.2,32.3,225.1,False
hyderabad,2024-06-14,35.9,46.2,1.8,916.2,996.9,0.7,46.2,41.3,33.7,45.4,0.0,14.0,6.0,166.0,0.0,34.6,33.9,33.6,32.2,32.2,31.4,0.0,9800.0,8.4,18.0,10.2,41.2,275.9,False
hyderabad,2024-06-15,35.7,44.5,2.3,885.1,997.3,0.6,44.5,40.2,33.1,44.0,0.0,15.0,6.0,167.0,0.0,35.9,34.6,33.9,33.7,32.2,32.2,0.0,9800.0,8.4,18.0,10.2,35.7,239.0,False
hyderabad,2024-06-16,35.2,53.0,3.4,938.8,992.2,0.3,53.0,42.4,34.1,45.1,0.0,16.0,6.0,168.0,0.0,35.7,35.9,34.6,33.1,33.7,32.2,0.0,9800.0,8.4,18.0,10.2,42.3,287.0,False
hyderabad,2024-06-17,37.0,42.4,2.1,970.0,998.4,0.3,42.4,42.2,34.4,45.5,0.0,17.0,6.0,169.0,0.0,35.2,35.7,35.9,34.1,33.1,33.7,0.0,9800.0,8.4,18.0,10.2,45.0,303.4,False
hyderabad,2024-06-18,36.8,41.0,2.9,983.2,998.3,1.1,41.0,41.2,34.0,44.0,0.0,18.0,6.0,170.0,0.0,37.0,35.2,35.7,34.4,34.1,33.1,0.0,9800.0,8.4,18.0,10.2,41.5,276.2,False
hyderabad,2024-06-19,36.8,52.0,3.3,930.2,996.4,0.1,52.0,46.3,35.4,47.7,0.0,19.0,6.0,171.0,0.0,36.8,37.0,35.2,34.0,34.4,34.1,0.0,9800.0,8.4,18.0,10.2,52.1,346.5,False
hyderabad,2024-06-20,38.6,39.9,3.5,942.4,994.7,0.0,39.9,44.8,35.2,45.8,0.0,20.0,6.0,172.0,0.0,36.8,36.8,37.0,35.4,34.0,34.4,0.0,9800.0,8.4,18.0,10.2,51.3,343.0,False
hyderabad,2024-06-21,40.7,42.9,3.6,928.8,995.4,0.0,42.9,52.0,37.5,50.6,0.0,21.0,6.0,173.0,1.0,38.6,36.8,36.8,35.2,35.4,34.0,5.7,9800.0,8.4,18.0,10.2,72.9,480.0,False
hyderabad,2024-06-22,39.6,38.4,2.2,879.8,997.7,0.0,38.4,46.4,35.5,47.9,0.0,22.0,6.0,174.0,0.0,40.7,38.6,36.8,37.5,35.2,35.4,0.0,9800.0,8.4,18.0,10.2,55.3,382.2,False
hyderabad,2024-06-23,40.1,35.2,4.0,908.6,997.5,0.0,35.2,45.9,35.5,45.6,0.0,23.0,6.0,175.0,1.0,39.6,40.7,38.6,35.5,37.5,35.2,5.1,9800.0,8.4,18.0,10.2,59.7,400.7,False
hyderabad,2024-06-24,43.9,36.9,1.9,940.2,994.0,0.0,36.9,56.7,39.3,54.9,0.0,24.0,6.0,176.0,2.0,40.1,39.6,40.7,35.5,35.5,37.5,17.8,9800.0,8.4,18.0,10.2,98.0,480.0,False
hyderabad,2024-06-25,42.4,33.5,2.6,1011.8,999.8,0.0,33.5,50.3,37.7,49.5,0.0,25.0,6.0,177.0,3.0,43.9,40.1,39.6,39.3,35.5,35.5,22.2,9800.0,8.4,18.0,10.2,84.1,480.0,False
hyderabad,2024-06-26,43.8,30.4,4.4,1013.1,996.5,0.0,30.4,51.5,38.1,48.1,0.0,26.0,6.0,178.0,4.0,42.4,43.9,40.1,37.7,39.3,35.5,35.2,9800.0,8.4,18.0,10.2,96.8,480.0,False
hyderabad,2024-06-27,44.5,34.6,3.7,899.4,999.4,0.0,34.6,56.5,39.0,52.5,0.0,27.0,6.0,179.0,5.0,43.8,42.4,43.9,38.1,37.7,39.3,47.5,9800.0,8.4,18.0,10.2,98.0,480.0,False
hyderabad,2024-06-28,45.1,33.7,2.5,921.7,995.5,0.0,33.7,57.4,39.5,54.3,0.0,28.0,6.0,180.0,6.0,44.5,43.8,42.4,39.0,38.1,37.7,60.6,9800.0,8.4,18.0,10.2,98.0,480.0,False
hyderabad,2025-03-01,24.8,59.9,1.6,825.5,1004.5,0.7,59.9,24.9,24.9,31.8,0.0,1.0,3.0,60.0,0.0,45.1,44.5,43.8,39.5,39.0,38.1,0.0,9800.0,8.4,18.0,10.2,8.9,49.6,False
hyderabad,2025-03-02,24.0,68.3,2.4,734.6,1003.6,0.0,68.3,24.2,24.5,31.4,0.0,2.0,3.0,61.0,0.0,24.8,45.1,44.5,24.9,39.5,39.0,0.0,9800.0,8.4,18.0,10.2,7.4,33.5,False
hyderabad,2025-03-03,27.9,61.3,3.5,692.1,1002.3,0.1,61.3,29.4,27.1,35.4,0.0,3.0,3.0,62.0,0.0,24.0,24.8,45.1,24.5,24.9,39.5,0.0,9800.0,8.4,18.0,10.2,8.8,50.0,False
hyderabad,2025-03-04,28.3,56.1,3.2,847.7,999.0,0.4,56.1,29.4,27.7,35.3,0.0,4.0,3.0,63.0,0.0,27.9,24.0,24.8,27.1,24.5,24.9,0.0,9800.0,8.4,18.0,10.2,6.5,36.5,False
hyderabad,2025-03-05,27.1,54.3,2.1,713.7,1003.8,0.0,54.3,27.8,25.8,33.8,0.0,5.0,3.0,64.0,0.0,28.3,27.9,24.0,27.7,27.1,24.5,0.0,9800.0,8.4,18.0,10.2,10.0,42.7,False
hyderabad,2025-03-06,26.3,59.5,1.2,781.9,1000.6,0.9,59.5,26.5,26.0,34.1,0.0,6.0,3.0,65.0,0.0,27.1,28.3,27.9,25.8,27.7,27.1,0.0,9800.0,8.4,18.0,10.2,8.0,41.3,False
hyderabad,2025-03-07,26.0,55.8,2.6,730.8,999.0,0.8,55.8,26.1,25.0,32.3,0.0,7.0,3.0,66.0,0.0,26.3,27.1,28.3,26.0,25.8,27.7,0.0,9800.0,8.4,18.0,10.2,8.6,43.4,False
hyderabad,2025-03-08,26.0,60.4,2.3,713.4,1003.6,0.4,60.4,26.2,25.4,33.2,0.0,8.0,3.0,67.0,0.0,26.0,26.3,27.1,25.0,26.0,25.8,0.0,9800.0,8.4,18.0,10.2,10.3,42.5,False
hyderabad,2025-03-09,25.6,67.0,2.3,703.5,1003.0,0.1,67.0,26.0,25.7,33.7,0.0,9.0,3.0,68.0,0.0,26.0,26.0,26.3,25.4,25.0,26.0,0.0,9800.0,8.4,18.0,10.2,9.1,43.6,False
hyderabad,2025-03-10,26.7,59.8,1.9,730.3,998.2,0.5,59.8,27.7,26.1,34.3,0.0,10.0,3.0,69.0,0.0,25.6,26.0,26.0,25.7,25.4,25.0,0.0,9800.0,8.4,18.0,10.2,7.2,32.2,False
hyderabad,2025-03-11,26.8,64.6,3.4,704.3,1002.5,0.1,64.6,28.1,26.5,34.4,0.0,11.0,3.0,70.0,0.0,26.7,25.6,26.0,26.1,25.7,25.4,0.0,9800.0,8.4,18.0,10.2,10.2,51.7,False
hyderabad,2025-03-12,27.1,60.0,1.9,748.1,1003.8,0.1,60.0,28.2,26.6,35.0,0.0,12.0,3.0,71.0,0.0,26.8,26.7,25.6,26.5,26.1,25.7,0.0,9800.0,8.4,18.0,10.2,9.9,49.5,False
hyderabad,2025-03-13,26.4,58.2,3.5,853.1,1003.9,0.1,58.2,26.6,26.2,32.8,0.0,13.0,3.0,72.0,0.0,27.1,26.8,26.7,26.6,26.5,26.1,0.0,9800.0,8.4,18.0,10.2,10.2,52.0,False
hyderabad,2025-03-14,24.9,58.0,3.1,812.8,1006.1,0.2,58.0,25.0,24.6,30.9,0.0,14.0,3.0,73.0,0.0,26.4,27.1,26.8,26.2,26.6,26.5,0.0,9800.0,8.4,18.0,10.2,9.4,45.7,False
hyderabad,2025-03-15,28.2,53.4,1.5,740.1,999.9,0.1,53.4,29.0,26.9,35.6,0.0,15.0,3.0,74.0,0.0,24.9,26.4,27.1,24.6,26.2,26.6,0.0,9800.0,8.4,18.0,10.2,8.8,34.6,False
hyderabad,2025-03-16,25.6,54.5,3.2,825.6,1000.7,1.1,54.5,25.6,25.0,31.3,0.0,16.0,3.0,75.0,0.0,28.2,24.9,26.4,26.9,24.6,26.2,0.0,9800.0,8.4,18.0,10.2,8.4,43.4,False
hyderabad,2025-03-17,28.3,61.2,3.7,791.1,999.2,0.8,61.2,30.1,28.0,35.9,0.0,17.0,3.0,76.0,0.0,25.6,28.2,24.9,25.0,26.9,24.6,0.0,9800.0,8.4,18.0,10.2,8.2,45.2,False
hyderabad,2025-03-18,27.0,57.1,1.8,782.1,997.4,0.1,57.1,27.9,26.4,34.4,0.0,18.0,3.0,77.0,0.0,28.3,25.6,28.2,28.0,25.0,26.9,0.0,9800.0,8.4,18.0,10.2,6.3,32.8,False
hyderabad,2025-03-19,27.4,54.8,2.1,783.6,1001.6,0.7,54.8,28.2,26.5,34.3,0.0,19.0,3.0,78.0,0.0,27.0,28.3,25.6,26.4,28.0,25.0,0.0,9800.0,8.4,18.0,10.2,7.3,38.0,False
hyderabad,2025-03-20,27.9,57.4,2.7,753.0,1000.3,0.8,57.4,29.0,27.1,35.2,0.0,20.0,3.0,79.0,0.0,27.4,27.0,28.3,26.5,26.4,28.0,0.0,9800.0,8.4,18.0,10.2,7.2,35.9,False
hyderabad,2025-03-21,26.0,61.8,1.4,798.5,1002.4,0.3,61.8,26.3,26.1,33.9,0.0,21.0,3.0,80.0,0.0,27.9,27.4,27.0,27.1,26.5,26.4,0.0,9800.0,8.4,18.0,10.2,7.2,36.0,False
hyderabad,2025-03-22,28.5,53.0,2.7,699.9,999.1,0.1,53.0,29.4,26.8,35.2,0.0,22.0,3.0,81.0,0.0,26.0,27.9,27.4,26.1,27.1,26.5,0.0,9800.0,8.4,18.0,10.2,7.2,32.5,False
hyderabad,2025-03-23,26.0,63.6,3.8,824.4,1003.5,0.6,63.6,26.3,26.3,32.9,0.0,23.0,3.0,82.0,0.0,28.5,26.0,27.9,26.8,26.1,27.1,0.0,9800.0,8.4,18.0,10.2,9.5,46.0,False
hyderabad,2025-03-24,27.1,59.0,2.5,751.2,1001.4,0.9,59.0,28.1,26.5,34.4,0.0,24.0,3.0,83.0,0.0,26.0,28.5,26.0,26.3,26.8,26.1,0.0,9800.0,8.4,18.0,10.2,7.7,40.3,False
hyderabad,2025-03-25,27.6,60.3,2.4,792.8,1001.7,0.2,60.3,28.9,27.3,35.5,0.0,25.0,3.0,84.0,0.0,27.1,26.0,28.5,26.5,26.3,26.8,0.0,9800.0,8.4,18.0,10.2,9.0,43.4,False
hyderabad,2025-03-26,24.9,61.1,3.0,795.8,996.9,0.1,61.1,25.0,24.9,31.4,0.0,26.0,3.0,85.0,0.0,27.6,27.1,26.0,27.3,26.5,26.3,0.0,9800.0,8.4,18.0,10.2,8.4,44.5,False
hyderabad,2025-03-27,27.2,61.3,2.0,746.2,1005.6,1.3,61.3,28.4,26.8,35.3,0.0,27.0,3.0,86.0,0.0,24.9,27.6,27.1,24.9,27.3,26.5,0.0,9800.0,8.4,18.0,10.2,7.6,47.2,False
hyderabad,2025-03-28,26.2,59.8,3.4,749.2,1002.7,0.2,59.8,26.4,25.7,32.8,0.0,28.0,3.0,87.0,0.0,27.2,24.9,27.6,26.8,24.9,27.3,0.0,9800.0,8.4,18.0,10.2,10.4,44.5,False
hyderabad,2025-03-29,27.1,55.4,1.3,782.0,998.7,0.4,55.4,27.9,26.3,34.5,0.0,29.0,3.0,88.0,0.0,26.2,27.2,24.9,25.7,26.8,24.9,0.0,9800.0,8.4,18.0,10.2,7.0,43.5,False
hyderabad,2025-03-30,28.2,63.1,2.1,808.7,1002.2,0.0,63.1,30.1,28.3,37.1,0.0,30.0,3.0,89.0,0.0,27.1,26.2,27.2,26.3,25.7,26.8,0.0,9800.0,8.4,18.0,10.2,8.6,48.3,False
hyderabad,2025-03-31,27.0,54.4,0.6,753.0,1004.1,0.2,54.4,27.7,26.0,34.5,0.0,31.0,3.0,90.0,0.0,28.2,27.1,26.2,28.3,26.3,25.7,0.0,9800.0,8.4,18.0,10.2,7.6,30.4,False
hyderabad,2025-04-01,27.8,63.2,1.2,891.4,1000.3,0.4,63.2,29.5,28.4,37.1,0.0,1.0,4.0,91.0,0.0,27.0,28.2,27.1,26.0,28.3,26.3,0.0,9800.0,8.4,18.0,10.2,9.9,62.7,False
hyderabad,2025-04-02,29.6,55.2,2.1,737.4,999.8,0.3,55.2,31.3,28.3,37.7,0.0,2.0,4.0,92.0,0.0,27.8,27.0,28.2,28.4,26.0,28.3,0.0,9800.0,8.4,18.0,10.2,9.8,55.6,False
hyderabad,2025-04-03,27.7,57.0,3.0,770.4,1000.4,0.1,57.0,28.7,26.9,34.7,0.0,3.0,4.0,93.0,0.0,29.6,27.8,27.0,28.3,28.4,26.0,0.0,9800.0,8.4,18.0,10.2,7.4,40.4,False
hyderabad,2025-04-04,28.2,60.1,2.8,835.7,1000.4,0.3,60.1,29.8,28.0,36.1,0.0,4.0,4.0,94.0,0.0,27.7,29.6,27.8,26.9,28.3,28.4,0.0,9800.0,8.4,18.0,10.2,6.5,40.1,False
hyderabad,2025-04-05,27.2,56.4,2.5,762.8,998.7,1.1,56.4,28.1,26.4,34.1,0.0,5.0,4.0,95.0,0.0,28.2,27.7,29.6,28.0,26.9,28.3,0.0,9800.0,8.4,18.0,10.2,9.3,55.6,False
hyderabad,2025-04-06,30.0,55.4,2.8,888.9,999.9,1.0,55.4,32.0,29.4,37.9,0.0,6.0,4.0,96.0,0.0,27.2,28.2,27.7,26.4,28.0,26.9,0.0,9800.0,8.4,18.0,10.2,16.8,99.1,False
hyderabad,2025-04-07,29.1,54.5,1.7,774.3,1001.6,0.3,54.5,30.4,28.0,37.0,0.0,7.0,4.0,97.0,0.0,30.0,27.2,28.2,29.4,26.4,28.0,0.0,9800.0,8.4,18.0,10.2,11.1,58.5,False
hyderabad,2025-04-08,28.2,59.7,2.8,882.5,999.1,0.1,59.7,29.7,28.2,36.0,0.0,8.0,4.0,98.0,0.0,29.1,30.0,27.2,28.0,29.4,26.4,0.0,9800.0,8.4,18.0,10.2,10.2,54.0,False
hyderabad,2025-04-09,28.6,55.6,4.1,862.1,995.9,0.1,55.6,29.8,28.0,35.1,0.0,9.0,4.0,99.0,0.0,28.2,29.1,30.0,28.2,28.0,29.4,0.0,9800.0,8.4,18.0,10.2,5.0,20.0,False
hyderabad,2025-04-10,30.4,56.9,2.6,834.9,1000.3,0.5,56.9,33.0,29.7,38.9,0.0,10.0,4.0,100.0,0.0,28.6,28.2,29.1,28.0,28.2,28.0,0.0,9800.0,8.4,18.0,10.2,18.9,105.1,False
hyderabad,2025-04-11,29.7,56.3,3.6,802.5,997.8,0.5,56.3,31.6,28.8,37.1,0.0,11.0,4.0,101.0,0.0,30.4,28.6,28.2,29.7,28.0,28.2,0.0,9800.0,8.4,18.0,10.2,10.8,62.6,False
hyderabad,2025-04-12,28.6,63.3,3.8,704.5,1000.4,0.1,63.3,30.8,28.1,36.7,0.0,12.0,4.0,102.0,0.0,29.7,30.4,28.6,28.8,29.7,28.0,0.0,9800.0,8.4,18.0,10.2,3.8,29.1,False
hyderabad,2025-04-13,28.9,57.9,2.6,800.0,999.4,0.9,57.9,30.6,28.3,36.8,0.0,13.0,4.0,103.0,0.0,28.6,29.7,30.4,28.1,28.8,29.7,0.0,9800.0,8.4,18.0,10.2,9.8,49.6,False
hyderabad,2025-04-14,29.1,55.4,3.2,817.7,998.1,1.5,55.4,30.5,28.2,36.3,0.0,14.0,4.0,104.0,0.0,28.9,28.6,29.7,28.3,28.1,28.8,0.0,9800.0,8.4,18.0,10.2,6.8,42.5,False
hyderabad,2025-04-15,27.4,64.3,2.1,816.1,997.6,0.6,64.3,29.0,27.7,36.1,0.0,15.0,4.0,105.0,0.0,29.1,28.9,28.6,28.2,28.3,28.1,0.0,9800.0,8.4,18.0,10.2,7.1,37.1,False
hyderabad,2025-04-16,32.8,58.4,3.8,857.7,1002.6,0.1,58.4,38.5,32.2,42.3,0.0,16.0,4.0,106.0,0.0,27.4,29.1,28.9,27.7,28.2,28.3,0.0,9800.0,8.4,18.0,10.2,30.9,209.8,False
hyderabad,2025-04-17,33.9,49.9,0.8,946.2,999.6,0.1,49.9,38.1,32.7,44.1,0.0,17.0,4.0,107.0,0.0,32.8,27.4,29.1,32.2,27.7,28.2,0.0,9800.0,8.4,18.0,10.2,33.1,224.3,False
hyderabad,2025-04-18,32.9,47.9,1.7,749.4,999.3,0.3,47.9,35.5,30.5,41.2,0.0,18.0,4.0,108.0,0.0,33.9,32.8,27.4,32.7,32.2,27.7,0.0,9800.0,8.4,18.0,10.2,22.7,142.8,False
hyderabad,2025-04-19,31.9,50.1,2.7,801.0,998.6,1.2,50.1,34.2,30.1,39.5,0.0,19.0,4.0,109.0,0.0,32.9,33.9,32.8,30.5,32.7,32.2,0.0,9800.0,8.4,18.0,10.2,16.9,120.1,False
hyderabad,2025-04-20,31.9,51.2,3.0,906.4,997.3,0.5,51.2,34.5,30.7,39.6,0.0,20.0,4.0,110.0,0.0,31.9,32.9,33.9,30.1,30.5,32.7,0.0,9800.0,8.4,18.0,10.2,22.2,142.6,False
hyderabad,2025-04-21,33.7,48.7,2.2,872.5,999.1,0.0,48.7,37.3,31.9,42.3,0.0,21.0,4.0,111.0,0.0,31.9,31.9,32.9,30.7,30.1,30.5,0.0,9800.0,8.4,18.0,10.2,28.7,200.3,False
hyderabad,2025-04-22,32.4,56.9,2.6,798.4,1002.0,2.1,56.9,37.1,31.4,42.2,0.0,22.0,4.0,112.0,0.0,33.7,31.9,31.9,31.9,30.7,30.1,0.0,9800.0,8.4,18.0,10.2,27.1,173.0,False
hyderabad,2025-04-23,32.9,54.9,3.3,877.9,1000.2,0.0,54.9,37.6,32.0,41.9,0.0,23.0,4.0,113.0,0.0,32.4,33.7,31.9,31.4,31.9,30.7,0.0,9800.0,8.4,18.0,10.2,30.5,198.0,False
hyderabad,2025-04-24,31.4,55.3,2.7,870.1,1001.3,0.3,55.3,34.5,30.6,40.1,0.0,24.0,4.0,114.0,0.0,32.9,32.4,33.7,32.0,31.4,31.9,0.0,9800.0,8.4,18.0,10.2,21.4,147.6,False
hyderabad,2025-04-25,29.9,55.2,1.0,822.4,1000.0,1.9,55.2,31.8,29.1,38.9,0.0,25.0,4.0,115.0,0.0,31.4,32.9,32.4,30.6,32.0,31.4,0.0,9800.0,8.4,18.0,10.2,14.2,81.5,False
hyderabad,2025-04-26,29.9,53.5,3.7,839.7,996.6,0.3,53.5,31.5,28.8,36.7,0.0,26.0,4.0,116.0,0.0,29.9,31.4,32.9,29.1,30.6,32.0,0.0,9800.0,8.4,18.0,10.2,12.8,75.3,False
hyderabad,2025-04-27,30.6,50.4,3.5,815.2,997.6,0.4,50.4,32.0,29.0,37.2,0.0,27.0,4.0,117.0,0.0,29.9,29.9,31.4,28.8,29.1,30.6,0.0,9800.0,8.4,18.0,10.2,14.0,73.8,False
hyderabad,2025-04-28,30.4,58.0,2.9,812.9,999.4,0.2,58.0,33.2,29.7,39.0,0.0,28.0,4.0,118.0,0.0,30.6,29.9,29.9,29.0,28.8,29.1,0.0,9800.0,8.4,18.0,10.2,16.6,107.1,False
hyderabad,2025-04-29,30.6,54.7,3.0,800.9,1001.0,0.4,54.7,32.9,29.5,38.5,0.0,29.0,4.0,119.0,0.0,30.4,30.6,29.9,29.7,29.0,28.8,0.0,9800.0,8.4,18.0,10.2,15.9,94.2,False
hyderabad,2025-04-30,28.2,54.9,2.2,903.1,1000.0,0.4,54.9,29.2,27.8,35.5,0.0,30.0,4.0,120.0,0.0,30.6,30.4,30.6,29.5,29.7,29.0,0.0,9800.0,8.4,18.0,10.2,9.6,47.4,False
hyderabad,2025-05-01,28.0,58.6,2.2,801.6,1003.1,0.1,58.6,29.3,27.6,35.9,0.0,1.0,5.0,121.0,0.0,28.2,30.6,30.4,27.8,29.5,29.7,0.0,9800.0,8.4,18.0,10.2,9.6,45.8,False
hyderabad,2025-05-02,26.8,53.6,1.7,768.9,999.0,0.4,53.6,27.4,25.8,33.5,0.0,2.0,5.0,122.0,0.0,28.0,28.2,30.6,27.6,27.8,29.5,0.0,9800.0,8.4,18.0,10.2,9.4,46.1,False
hyderabad,2025-05-03,26.2,61.2,3.2,896.1,995.1,0.0,61.2,26.5,26.6,33.1,0.0,3.0,5.0,123.0,0.0,26.8,28.0,28.2,25.8,27.6,27.8,0.0,9800.0,8.4,18.0,10.2,8.8,55.9,False
hyderabad,2025-05-04,27.5,64.8,2.8,851.7,999.1,0.2,64.8,29.2,28.0,35.9,0.0,4.0,5.0,124.0,0.0,26.2,26.8,28.0,26.6,25.8,27.6,0.0,9800.0,8.4,18.0,10.2,6.2,47.5,False
hyderabad,2025-05-05,28.7,58.0,2.0,922.0,1000.0,0.0,58.0,30.3,28.8,36.9,0.0,5.0,5.0,125.0,0.0,27.5,26.2,26.8,28.0,26.6,25.8,0.0,9800.0,8.4,18.0,10.2,13.4,67.8,False
hyderabad,2025-05-06,27.9,54.8,2.4,837.0,999.6,0.5,54.8,28.8,27.2,34.9,0.0,6.0,5.0,126.0,0.0,28.7,27.5,26.2,28.8,28.0,26.6,0.0,9800.0,8.4,18.0,10.2,8.9,46.3,False
hyderabad,2025-05-07,28.4,59.0,2.5,903.5,1001.9,0.3,59.0,29.9,28.5,36.4,0.0,7.0,5.0,127.0,0.0,27.9,28.7,27.5,27.2,28.8,28.0,0.0,9800.0,8.4,18.0,10.2,10.4,62.5,False
hyderabad,2025-05-08,27.7,55.6,2.9,915.4,999.5,0.4,55.6,28.6,27.5,34.5,0.0,8.0,5.0,128.0,0.0,28.4,27.9,28.7,28.5,27.2,28.8,0.0,9800.0,8.4,18.0,10.2,7.2,26.9,False
hyderabad,2025-05-09,28.6,55.5,3.1,851.0,997.4,0.6,55.5,29.8,28.0,35.6,0.0,9.0,5.0,129.0,0.0,27.7,28.4,27.9,27.5,28.5,27.2,0.0,9800.0,8.4,18.0,10.2,6.4,38.0,False
hyderabad,2025-05-10,29.3,53.0,1.6,938.6,999.2,0.0,53.0,30.5,28.8,37.1,0.0,10.0,5.0,130.0,0.0,28.6,27.7,28.4,28.0,27.5,28.5,0.0,9800.0,8.4,18.0,10.2,10.4,62.4,False
hyderabad,2025-05-11,31.2,55.6,1.9,863.0,998.6,0.0,55.6,34.2,30.5,40.4,0.0,11.0,5.0,131.0,0.0,29.3,28.6,27.7,28.8,28.0,27.5,0.0,9800.0,8.4,18.0,10.2,23.5,139.4,False
hyderabad,2025-05-12,30.5,60.0,3.6,887.9,1003.1,0.4,60.0,33.8,30.4,39.1,0.0,12.0,5.0,132.0,0.0,31.2,29.3,28.6,30.5,28.8,28.0,0.0,9800.0,8.4,18.0,10.2,22.2,138.6,False
hyderabad,2025-05-13,31.4,50.5,2.2,854.6,1000.8,0.2,50.5,33.4,30.0,39.2,0.0,13.0,5.0,133.0,0.0,30.5,31.2,29.3,30.4,30.5,28.8,0.0,9800.0,8.4,18.0,10.2,18.6,122.8,False
hyderabad,2025-05-14,31.8,52.0,1.7,874.5,1000.9,0.2,52.0,34.5,30.7,40.6,0.0,14.0,5.0,134.0,0.0,31.4,30.5,31.2,30.0,30.4,30.5,0.0,9800.0,8.4,18.0,10.2,23.1,142.7,False
hyderabad,2025-05-15,31.4,46.3,2.2,790.5,995.0,1.1,46.3,32.5,29.1,38.2,0.0,15.0,5.0,135.0,0.0,31.8,31.4,30.5,30.7,30.0,30.4,0.0,9800.0,8.4,18.0,10.2,15.0,82.3,False
hyderabad,2025-05-16,35.2,52.3,1.0,836.6,999.2,1.5,52.3,42.1,33.6,47.0,0.0,16.0,5.0,136.0,0.0,31.4,31.8,31.4,29.1,30.7,30.0,0.0,9800.0,8.4,18.0,10.2,36.9,261.3,False
hyderabad,2025-05-17,33.9,44.2,1.3,967.3,997.5,0.6,44.2,36.4,32.0,41.9,0.0,17.0,5.0,137.0,0.0,35.2,31.4,31.8,33.6,29.1,30.7,0.0,9800.0,8.4,18.0,10.2,33.8,202.9,False
hyderabad,2025-05-18,35.8,38.4,3.9,904.4,996.2,0.7,38.4,38.2,32.3,40.9,0.0,18.0,5.0,138.0,0.0,33.9,35.2,31.4,32.0,33.6,29.1,0.0,9800.0,8.4,18.0,10.2,32.9,218.1,False
hyderabad,2025-05-19,35.3,36.7,3.4,909.4,995.4,0.9,36.7,36.8,31.6,40.0,0.0,19.0,5.0,139.0,0.0,35.8,33.9,35.2,32.3,32.0,33.6,0.0,9800.0,8.4,18.0,10.2,25.7,173.3,False
hyderabad,2025-05-20,38.8,43.2,3.3,872.7,996.9,0.0,43.2,47.0,35.6,47.7,0.0,20.0,5.0,140.0,0.0,35.3,35.8,33.9,31.6,32.3,32.0,0.0,9800.0,8.4,18.0,10.2,52.9,364.5,False
hyderabad,2025-05-21,35.6,42.6,3.1,866.0,998.0,1.1,42.6,39.2,32.6,42.6,0.0,21.0,5.0,141.0,0.0,38.8,35.3,35.8,35.6,31.6,32.3,0.0,9800.0,8.4,18.0,10.2,32.4,223.8,False
hyderabad,2025-05-22,37.4,45.7,3.2,914.7,998.6,1.0,45.7,44.7,34.9,46.5,0.0,22.0,5.0,142.0,0.0,35.6,38.8,35.3,32.6,35.6,31.6,0.0,9800.0,8.4,18.0,10.2,46.3,321.8,False
hyderabad,2025-05-23,36.6,46.1,3.9,883.4,998.8,0.1,46.1,42.9,34.1,44.7,0.0,23.0,5.0,143.0,0.0,37.4,35.6,38.8,34.9,32.6,35.6,0.0,9800.0,8.4,18.0,10.2,42.4,288.2,False
hyderabad,2025-05-24,38.5,38.7,1.6,937.5,1001.2,0.0,38.7,44.0,35.0,46.8,0.0,24.0,5.0,144.0,0.0,36.6,37.4,35.6,34.1,34.9,32.6,0.0,9800.0,8.4,18.0,10.2,49.3,335.9,False
hyderabad,2025-05-25,39.8,36.9,3.3,861.8,996.7,0.0,36.9,46.1,35.3,46.5,0.0,25.0,5.0,145.0,0.0,38.5,36.6,37.4,35.0,34.1,34.9,0.0,9800.0,8.4,18.0,10.2,54.5,379.1,False
hyderabad,2025-05-26,39.6,35.4,2.0,903.8,998.8,0.0,35.4,44.8,35.1,46.7,0.0,26.0,5.0,146.0,0.0,39.8,38.5,36.6,35.3,35.0,34.1,0.0,9800.0,8.4,18.0,10.2,50.6,354.8,False
hyderabad,2025-05-27,37.0,41.7,2.2,920.1,993.1,0.7,41.7,41.9,34.0,45.2,0.0,27.0,5.0,147.0,0.0,39.6,39.8,38.5,35.1,35.3,35.0,0.0,9800.0,8.4,18.0,10.2,41.3,281.8,False
hyderabad,2025-05-28,37.2,38.4,1.9,947.3,996.9,0.2,38.4,41.0,33.8,44.4,0.0,28.0,5.0,148.0,0.0,37.0,39.6,39.8,34.0,35.1,35.3,0.0,9800.0,8.4,18.0,10.2,39.1,268.8,False
hyderabad,2025-05-29,37.8,43.7,3.9,893.1,996.0,0.6,43.7,44.7,34.8,45.8,0.0,29.0,5.0,149.0,0.0,37.2,37.0,39.6,33.8,34.0,35.1,0.0,9800.0,8.4,18.0,10.2,43.7,303.1,False
hyderabad,2025-05-30,38.3,45.3,3.3,847.7,995.6,0.0,45.3,46.8,35.3,47.8,0.0,30.0,5.0,150.0,0.0,37.8,37.2,37.0,34.8,33.8,34.0,0.0,9800.0,8.4,18.0,10.2,48.8,341.5,False
hyderabad,2025-05-31,36.5,42.8,2.0,948.8,998.5,0.6,42.8,41.3,33.9,44.9,0.0,31.0,5.0,151.0,0.0,38.3,37.8,37.2,35.3,34.8,33.8,0.0,9800.0,8.4,18.0,10.2,41.5,280.8,False
hyderabad,2025-06-01,35.6,41.8,1.4,884.4,997.5,1.3,41.8,39.0,32.7,43.7,0.0,1.0,6.0,152.0,0.0,36.5,38.3,37.8,33.9,35.3,34.8,0.0,9800.0,8.4,18.0,10.2,32.1,219.3,False
hyderabad,2025-06-02,36.8,40.6,3.3,865.7,995.1,0.6,40.6,41.0,33.4,43.5,0.0,2.0,6.0,153.0,0.0,35.6,36.5,38.3,32.7,33.9,35.3,0.0,9800.0,8.4,18.0,10.2,38.3,264.3,False
hyderabad,2025-06-03,35.3,42.6,2.3,910.0,996.0,1.8,42.6,38.6,32.6,42.8,0.0,3.0,6.0,154.0,0.0,36.8,35.6,36.5,33.4,32.7,33.9,0.0,9800.0,8.4,18.0,10.2,36.3,232.8,False
hyderabad,2025-06-04,36.4,44.9,3.9,937.7,995.4,0.4,44.9,41.9,34.0,44.0,0.0,4.0,6.0,155.0,0.0,35.3,36.8,35.6,32.6,33.4,32.7,0.0,9800.0,8.4,18.0,10.2,41.2,279.3,False
hyderabad,2025-06-05,34.6,49.6,3.3,820.6,997.3,0.5,49.6,39.6,32.5,43.2,0.0,5.0,6.0,156.0,0.0,36.4,35.3,36.8,34.0,32.6,33.4,0.0,9800.0,8.4,18.0,10.2,31.3,207.0,False
hyderabad,2025-06-06,34.4,45.9,1.8,892.3,997.9,0.8,45.9,37.9,32.2,42.8,0.0,6.0,6.0,157.0,0.0,34.6,36.4,35.3,32.5,34.0,32.6,0.0,9800.0,8.4,18.0,10.2,29.9,211.9,False
hyderabad,2025-06-07,32.6,58.2,3.3,922.5,996.2,0.9,58.2,37.9,32.3,42.3,0.0,7.0,6.0,158.0,0.0,34.4,34.6,36.4,32.2,32.5,34.0,0.0,9800.0,8.4,18.0,10.2,31.1,210.6,False
hyderabad,2025-06-08,35.6,46.3,2.5,913.3,999.6,0.5,46.3,40.6,33.4,44.3,0.0,8.0,6.0,159.0,0.0,32.6,34.4,34.6,32.3,32.2,32.5,0.0,9800.0,8.4,18.0,10.2,35.1,241.5,False
hyderabad,2025-06-09,35.0,44.6,1.7,986.4,997.3,0.4,44.6,38.7,33.1,43.4,0.0,9.0,6.0,160.0,0.0,35.6,32.6,34.4,33.4,32.3,32.2,0.0,9800.0,8.4,18.0,10.2,35.2,247.2,False
hyderabad,2025-06-10,33.9,39.5,2.6,936.4,996.2,0.4,39.5,35.1,31.1,39.6,0.0,10.0,6.0,161.0,0.0,35.0,35.6,32.6,33.1,33.4,32.3,0.0,9800.0,8.4,18.0,10.2,25.5,162.5,False
hyderabad,2025-06-11,35.4,45.7,2.6,957.5,1000.0,0.3,45.7,39.9,33.4,43.7,0.0,11.0,6.0,162.0,0.0,33.9,35.0,35.6,31.1,33.1,33.4,0.0,9800.0,8.4,18.0,10.2,38.3,262.5,False
hyderabad,2025-06-12,34.4,52.1,2.9,941.5,998.8,0.9,52.1,40.1,33.3,43.9,0.0,12.0,6.0,163.0,0.0,35.4,33.9,35.0,33.4,31.1,33.1,0.0,9800.0,8.4,18.0,10.2,36.4,250.6,False
hyderabad,2025-06-13,33.7,51.6,2.1,853.4,994.5,0.1,51.6,38.3,32.2,43.2,0.0,13.0,6.0,164.0,0.0,34.4,35.4,33.9,33.3,33.4,31.1,0.0,9800.0,8.4,18.0,10.2,29.4,209.9,False
hyderabad,2025-06-14,34.5,49.2,2.7,1004.4,995.6,0.2,49.2,39.2,33.3,43.3,0.0,14.0,6.0,165.0,0.0,33.7,34.4,35.4,32.2,33.3,33.4,0.0,9800.0,8.4,18.0,10.2,37.4,250.9,False
hyderabad,2025-06-15,36.2,47.9,1.6,944.9,997.4,0.8,47.9,42.7,34.4,46.7,0.0,15.0,6.0,166.0,0.0,34.5,33.7,34.4,33.3,32.2,33.3,0.0,9800.0,8.4,18.0,10.2,44.8,297.8,False
hyderabad,2025-06-16,36.6,44.3,2.2,973.0,996.5,1.0,44.3,42.1,34.3,45.5,0.0,16.0,6.0,167.0,0.0,36.2,34.5,33.7,34.4,33.3,32.2,0.0,9800.0,8.4,18.0,10.2,44.6,293.2,False
hyderabad,2025-06-17,36.5,43.9,2.3,963.9,995.0,0.6,43.9,41.7,34.1,45.1,0.0,17.0,6.0,168.0,0.0,36.6,36.2,34.5,34.3,34.4,33.3,0.0,9800.0,8.4,18.0,10.2,42.8,295.4,False
hyderabad,2025-06-18,37.9,41.7,4.3,987.0,998.0,1.7,41.7,44.0,35.1,44.8,0.0,18.0,6.0,169.0,0.0,36.5,36.6,36.2,34.1,34.3,34.4,0.0,9800.0,8.4,18.0,10.2,47.4,326.1,False
hyderabad,2025-06-19,38.4,49.4,2.9,959.0,994.3,0.0,49.4,49.4,36.6,50.0,0.0,19.0,6.0,170.0,0.0,37.9,36.5,36.6,35.1,34.1,34.3,0.0,9800.0,8.4,18.0,10.2,59.9,403.1,False
hyderabad,2025-06-20,35.9,37.0,2.8,871.3,996.6,0.4,37.0,38.0,32.1,41.3,0.0,20.0,6.0,171.0,0.0,38.4,37.9,36.5,36.6,35.1,34.1,0.0,9800.0,8.4,18.0,10.2,31.5,201.4,False
hyderabad,2025-06-21,38.5,38.1,2.4,919.0,996.4,0.0,38.1,43.7,34.7,45.9,0.0,21.0,6.0,172.0,0.0,35.9,38.4,37.9,32.1,36.6,35.1,0.0,9800.0,8.4,18.0,10.2,45.4,321.7,False
hyderabad,2025-06-22,41.1,37.7,2.1,909.4,995.7,0.0,37.7,49.7,36.9,50.2,0.0,22.0,6.0,173.0,1.0,38.5,35.9,38.4,34.7,32.1,36.6,6.1,9800.0,8.4,18.0,10.2,68.9,480.0,False
hyderabad,2025-06-23,42.0,38.2,3.8,925.0,995.6,0.0,38.2,52.4,37.7,50.3,0.0,23.0,6.0,174.0,2.0,41.1,38.5,35.9,36.9,34.7,32.1,14.0,9800.0,8.4,18.0,10.2,80.4,480.0,False
hyderabad,2025-06-24,41.4,39.0,2.5,916.2,998.8,0.0,39.0,51.3,37.4,51.0,0.0,24.0,6.0,175.0,3.0,42.0,41.1,38.5,37.7,36.9,34.7,19.2,9800.0,8.4,18.0,10.2,82.1,480.0,False
hyderabad,2025-06-25,43.5,37.8,4.0,981.3,995.0,0.0,37.8,56.3,39.2,52.5,0.0,25.0,6.0,176.0,4.0,41.4,42.0,41.1,37.4,37.7,36.9,34.0,9800.0,8.4,18.0,10.2,98.0,480.0,False
hyderabad,2025-06-26,42.7,34.8,3.4,853.8,993.6,0.0,34.8,51.9,37.3,49.9,0.0,26.0,6.0,177.0,5.0,43.5,41.4,42.0,39.2,37.4,37.7,38.5,9800.0,8.4,18.0,10.2,87.8,480.0,False
hyderabad,2025-06-27,43.1,34.8,3.4,950.1,998.0,0.0,34.8,52.9,38.2,50.6,0.0,27.0,6.0,178.0,6.0,42.7,43.5,41.4,37.3,39.2,37.4,48.6,9800.0,8.4,18.0,10.2,95.8,480.0,False
hyderabad,2025-06-28,45.9,32.6,1.6,908.3,999.2,0.0,32.6,58.7,39.9,56.0,0.0,28.0,6.0,179.0,7.0,43.1,42.7,43.5,38.2,37.3,39.2,76.3,9800.0,8.4,18.0,10.2,98.0,480.0,False
hyderabad,2026-03-01,25.5,61.7,2.7,645.0,999.1,0.7,61.7,25.7,24.8,32.5,0.0,1.0,3.0,60.0,0.0,45.9,43.1,42.7,39.9,38.2,37.3,0.0,9800.0,8.4,18.0,10.2,8.2,45.2,False
hyderabad,2026-03-02,24.3,61.4,1.2,779.2,999.5,0.3,61.4,24.4,24.4,31.5,0.0,2.0,3.0,61.0,0.0,25.5,45.9,43.1,24.8,39.9,38.2,0.0,9800.0,8.4,18.0,10.2,6.0,33.2,False
hyderabad,2026-03-03,24.3,69.9,2.8,760.2,1004.8,0.7,69.9,24.6,25.0,31.9,0.0,3.0,3.0,62.0,0.0,24.3,25.5,45.9,24.4,24.8,39.9,0.0,9800.0,8.4,18.0,10.2,8.3,34.2,False
hyderabad,2026-03-04,25.1,62.9,2.9,817.9,1000.8,0.2,62.9,25.3,25.4,32.0,0.0,4.0,3.0,63.0,0.0,24.3,24.3,25.5,25.0,24.4,24.8,0.0,9800.0,8.4,18.0,10.2,8.3,35.7,False
hyderabad,2026-03-05,27.3,60.1,3.6,747.5,1003.2,0.1,60.1,28.5,26.7,34.3,0.0,5.0,3.0,64.0,0.0,25.1,24.3,24.3,25.4,25.0,24.4,0.0,9800.0,8.4,18.0,10.2,5.4,36.8,False
hyderabad,2026-03-06,25.7,63.9,2.1,773.5,1000.8,0.2,63.9,26.0,25.8,33.4,0.0,6.0,3.0,65.0,0.0,27.3,25.1,24.3,26.7,25.4,25.0,0.0,9800.0,8.4,18.0,10.2,10.0,53.3,False
hyderabad,2026-03-07,25.7,52.9,3.0,753.7,999.7,0.2,52.9,25.7,24.5,31.2,0.0,7.0,3.0,66.0,0.0,25.7,27.3,25.1,25.8,26.7,25.4,0.0,9800.0,8.4,18.0,10.2,7.2,44.3,False
hyderabad,2026-03-08,27.1,57.8,1.1,777.0,1002.0,0.2,57.8,28.0,26.6,35.0,0.0,8.0,3.0,67.0,0.0,25.7,25.7,27.3,24.5,25.8,26.7,0.0,9800.0,8.4,18.0,10.2,9.4,45.4,False
hyderabad,2026-03-09,25.8,52.4,1.9,706.4,1003.0,3.4,52.4,25.8,24.4,31.8,0.0,9.0,3.0,68.0,0.0,27.1,25.7,25.7,26.6,24.5,25.8,0.0,9800.0,8.4,18.0,10.2,7.7,39.5,False
hyderabad,2026-03-10,27.7,64.8,1.4,743.1,1006.4,1.4,64.8,29.5,27.7,37.1,0.0,10.0,3.0,69.0,0.0,25.8,27.1,25.7,24.4,26.6,24.5,0.0,9800.0,8.4,18.0,10.2,10.5,46.6,False
hyderabad,2026-03-11,25.3,59.6,2.9,728.6,1001.2,0.1,59.6,25.4,24.8,31.8,0.0,11.0,3.0,70.0,0.0,27.7,25.8,27.1,27.7,24.4,26.6,0.0,9800.0,8.4,18.0,10.2,5.6,40.6,False
hyderabad,2026-03-12,26.8,63.8,1.2,718.6,1003.8,0.1,63.8,28.1,26.6,35.6,0.0,12.0,3.0,71.0,0.0,25.3,27.7,25.8,24.8,27.7,24.4,0.0,9800.0,8.4,18.0,10.2,5.8,34.4,False
hyderabad,2026-03-13,26.3,56.8,3.8,800.3,1002.8,1.5,56.8,26.5,25.7,32.3,0.0,13.0,3.0,72.0,0.0,26.8,25.3,27.7,26.6,24.8,27.7,0.0,9800.0,8.4,18.0,10.2,7.3,46.6,False
hyderabad,2026-03-14,26.3,57.5,2.5,741.0,1000.8,2.2,57.5,26.5,25.5,33.0,0.0,14.0,3.0,73.0,0.0,26.3,26.8,25.3,25.7,26.6,24.8,0.0,9800.0,8.4,18.0,10.2,9.0,38.3,False
hyderabad,2026-03-15,27.3,53.8,3.0,740.9,1002.3,0.0,53.8,28.0,26.0,33.5,0.0,15.0,3.0,74.0,0.0,26.3,26.3,26.8,25.5,25.7,26.6,0.0,9800.0,8.4,18.0,10.2,9.4,48.2,False
hyderabad,2026-03-16,26.0,54.1,2.8,794.5,998.4,0.2,54.1,26.1,25.2,31.9,0.0,16.0,3.0,75.0,0.0,27.3,26.3,26.3,26.0,25.5,25.7,0.0,9800.0,8.4,18.0,10.2,8.2,36.1,False
hyderabad,2026-03-17,27.9,55.3,2.7,735.4,997.2,0.1,55.3,28.8,26.7,34.8,0.0,17.0,3.0,76.0,0.0,26.0,27.3,26.3,25.2,26.0,25.5,0.0,9800.0,8.4,18.0,10.2,6.0,39.8,False
hyderabad,2026-03-18,25.3,62.4,3.0,703.0,999.8,1.4,62.4,25.5,24.9,32.1,0.0,18.0,3.0,77.0,0.0,27.9,26.0,27.3,26.7,25.2,26.0,0.0,9800.0,8.4,18.0,10.2,9.7,53.4,False
hyderabad,2026-03-19,27.7,57.5,1.7,829.4,998.4,0.0,57.5,28.8,27.3,35.5,0.0,19.0,3.0,78.0,0.0,25.3,27.9,26.0,24.9,26.7,25.2,0.0,9800.0,8.4,18.0,10.2,11.0,50.6,False
hyderabad,2026-03-20,26.8,51.4,2.6,766.5,996.8,2.9,51.4,27.3,25.5,32.7,0.0,20.0,3.0,79.0,0.0,27.7,25.3,27.9,27.3,24.9,26.7,0.0,9800.0,8.4,18.0,10.2,6.2,32.8,False
hyderabad,2026-03-21,25.3,64.4,2.5,764.4,998.4,0.8,64.4,25.6,25.5,32.7,0.0,21.0,3.0,80.0,0.0,26.8,27.7,25.3,25.5,27.3,24.9,0.0,9800.0,8.4,18.0,10.2,7.6,37.6,False
hyderabad,2026-03-22,26.8,52.8,2.2,779.5,1004.5,0.1,52.8,27.4,25.7,33.1,0.0,22.0,3.0,81.0,0.0,25.3,26.8,27.7,25.5,25.5,27.3,0.0,9800.0,8.4,18.0,10.2,8.5,40.2,False
hyderabad,2026-03-23,26.2,59.1,3.6,786.5,999.0,0.9,59.1,26.4,25.8,32.6,0.0,23.0,3.0,82.0,0.0,26.8,25.3,26.8,25.7,25.5,25.5,0.0,9800.0,8.4,18.0,10.2,6.6,37.7,False
hyderabad,2026-03-24,25.8,60.6,2.2,834.9,1001.8,0.1,60.6,26.0,25.9,33.0,0.0,24.0,3.0,83.0,0.0,26.2,26.8,25.3,25.8,25.7,25.5,0.0,9800.0,8.4,18.0,10.2,9.4,45.1,False
hyderabad,2026-03-25,26.5,55.0,2.9,855.9,1005.9,0.1,55.0,26.6,26.0,32.7,0.0,25.0,3.0,84.0,0.0,25.8,26.2,26.8,25.9,25.8,25.7,0.0,9800.0,8.4,18.0,10.2,8.6,44.4,False
hyderabad,2026-03-26,26.9,59.8,1.8,809.6,997.1,0.4,59.8,27.9,26.7,34.7,0.0,26.0,3.0,85.0,0.0,26.5,25.8,26.2,26.0,25.9,25.8,0.0,9800.0,8.4,18.0,10.2,9.7,48.4,False
hyderabad,2026-03-27,27.4,49.2,3.1,764.4,999.3,0.1,49.2,27.8,25.7,32.8,0.0,27.0,3.0,86.0,0.0,26.9,26.5,25.8,26.7,26.0,25.9,0.0,9800.0,8.4,18.0,10.2,7.6,39.4,False
hyderabad,2026-03-28,27.1,53.4,2.5,737.7,1000.8,0.3,53.4,27.7,25.8,33.5,0.0,28.0,3.0,87.0,0.0,27.4,26.9,26.5,25.7,26.7,26.0,0.0,9800.0,8.4,18.0,10.2,7.1,38.5,False
hyderabad,2026-03-29,25.6,58.3,3.0,726.0,1004.2,0.1,58.3,25.7,24.9,31.9,0.0,29.0,3.0,88.0,0.0,27.1,27.4,26.9,25.8,25.7,26.7,0.0,9800.0,8.4,18.0,10.2,9.8,42.9,False
hyderabad,2026-03-30,26.6,51.9,4.2,853.2,999.2,0.0,51.9,27.2,25.7,31.7,0.0,30.0,3.0,89.0,0.0,25.6,27.1,27.4,24.9,25.8,25.7,0.0,9800.0,8.4,18.0,10.2,7.1,44.2,False
hyderabad,2026-03-31,25.8,56.7,2.9,741.9,998.1,0.1,56.7,25.9,25.0,32.0,0.0,31.0,3.0,90.0,0.0,26.6,25.6,27.1,25.7,24.9,25.8,0.0,9800.0,8.4,18.0,10.2,8.2,41.6,False
hyderabad,2026-04-01,27.7,57.3,2.2,805.8,996.9,0.2,57.3,28.8,27.2,35.2,0.0,1.0,4.0,91.0,0.0,25.8,26.6,25.6,25.0,25.7,24.9,0.0,9800.0,8.4,18.0,10.2,6.2,33.7,False
hyderabad,2026-04-02,27.0,58.7,2.4,813.0,998.9,0.3,58.7,28.0,26.7,34.3,0.0,2.0,4.0,92.0,0.0,27.7,25.8,26.6,27.2,25.0,25.7,0.0,9800.0,8.4,18.0,10.2,9.9,53.0,False
hyderabad,2026-04-03,26.5,58.3,3.1,844.1,998.1,0.1,58.3,27.4,26.3,33.1,0.0,3.0,4.0,93.0,0.0,27.0,27.7,25.8,26.7,27.2,25.0,0.0,9800.0,8.4,18.0,10.2,6.9,38.4,False
hyderabad,2026-04-04,27.9,67.6,2.8,766.1,997.4,0.2,67.6,30.2,28.2,37.0,0.0,4.0,4.0,94.0,0.0,26.5,27.0,27.7,26.3,26.7,27.2,0.0,9800.0,8.4,18.0,10.2,8.7,43.1,False
hyderabad,2026-04-05,27.7,58.9,2.7,853.9,996.9,0.2,58.9,28.9,27.5,35.2,0.0,5.0,4.0,95.0,0.0,27.9,26.5,27.0,28.2,26.3,26.7,0.0,9800.0,8.4,18.0,10.2,9.4,50.9,False
hyderabad,2026-04-06,26.3,61.8,2.0,739.7,999.4,0.6,61.8,26.6,26.0,34.0,0.0,6.0,4.0,96.0,0.0,27.7,27.9,26.5,27.5,28.2,26.3,0.0,9800.0,8.4,18.0,10.2,6.7,33.9,False
hyderabad,2026-04-07,28.9,59.1,2.1,801.1,1002.0,0.0,59.1,30.7,28.4,37.4,0.0,7.0,4.0,97.0,0.0,26.3,27.7,27.9,26.0,27.5,28.2,0.0,9800.0,8.4,18.0,10.2,12.3,70.0,False
hyderabad,2026-04-08,28.1,56.8,1.1,877.9,999.2,0.6,56.8,29.2,27.9,36.4,0.0,8.0,4.0,98.0,0.0,28.9,26.3,27.7,28.4,26.0,27.5,0.0,9800.0,8.4,18.0,10.2,10.4,41.4,False
hyderabad,2026-04-09,28.2,63.6,3.0,811.3,1000.6,0.0,63.6,30.2,28.3,36.6,0.0,9.0,4.0,99.0,0.0,28.1,28.9,26.3,27.9,28.4,26.0,0.0,9800.0,8.4,18.0,10.2,8.4,46.6,False
hyderabad,2026-04-10,26.8,59.8,2.7,766.5,1003.9,0.2,59.8,27.8,26.4,34.0,0.0,10.0,4.0,100.0,0.0,28.2,28.1,28.9,28.3,27.9,28.4,0.0,9800.0,8.4,18.0,10.2,8.1,39.9,False
hyderabad,2026-04-11,28.3,52.3,4.0,829.5,1001.3,0.3,52.3,29.0,27.2,34.1,0.0,11.0,4.0,101.0,0.0,26.8,28.2,28.1,26.4,28.3,27.9,0.0,9800.0,8.4,18.0,10.2,8.7,42.3,False
hyderabad,2026-04-12,28.6,59.0,1.4,827.9,999.0,0.1,59.0,30.2,28.3,37.4,0.0,12.0,4.0,102.0,0.0,28.3,26.8,28.2,27.2,26.4,28.3,0.0,9800.0,8.4,18.0,10.2,10.5,53.9,False
hyderabad,2026-04-13,28.1,58.3,2.9,843.4,1000.1,0.1,58.3,29.4,27.8,35.6,0.0,13.0,4.0,103.0,0.0,28.6,28.3,26.8,28.3,27.2,26.4,0.0,9800.0,8.4,18.0,10.2,3.1,29.2,False
hyderabad,2026-04-14,28.6,54.3,1.7,775.9,998.4,0.2,54.3,29.6,27.5,36.2,0.0,14.0,4.0,104.0,0.0,28.1,28.6,28.3,27.8,28.3,27.2,0.0,9800.0,8.4,18.0,10.2,6.4,35.9,False
hyderabad,2026-04-15,29.4,52.8,0.9,830.6,1000.7,0.1,52.8,30.6,28.4,37.6,0.0,15.0,4.0,105.0,0.0,28.6,28.1,28.6,27.5,27.8,28.3,0.0,9800.0,8.4,18.0,10.2,8.7,54.8,False
hyderabad,2026-04-16,31.6,49.9,2.2,860.4,1000.1,0.1,49.9,33.6,30.1,39.4,0.0,16.0,4.0,106.0,0.0,29.4,28.6,28.1,28.4,27.5,27.8,0.0,9800.0,8.4,18.0,10.2,19.6,124.1,False
hyderabad,2026-04-17,32.1,44.8,2.9,795.2,996.2,0.2,44.8,33.4,29.5,38.3,0.0,17.0,4.0,107.0,0.0,31.6,29.4,28.6,30.1,28.4,27.5,0.0,9800.0,8.4,18.0,10.2,17.3,101.6,False
hyderabad,2026-04-18,32.7,44.1,1.9,806.9,1000.9,0.9,44.1,34.2,30.1,39.7,0.0,18.0,4.0,108.0,0.0,32.1,31.6,29.4,29.5,30.1,28.4,0.0,9800.0,8.4,18.0,10.2,17.1,108.8,False
hyderabad,2026-04-19,31.7,61.1,2.1,791.9,1001.9,0.4,61.1,36.7,31.2,42.5,0.0,19.0,4.0,109.0,0.0,32.7,32.1,31.6,30.1,29.5,30.1,0.0,9800.0,8.4,18.0,10.2,27.9,172.8,False
hyderabad,2026-04-20,32.3,48.7,3.3,824.3,1000.5,0.1,48.7,34.6,30.3,39.4,0.0,20.0,4.0,110.0,0.0,31.7,32.7,32.1,31.2,30.1,29.5,0.0,9800.0,8.4,18.0,10.2,21.4,125.5,False
hyderabad,2026-04-21,31.5,57.7,2.8,858.2,1001.3,0.5,57.7,35.3,30.9,40.7,0.0,21.0,4.0,111.0,0.0,32.3,31.7,32.7,30.3,31.2,30.1,0.0,9800.0,8.4,18.0,10.2,23.8,158.6,False
hyderabad,2026-04-22,34.1,48.6,1.6,817.4,996.8,0.3,48.6,38.1,32.0,43.4,0.0,22.0,4.0,112.0,0.0,31.5,32.3,31.7,30.9,30.3,31.2,0.0,9800.0,8.4,18.0,10.2,30.6,202.8,False
hyderabad,2026-04-23,31.5,49.3,1.1,798.7,999.0,0.0,49.3,33.3,29.7,39.8,0.0,23.0,4.0,113.0,0.0,34.1,31.5,32.3,32.0,30.9,30.3,0.0,9800.0,8.4,18.0,10.2,17.1,109.1,False
hyderabad,2026-04-24,31.9,51.9,3.9,843.3,1001.4,0.3,51.9,34.6,30.5,39.2,0.0,24.0,4.0,114.0,0.0,31.5,34.1,31.5,29.7,32.0,30.9,0.0,9800.0,8.4,18.0,10.2,23.0,144.3,False
hyderabad,2026-04-25,29.6,60.3,3.8,891.4,997.7,0.3,60.3,32.1,29.6,37.6,0.0,25.0,4.0,115.0,0.0,31.9,31.5,34.1,30.5,29.7,32.0,0.0,9800.0,8.4,18.0,10.2,16.6,97.4,False
hyderabad,2026-04-26,28.9,65.5,2.3,865.1,997.7,0.2,65.5,31.7,29.5,38.6,0.0,26.0,4.0,116.0,0.0,29.6,31.9,31.5,29.6,30.5,29.7,0.0,9800.0,8.4,18.0,10.2,16.8,98.5,False
hyderabad,2026-04-27,30.6,49.6,2.7,847.8,997.2,0.6,49.6,31.9,29.1,37.5,0.0,27.0,4.0,117.0,0.0,28.9,29.6,31.9,29.5,29.6,30.5,0.0,9800.0,8.4,18.0,10.2,13.5,81.4,False
hyderabad,2026-04-28,28.9,54.8,0.5,841.8,998.8,0.1,54.8,30.1,28.3,37.5,0.0,28.0,4.0,118.0,0.0,30.6,28.9,29.6,29.1,29.5,29.6,0.0,9800.0,8.4,18.0,10.2,10.4,51.1,False
hyderabad,2026-04-29,28.1,50.4,2.5,951.7,999.4,0.8,50.4,28.6,27.4,34.3,0.0,29.0,4.0,119.0,0.0,28.9,30.6,28.9,28.3,29.1,29.5,0.0,9800.0,8.4,18.0,10.2,6.7,39.7,False
hyderabad,2026-04-30,28.5,53.2,0.9,865.8,997.4,1.9,53.2,29.4,27.8,36.3,0.0,30.0,4.0,120.0,0.0,28.1,28.9,30.6,27.4,28.3,29.1,0.0,9800.0,8.4,18.0,10.2,9.7,61.4,False
hyderabad,2026-05-01,28.4,57.3,4.1,737.5,998.4,0.2,57.3,29.7,27.4,35.1,0.0,1.0,5.0,121.0,0.0,28.5,28.1,28.9,27.8,27.4,28.3,0.0,9800.0,8.4,18.0,10.2,7.8,42.1,False
hyderabad,2026-05-02,28.0,62.3,3.0,882.1,999.3,0.1,62.3,29.7,28.3,36.1,0.0,2.0,5.0,122.0,0.0,28.4,28.5,28.1,27.4,27.8,27.4,0.0,9800.0,8.4,18.0,10.2,11.6,61.2,False
hyderabad,2026-05-03,26.4,63.9,0.9,981.0,998.8,0.0,63.9,27.6,27.6,35.2,0.0,3.0,5.0,123.0,0.0,28.0,28.4,28.5,28.3,27.4,27.8,0.0,9800.0,8.4,18.0,10.2,8.9,38.8,False
hyderabad,2026-05-04,27.7,58.6,2.3,915.3,997.0,0.2,58.6,28.9,27.8,35.4,0.0,4.0,5.0,124.0,0.0,26.4,28.0,28.4,27.6,28.3,27.4,0.0,9800.0,8.4,18.0,10.2,8.5,46.6,False
hyderabad,2026-05-05,28.8,51.5,2.4,826.7,1000.4,0.9,51.5,29.6,27.6,35.5,0.0,5.0,5.0,125.0,0.0,27.7,26.4,28.0,27.8,27.6,28.3,0.0,9800.0,8.4,18.0,10.2,5.7,39.6,False
hyderabad,2026-05-06,26.4,70.2,2.1,966.7,996.0,0.9,70.2,27.9,28.1,35.5,0.0,6.0,5.0,126.0,0.0,28.8,27.7,26.4,27.6,27.8,27.6,0.0,9800.0,8.4,18.0,10.2,10.1,45.5,False
hyderabad,2026-05-07,28.9,56.5,3.5,899.3,999.5,0.8,56.5,30.4,28.6,36.0,0.0,7.0,5.0,127.0,0.0,26.4,28.8,27.7,28.1,27.6,27.8,0.0,9800.0,8.4,18.0,10.2,10.0,62.2,False
hyderabad,2026-05-08,27.7,55.7,3.1,824.5,997.7,0.4,55.7,28.6,27.0,34.4,0.0,8.0,5.0,128.0,0.0,28.9,26.4,28.8,28.6,28.1,27.6,0.0,9800.0,8.4,18.0,10.2,8.2,38.7,False
hyderabad,2026-05-09,29.3,55.1,2.8,850.6,1000.9,0.8,55.1,30.8,28.6,36.8,0.0,9.0,5.0,129.0,0.0,27.7,28.9,26.4,27.0,28.6,28.1,0.0,9800.0,8.4,18.0,10.2,8.8,69.6,False
hyderabad,2026-05-10,28.6,62.4,3.6,913.9,998.1,0.5,62.4,30.7,29.0,36.7,0.0,10.0,5.0,130.0,0.0,29.3,27.7,28.9,28.6,27.0,28.6,0.0,9800.0,8.4,18.0,10.2,14.0,72.7,False
hyderabad,2026-05-11,28.4,59.4,3.0,924.8,997.6,0.0,59.4,30.0,28.6,36.1,0.0,11.0,5.0,131.0,0.0,28.6,29.3,27.7,29.0,28.6,27.0,0.0,9800.0,8.4,18.0,10.2,12.8,71.9,False
hyderabad,2026-05-12,29.8,59.6,2.1,948.5,998.6,0.7,59.6,32.4,30.1,38.9,0.0,12.0,5.0,132.0,0.0,28.4,28.6,29.3,28.6,29.0,28.6,0.0,9800.0,8.4,18.0,10.2,21.4,132.1,False
hyderabad,2026-05-13,30.2,63.4,3.3,897.3,998.8,0.8,63.4,34.0,30.6,39.6,0.0,13.0,5.0,133.0,0.0,29.8,28.4,28.6,30.1,28.6,29.0,0.0,9800.0,8.4,18.0,10.2,23.2,145.2,False
hyderabad,2026-05-14,32.1,48.2,2.8,895.3,994.4,0.3,48.2,34.1,30.5,39.3,0.0,14.0,5.0,134.0,0.0,30.2,29.8,28.4,30.6,30.1,28.6,0.0,9800.0,8.4,18.0,10.2,21.9,137.1,False
hyderabad,2026-05-15,32.8,53.6,1.9,1050.0,998.6,0.0,53.6,36.9,32.6,42.5,0.0,15.0,5.0,135.0,0.0,32.1,30.2,29.8,30.5,30.6,30.1,0.0,9800.0,8.4,18.0,10.2,29.9,216.1,False
hyderabad,2026-05-16,35.2,42.9,1.7,898.7,1001.1,0.3,42.9,38.5,32.6,43.2,0.0,16.0,5.0,136.0,0.0,32.8,32.1,30.2,32.6,30.5,30.6,0.0,9800.0,8.4,18.0,10.2,33.3,221.6,False
hyderabad,2026-05-17,33.4,48.4,2.3,915.2,993.7,0.0,48.4,36.6,31.8,41.7,0.0,17.0,5.0,137.0,0.0,35.2,32.8,32.1,32.6,32.6,30.5,0.0,9800.0,8.4,18.0,10.2,29.3,186.6,False
hyderabad,2026-05-18,35.4,45.4,3.1,919.0,997.0,0.7,45.4,39.8,33.1,43.2,0.0,18.0,5.0,138.0,0.0,33.4,35.2,32.8,31.8,32.6,32.6,0.0,9800.0,8.4,18.0,10.2,37.0,254.3,False
hyderabad,2026-05-19,34.6,49.6,2.0,795.8,996.9,0.8,49.6,39.6,32.5,44.2,0.0,19.0,5.0,139.0,0.0,35.4,33.4,35.2,33.1,31.8,32.6,0.0,9800.0,8.4,18.0,10.2,30.2,196.5,False
hyderabad,2026-05-20,35.6,52.1,3.5,847.4,997.3,0.2,52.1,43.0,33.9,45.5,0.0,20.0,5.0,140.0,0.0,34.6,35.4,33.4,32.5,33.1,31.8,0.0,9800.0,8.4,18.0,10.2,39.8,278.5,False
hyderabad,2026-05-21,35.9,44.4,2.9,785.0,999.9,0.4,44.4,40.6,32.8,43.8,0.0,21.0,5.0,141.0,0.0,35.6,34.6,35.4,33.9,32.5,33.1,0.0,9800.0,8.4,18.0,10.2,35.7,238.1,False
hyderabad,2026-05-22,36.3,52.0,1.1,913.2,999.0,0.1,52.0,44.9,35.0,48.8,0.0,22.0,5.0,142.0,0.0,35.9,35.6,34.6,32.8,33.9,32.5,0.0,9800.0,8.4,18.0,10.2,44.7,296.0,False
hyderabad,2026-05-23,36.9,50.3,2.3,897.5,997.6,0.8,50.3,45.7,35.1,48.2,0.0,23.0,5.0,143.0,0.0,36.3,35.9,35.6,35.0,32.8,33.9,0.0,9800.0,8.4,18.0,10.2,45.6,315.7,False
hyderabad,2026-05-24,37.5,38.9,2.0,893.7,996.7,0.1,38.9,41.8,33.9,45.0,0.0,24.0,5.0,144.0,0.0,36.9,36.3,35.9,35.1,35.0,32.8,0.0,9800.0,8.4,18.0,10.2,40.0,276.1,False
hyderabad,2026-05-25,39.7,42.3,2.2,923.2,999.2,0.0,42.3,48.8,36.5,49.9,0.0,25.0,5.0,145.0,0.0,37.5,36.9,36.3,33.9,35.1,35.0,0.0,9800.0,8.4,18.0,10.2,61.8,433.8,False
hyderabad,2026-05-26,36.4,45.5,2.7,819.3,998.1,1.3,45.5,42.1,33.6,45.2,0.0,26.0,5.0,146.0,0.0,39.7,37.5,36.9,36.5,33.9,35.1,0.0,9800.0,8.4,18.0,10.2,40.2,275.8,False
hyderabad,2026-05-27,37.7,48.8,3.4,834.5,998.9,0.1,48.8,47.1,35.2,48.0,0.0,27.0,5.0,147.0,0.0,36.4,39.7,37.5,33.6,36.5,33.9,0.0,9800.0,8.4,18.0,10.2,44.5,313.1,False
hyderabad,2026-05-28,39.8,37.9,2.8,908.7,1000.1,0.0,37.9,46.6,35.7,47.5,0.0,28.0,5.0,148.0,0.0,37.7,36.4,39.7,35.2,33.6,36.5,0.0,9800.0,8.4,18.0,10.2,54.2,388.3,False
hyderabad,2026-05-29,38.7,38.5,3.3,828.4,999.7,0.0,38.5,44.3,34.5,45.6,0.0,29.0,5.0,149.0,0.0,39.8,37.7,36.4,35.7,35.2,33.6,0.0,9800.0,8.4,18.0,10.2,43.2,303.0,False
hyderabad,2026-05-30,38.0,43.9,1.0,952.1,999.0,1.3,43.9,45.3,35.5,48.8,0.0,30.0,5.0,150.0,0.0,38.7,39.8,37.7,34.5,35.7,35.2,0.0,9800.0,8.4,18.0,10.2,52.1,348.9,False
hyderabad,2026-05-31,37.5,41.2,3.5,902.3,994.9,0.5,41.2,42.8,34.2,44.7,0.0,31.0,5.0,151.0,0.0,38.0,38.7,39.8,35.5,34.5,35.7,0.0,9800.0,8.4,18.0,10.2,42.3,295.4,False
hyderabad,2026-06-01,36.2,47.9,2.9,951.2,999.1,0.2,47.9,42.7,34.4,45.5,0.0,1.0,6.0,152.0,0.0,37.5,38.0,38.7,34.2,35.5,34.5,0.0,9800.0,8.4,18.0,10.2,43.2,299.4,False
hyderabad,2026-06-02,35.8,38.9,3.2,850.8,994.0,0.2,38.9,38.4,32.2,41.6,0.0,2.0,6.0,153.0,0.0,36.2,37.5,38.0,34.4,34.2,35.5,0.0,9800.0,8.4,18.0,10.2,32.6,220.2,False
hyderabad,2026-06-03,34.4,43.6,1.4,863.3,996.9,0.2,43.6,37.2,31.8,42.4,0.0,3.0,6.0,154.0,0.0,35.8,36.2,37.5,32.2,34.4,34.2,0.0,9800.0,8.4,18.0,10.2,28.3,197.7,False
hyderabad,2026-06-04,36.3,47.9,2.4,922.8,999.1,0.5,47.9,43.0,34.4,46.1,0.0,4.0,6.0,155.0,0.0,34.4,35.8,36.2,31.8,32.2,34.4,0.0,9800.0,8.4,18.0,10.2,43.8,294.6,False
hyderabad,2026-06-05,35.7,56.6,2.1,1001.6,992.3,0.6,56.6,45.4,35.4,48.4,0.0,5.0,6.0,156.0,0.0,36.3,34.4,35.8,34.4,31.8,32.2,0.0,9800.0,8.4,18.0,10.2,49.6,337.6,False
hyderabad,2026-06-06,35.6,46.0,2.7,991.1,996.4,0.5,46.0,40.5,33.8,44.1,0.0,6.0,6.0,157.0,0.0,35.7,36.3,34.4,35.4,34.4,31.8,0.0,9800.0,8.4,18.0,10.2,42.6,277.5,False
hyderabad,2026-06-07,33.0,52.0,1.6,941.9,992.7,0.2,52.0,36.9,32.1,42.6,0.0,7.0,6.0,158.0,0.0,35.6,35.7,36.3,33.8,35.4,34.4,0.0,9800.0,8.4,18.0,10.2,32.2,221.2,False
hyderabad,2026-06-08,34.7,47.2,4.0,895.2,996.9,0.2,47.2,39.0,32.6,42.0,0.0,8.0,6.0,159.0,0.0,33.0,35.6,35.7,32.1,33.8,35.4,0.0,9800.0,8.4,18.0,10.2,32.8,227.6,False
hyderabad,2026-06-09,32.5,50.1,2.3,911.2,995.0,0.5,50.1,35.3,31.2,40.7,0.0,9.0,6.0,160.0,0.0,34.7,33.0,35.6,32.6,32.1,33.8,0.0,9800.0,8.4,18.0,10.2,28.9,187.3,False
hyderabad,2026-06-10,34.3,51.8,3.1,807.4,996.9,1.4,51.8,39.7,32.5,43.5,0.0,10.0,6.0,161.0,0.0,32.5,34.7,33.0,31.2,32.6,32.1,0.0,9800.0,8.4,18.0,10.2,35.6,223.9,False
hyderabad,2026-06-11,33.4,61.1,3.0,788.3,998.9,0.4,61.1,41.0,32.8,44.7,0.0,11.0,6.0,162.0,0.0,34.3,32.5,34.7,32.5,31.2,32.6,0.0,9800.0,8.4,18.0,10.2,32.9,240.0,False
hyderabad,2026-06-12,33.4,42.6,2.9,1002.2,998.5,0.3,42.6,35.0,31.4,39.6,0.0,12.0,6.0,163.0,0.0,33.4,34.3,32.5,32.8,32.5,31.2,0.0,9800.0,8.4,18.0,10.2,27.5,186.7,False
hyderabad,2026-06-13,33.6,47.9,2.7,900.4,998.9,1.2,47.9,36.9,31.8,41.5,0.0,13.0,6.0,164.0,0.0,33.4,33.4,34.3,31.4,32.8,32.5,0.0,9800.0,8.4,18.0,10.2,30.5,202.0,False
hyderabad,2026-06-14,32.7,51.8,2.5,935.7,996.6,0.1,51.8,36.2,31.7,41.4,0.0,14.0,6.0,165.0,0.0,33.6,33.4,33.4,31.8,31.4,32.8,0.0,9800.0,8.4,18.0,10.2,29.4,198.6,False
hyderabad,2026-06-15,36.8,50.9,2.4,971.8,996.1,0.1,50.9,45.7,35.5,48.1,0.0,15.0,6.0,166.0,0.0,32.7,33.6,33.4,31.7,31.8,31.4,0.0,9800.0,8.4,18.0,10.2,49.2,341.8,False
hyderabad,2026-06-16,35.7,50.6,3.5,965.2,995.5,0.1,50.6,42.6,34.4,45.1,0.0,16.0,6.0,167.0,0.0,36.8,32.7,33.6,35.5,31.7,31.8,0.0,9800.0,8.4,18.0,10.2,42.9,291.6,False
hyderabad,2026-06-17,36.3,40.1,2.4,1029.0,994.2,0.0,40.1,39.8,33.7,43.3,0.0,17.0,6.0,168.0,0.0,35.7,36.8,32.7,34.4,35.5,31.7,0.0,9800.0,8.4,18.0,10.2,41.5,275.2,False
hyderabad,2026-06-18,36.2,41.1,2.9,984.4,1001.4,0.1,41.1,39.9,33.5,43.1,0.0,18.0,6.0,169.0,0.0,36.3,35.7,36.8,33.7,34.4,35.5,0.0,9800.0,8.4,18.0,10.2,38.9,259.4,False
hyderabad,2026-06-19,36.6,42.0,3.2,978.2,997.8,0.6,42.0,41.1,34.0,43.8,0.0,19.0,6.0,170.0,0.0,36.2,36.3,35.7,33.5,33.7,34.4,0.0,9800.0,8.4,18.0,10.2,40.5,273.6,False
hyderabad,2026-06-20,36.7,41.5,3.1,1040.6,995.6,0.4,41.5,41.2,34.3,43.9,0.0,20.0,6.0,171.0,0.0,36.6,36.2,36.3,34.0,33.5,33.7,0.0,9800.0,8.4,18.0,10.2,44.1,308.1,False
hyderabad,2026-06-21,39.0,36.3,3.7,945.3,994.6,0.0,36.3,43.9,34.9,44.8,0.0,21.0,6.0,172.0,0.0,36.7,36.6,36.2,34.3,34.0,33.5,0.0,9800.0,8.4,18.0,10.2,52.6,350.6,False
hyderabad,2026-06-22,39.2,43.6,1.5,989.5,994.0,0.0,43.6,48.3,36.7,50.3,0.0,22.0,6.0,173.0,0.0,39.0,36.7,36.6,34.9,34.3,34.0,0.0,9800.0,8.4,18.0,10.2,60.8,423.5,False
hyderabad,2026-06-23,41.5,32.6,2.3,1008.7,995.9,0.0,32.6,47.6,36.7,47.9,0.0,23.0,6.0,174.0,1.0,39.2,39.0,36.7,36.7,34.9,34.3,6.5,9800.0,8.4,18.0,10.2,69.7,480.0,False
hyderabad,2026-06-24,40.8,30.1,2.4,946.7,997.6,0.0,30.1,44.8,35.3,45.5,0.0,24.0,6.0,175.0,2.0,41.5,39.2,39.0,36.7,36.7,34.9,11.6,9800.0,8.4,18.0,10.2,63.9,446.6,False
hyderabad,2026-06-25,42.9,44.2,1.8,927.5,999.5,0.0,44.2,59.7,39.7,57.6,0.0,25.0,6.0,176.0,3.0,40.8,41.5,39.2,35.3,36.7,36.7,23.7,9800.0,8.4,18.0,10.2,97.0,480.0,False
hyderabad,2026-06-26,44.1,38.5,2.6,900.8,995.3,0.0,38.5,58.6,39.5,55.5,0.0,26.0,6.0,177.0,4.0,42.9,40.8,41.5,39.7,35.3,36.7,36.4,9800.0,8.4,18.0,10.2,98.0,480.0,False
hyderabad,2026-06-27,44.0,30.3,3.5,940.6,995.9,0.0,30.3,51.9,37.9,49.2,0.0,27.0,6.0,178.0,5.0,44.1,42.9,40.8,39.5,39.7,35.3,45.0,9800.0,8.4,18.0,10.2,97.3,480.0,False
hyderabad,2026-06-28,45.1,38.4,2.4,959.3,996.4,0.0,38.4,61.6,40.7,57.7,0.0,28.0,6.0,179.0,6.0,44.0,44.1,42.9,37.9,39.5,39.7,60.6,9800.0,8.4,18.0,10.2,98.0,480.0,False
jaipur,2022-03-01,27.3,62.0,3.0,765.5,1001.2,0.1,62.0,28.6,27.1,35.0,0.0,1.0,3.0,60.0,0.0,26.1,25.3,24.3,26.1,25.3,24.6,0.0,7200.0,8.0,20.5,11.0,7.1,39.0,False
jaipur,2022-03-02,26.1,57.8,1.1,705.5,1002.1,0.2,57.8,26.3,25.3,33.6,0.0,2.0,3.0,61.0,0.0,27.3,24.1,23.1,27.1,23.5,22.8,0.0,7200.0,8.0,20.5,11.0,8.9,45.4,False
jaipur,2022-03-03,26.6,59.5,1.7,736.9,1003.1,0.0,59.5,27.6,26.1,34.2,0.0,3.0,3.0,62.0,0.0,26.1,27.3,23.6,25.3,27.1,23.6,0.0,7200.0,8.0,20.5,11.0,5.9,46.0,False
jaipur,2022-03-04,26.5,59.0,2.5,720.6,1004.0,0.3,59.0,27.4,25.8,33.6,0.0,4.0,3.0,63.0,0.0,26.6,26.1,27.3,26.1,25.3,27.1,0.0,7200.0,8.0,20.5,11.0,5.5,27.4,False
jaipur,2022-03-05,27.2,58.7,2.8,790.6,1002.4,1.1,58.7,28.2,26.7,34.4,0.0,5.0,3.0,64.0,0.0,26.5,26.6,26.1,25.8,26.1,25.3,0.0,7200.0,8.0,20.5,11.0,6.3,31.9,False
jaipur,2022-03-06,27.7,56.8,3.1,832.5,996.5,1.0,56.8,28.7,27.2,34.6,0.0,6.0,3.0,65.0,0.0,27.2,26.5,26.6,26.7,25.8,26.1,0.0,7200.0,8.0,20.5,11.0,3.7,36.9,False
jaipur,2022-03-07,26.8,69.6,2.8,749.9,1002.1,0.6,69.6,28.5,27.3,35.6,0.0,7.0,3.0,66.0,0.0,27.7,27.2,26.5,27.2,26.7,25.8,0.0,7200.0,8.0,20.5,11.0,6.8,47.4,False
jaipur,2022-03-08,27.4,60.1,2.3,747.3,999.6,0.0,60.1,28.6,26.9,35.2,0.0,8.0,3.0,67.0,0.0,26.8,27.7,27.2,27.3,27.2,26.7,0.0,7200.0,8.0,20.5,11.0,10.8,54.7,False
jaipur,2022-03-09,28.1,58.1,4.7,715.9,998.4,0.9,58.1,29.4,27.1,34.5,0.0,9.0,3.0,68.0,0.0,27.4,26.8,27.7,26.9,27.3,27.2,0.0,7200.0,8.0,20.5,11.0,10.4,51.8,False
jaipur,2022-03-10,26.0,63.0,2.7,766.2,1003.6,0.5,63.0,26.3,26.0,33.4,0.0,10.0,3.0,69.0,0.0,28.1,27.4,26.8,27.1,26.9,27.3,0.0,7200.0,8.0,20.5,11.0,6.8,25.9,False
jaipur,2022-03-11,27.7,49.5,2.8,839.6,1001.5,0.6,49.5,28.1,26.4,33.4,0.0,11.0,3.0,70.0,0.0,26.0,28.1,27.4,26.0,27.1,26.9,0.0,7200.0,8.0,20.5,11.0,8.2,42.6,False
jaipur,2022-03-12,28.9,57.2,3.4,722.8,1001.0,0.2,57.2,30.5,27.8,36.2,0.0,12.0,3.0,71.0,0.0,27.7,26.0,28.1,26.4,26.0,27.1,0.0,7200.0,8.0,20.5,11.0,8.4,44.4,False
jaipur,2022-03-13,26.7,54.8,2.9,727.5,1001.6,0.5,54.8,27.4,25.5,32.9,0.0,13.0,3.0,72.0,0.0,28.9,27.7,26.0,27.8,26.4,26.0,0.0,7200.0,8.0,20.5,11.0,8.4,39.2,False
jaipur,2022-03-14,27.6,61.3,3.7,807.6,1001.9,0.8,61.3,29.0,27.4,34.9,0.0,14.0,3.0,73.0,0.0,26.7,28.9,27.7,25.5,27.8,26.4,0.0,7200.0,8.0,20.5,11.0,7.9,42.5,False
jaipur,2022-03-15,27.4,55.0,2.5,861.2,999.7,0.7,55.0,28.2,26.9,34.2,0.0,15.0,3.0,74.0,0.0,27.6,26.7,28.9,27.4,25.5,27.8,0.0,7200.0,8.0,20.5,11.0,7.5,34.4,False
jaipur,2022-03-16,26.7,63.0,4.1,844.1,998.6,0.2,63.0,27.9,26.9,33.6,0.0,16.0,3.0,75.0,0.0,27.4,27.6,26.7,26.9,27.4,25.5,0.0,7200.0,8.0,20.5,11.0,6.9,41.5,False
jaipur,2022-03-17,28.1,55.7,1.8,805.5,999.8,0.5,55.7,29.1,27.4,35.7,0.0,17.0,3.0,76.0,0.0,26.7,27.4,27.6,26.9,26.9,27.4,0.0,7200.0,8.0,20.5,11.0,9.5,47.5,False
jaipur,2022-03-18,26.6,59.9,2.3,776.0,999.6,0.3,59.9,27.6,26.3,34.0,0.0,18.0,3.0,77.0,0.0,28.1,26.7,27.4,27.4,26.9,26.9,0.0,7200.0,8.0,20.5,11.0,7.0,38.0,False
jaipur,2022-03-19,29.0,53.7,3.6,736.9,998.9,0.4,53.7,30.1,27.5,35.6,0.0,19.0,3.0,78.0,0.0,26.6,28.1,26.7,26.3,27.4,26.9,0.0,7200.0,8.0,20.5,11.0,5.0,31.7,False
jaipur,2022-03-20,27.4,47.3,1.3,820.4,1005.1,0.5,47.3,27.6,25.9,33.4,0.0,20.0,3.0,79.0,0.0,29.0,26.6,28.1,27.5,26.3,27.4,0.0,7200.0,8.0,20.5,11.0,8.4,46.2,False
jaipur,2022-03-21,24.6,62.1,2.0,889.0,1000.3,0.1,62.1,24.7,25.2,31.6,0.0,21.0,3.0,80.0,0.0,27.4,29.0,26.6,25.9,27.5,26.3,0.0,7200.0,8.0,20.5,11.0,7.8,47.9,False
jaipur,2022-03-22,27.8,59.0,1.1,747.3,1000.4,1.6,59.0,29.1,27.2,36.3,0.0,22.0,3.0,81.0,0.0,24.6,27.4,29.0,25.2,25.9,27.5,0.0,7200.0,8.0,20.5,11.0,6.5,43.1,False
jaipur,2022-03-23,28.3,51.5,2.2,809.3,1000.3,1.3,51.5,28.9,27.1,34.9,0.0,23.0,3.0,82.0,0.0,27.8,24.6,27.4,27.2,25.2,25.9,0.0,7200.0,8.0,20.5,11.0,8.1,27.6,False
jaipur,2022-03-24,27.5,55.3,2.8,952.6,1002.2,0.4,55.3,28.3,27.5,34.2,0.0,24.0,3.0,83.0,0.0,28.3,27.8,24.6,27.1,27.2,25.2,0.0,7200.0,8.0,20.5,11.0,7.4,40.1,False
jaipur,2022-03-25,29.1,60.4,2.6,741.2,1004.4,0.0,60.4,31.3,28.5,37.7,0.0,25.0,3.0,84.0,0.0,27.5,28.3,27.8,27.5,27.1,27.2,0.0,7200.0,8.0,20.5,11.0,11.6,57.8,False
jaipur,2022-03-26,29.0,62.7,2.5,758.3,1001.5,0.4,62.7,31.5,28.7,38.0,0.0,26.0,3.0,85.0,0.0,29.1,27.5,28.3,28.5,27.5,27.1,0.0,7200.0,8.0,20.5,11.0,12.4,75.8,False
jaipur,2022-03-27,27.5,62.5,2.9,779.6,999.6,0.5,62.5,29.0,27.4,35.4,0.0,27.0,3.0,86.0,0.0,29.0,29.1,27.5,28.7,28.5,27.5,0.0,7200.0,8.0,20.5,11.0,7.6,41.9,False
jaipur,2022-03-28,28.0,61.5,2.8,779.2,1001.1,0.2,61.5,29.6,27.7,36.1,0.0,28.0,3.0,87.0,0.0,27.5,29.0,29.1,27.4,28.7,28.5,0.0,7200.0,8.0,20.5,11.0,7.2,46.3,False
jaipur,2022-03-29,29.0,58.1,1.0,812.3,997.9,0.2,58.1,30.7,28.6,38.1,0.0,29.0,3.0,88.0,0.0,28.0,27.5,29.0,27.7,27.4,28.7,0.0,7200.0,8.0,20.5,11.0,9.3,61.7,False
jaipur,2022-03-30,27.0,58.3,3.0,819.2,999.8,0.7,58.3,28.0,26.6,33.9,0.0,30.0,3.0,89.0,0.0,29.0,28.0,27.5,28.6,27.7,27.4,0.0,7200.0,8.0,20.5,11.0,8.1,36.6,False
jaipur,2022-03-31,28.1,67.4,1.5,818.7,1004.7,0.3,67.4,30.5,28.7,38.2,0.0,31.0,3.0,90.0,0.0,27.0,29.0,28.0,26.6,28.6,27.7,0.0,7200.0,8.0,20.5,11.0,11.3,65.3,False
jaipur,2022-04-01,30.5,49.3,1.7,784.6,1000.3,0.6,49.3,31.7,28.7,37.9,0.0,1.0,4.0,91.0,0.0,28.1,27.0,29.0,28.7,26.6,28.6,0.0,7200.0,8.0,20.5,11.0,11.1,72.1,False
jaipur,2022-04-02,28.1,56.3,3.6,765.9,1001.6,0.3,56.3,29.2,27.1,34.8,0.0,2.0,4.0,92.0,0.0,30.5,28.1,27.0,28.7,28.7,26.6,0.0,7200.0,8.0,20.5,11.0,5.3,30.6,False
jaipur,2022-04-03,28.0,61.0,3.7,860.9,1001.4,0.2,61.0,29.6,28.0,35.4,0.0,3.0,4.0,93.0,0.0,28.1,30.5,28.1,27.1,28.7,28.7,0.0,7200.0,8.0,20.5,11.0,6.1,36.9,False
jaipur,2022-04-04,28.3,63.2,3.0,850.7,999.2,0.1,63.2,30.3,28.5,36.7,0.0,4.0,4.0,94.0,0.0,28.0,28.1,30.5,28.0,27.1,28.7,0.0,7200.0,8.0,20.5,11.0,11.9,72.5,False
jaipur,2022-04-05,28.2,58.2,1.9,792.6,1000.2,0.1,58.2,29.5,27.7,36.3,0.0,5.0,4.0,95.0,0.0,28.3,28.0,28.1,28.5,28.0,27.1,0.0,7200.0,8.0,20.5,11.0,7.0,36.7,False
jaipur,2022-04-06,27.7,61.1,2.9,795.2,995.5,0.6,61.1,29.1,27.5,35.5,0.0,6.0,4.0,96.0,0.0,28.2,28.3,28.0,27.7,28.5,28.0,0.0,7200.0,8.0,20.5,11.0,6.8,48.4,False
jaipur,2022-04-07,28.1,62.2,1.9,768.1,998.7,1.6,62.2,29.9,27.9,36.9,0.0,7.0,4.0,97.0,0.0,27.7,28.2,28.3,27.5,27.7,28.5,0.0,7200.0,8.0,20.5,11.0,5.7,32.7,False
jaipur,2022-04-08,28.2,61.7,3.0,795.5,1001.5,0.1,61.7,30.0,28.0,36.3,0.0,8.0,4.0,98.0,0.0,28.1,27.7,28.2,27.9,27.5,27.7,0.0,7200.0,8.0,20.5,11.0,5.6,44.7,False
jaipur,2022-04-09,28.8,55.1,2.9,787.1,1001.4,0.6,55.1,30.0,27.8,36.0,0.0,9.0,4.0,99.0,0.0,28.2,28.1,27.7,28.0,27.9,27.5,0.0,7200.0,8.0,20.5,11.0,6.4,35.4,False
jaipur,2022-04-10,28.5,60.1,2.1,762.6,997.6,0.1,60.1,30.2,28.0,37.0,0.0,10.0,4.0,100.0,0.0,28.8,28.2,28.1,27.8,28.0,27.9,0.0,7200.0,8.0,20.5,11.0,8.9,45.2,False
jaipur,2022-04-11,29.2,50.2,2.2,813.4,998.7,0.8,50.2,29.9,27.7,35.9,0.0,11.0,4.0,101.0,0.0,28.5,28.8,28.2,28.0,27.8,28.0,0.0,7200.0,8.0,20.5,11.0,8.9,47.4,False
jaipur,2022-04-12,29.4,49.3,1.4,752.9,1000.9,2.4,49.3,30.1,27.6,36.5,0.0,12.0,4.0,102.0,0.0,29.2,28.5,28.8,27.7,28.0,27.8,0.0,7200.0,8.0,20.5,11.0,8.9,41.6,False
jaipur,2022-04-13,32.0,59.3,2.9,878.6,995.4,1.4,59.3,36.9,31.7,41.9,0.0,13.0,4.0,103.0,0.0,29.4,29.2,28.5,27.6,27.7,28.0,0.0,7200.0,8.0,20.5,11.0,27.4,181.7,False
jaipur,2022-04-14,30.2,52.8,2.6,728.4,998.7,1.6,52.8,31.8,28.5,37.7,0.0,14.0,4.0,104.0,0.0,32.0,29.4,29.2,31.7,27.6,27.7,0.0,7200.0,8.0,20.5,11.0,10.5,63.7,False
jaipur,2022-04-15,31.5,49.6,1.8,691.0,999.2,0.2,49.6,33.4,29.1,39.4,0.0,15.0,4.0,105.0,0.0,30.2,32.0,29.4,28.5,31.7,27.6,0.0,7200.0,8.0,20.5,11.0,13.8,91.8,False
jaipur,2022-04-16,32.9,52.8,0.9,844.7,1002.7,0.7,52.8,36.9,31.7,43.2,0.0,16.0,4.0,106.0,0.0,31.5,30.2,32.0,29.1,28.5,31.7,0.0,7200.0,8.0,20.5,11.0,28.4,196.2,False
jaipur,2022-04-17,33.1,51.0,3.0,850.4,997.9,0.1,51.0,36.8,31.5,41.4,0.0,17.0,4.0,107.0,0.0,32.9,31.5,30.2,31.7,29.1,28.5,0.0,7200.0,8.0,20.5,11.0,27.2,186.5,False
jaipur,2022-04-18,33.7,48.9,3.1,818.2,999.6,1.3,48.9,37.4,31.6,41.7,0.0,18.0,4.0,108.0,0.0,33.1,32.9,31.5,31.5,31.7,29.1,0.0,7200.0,8.0,20.5,11.0,27.1,176.2,False
jaipur,2022-04-19,32.3,47.0,4.4,867.8,999.9,0.1,47.0,34.2,30.3,38.2,0.0,19.0,4.0,109.0,0.0,33.7,33.1,32.9,31.6,31.5,31.7,0.0,7200.0,8.0,20.5,11.0,19.7,124.0,False
jaipur,2022-04-20,33.4,53.2,2.6,867.1,997.1,0.8,53.2,38.1,32.2,42.8,0.0,20.0,4.0,110.0,0.0,32.3,33.7,33.1,30.3,31.6,31.5,0.0,7200.0,8.0,20.5,11.0,33.1,221.7,False
jaipur,2022-04-21,33.5,50.2,3.8,782.9,999.9,0.9,50.2,37.4,31.4,41.2,0.0,21.0,4.0,111.0,0.0,33.4,32.3,33.7,32.2,30.3,31.6,0.0,7200.0,8.0,20.5,11.0,27.5,185.9,False
jaipur,2022-04-22,34.0,48.8,2.8,879.4,1002.2,0.4,48.8,38.0,32.2,42.3,0.0,22.0,4.0,112.0,0.0,33.5,33.4,32.3,31.4,32.2,30.3,0.0,7200.0,8.0,20.5,11.0,28.7,192.6,False
jaipur,2022-04-23,32.2,57.7,1.0,758.0,998.4,0.7,57.7,36.8,31.2,43.3,0.0,23.0,4.0,113.0,0.0,34.0,33.5,33.4,32.2,31.4,32.2,0.0,7200.0,8.0,20.5,11.0,24.3,165.0,False
jaipur,2022-04-24,33.5,48.6,1.9,896.8,999.2,0.2,48.6,36.9,31.8,42.2,0.0,24.0,4.0,114.0,0.0,32.2,34.0,33.5,31.2,32.2,31.4,0.0,7200.0,8.0,20.5,11.0,28.5,198.9,False
jaipur,2022-04-25,32.3,50.3,3.4,785.2,998.8,0.0,50.3,35.0,30.4,39.7,0.0,25.0,4.0,115.0,0.0,33.5,32.2,34.0,31.8,31.2,32.2,0.0,7200.0,8.0,20.5,11.0,19.7,131.0,False
jaipur,2022-04-26,31.9,59.0,2.6,773.4,998.7,0.8,59.0,36.5,31.1,41.9,0.0,26.0,4.0,116.0,0.0,32.3,33.5,32.2,30.4,31.8,31.2,0.0,7200.0,8.0,20.5,11.0,22.4,148.0,False
jaipur,2022-04-27,31.0,50.2,3.0,837.6,1002.6,0.3,50.2,32.7,29.4,38.0,0.0,27.0,4.0,117.0,0.0,31.9,32.3,33.5,31.1,30.4,31.8,0.0,7200.0,8.0,20.5,11.0,16.3,103.7,False
jaipur,2022-04-28,32.3,52.9,3.6,878.2,1001.0,0.9,52.9,35.7,31.1,40.2,0.0,28.0,4.0,118.0,0.0,31.0,31.9,32.3,29.4,31.1,30.4,0.0,7200.0,8.0,20.5,11.0,26.6,165.3,False
jaipur,2022-04-29,31.8,59.5,2.3,829.8,1000.3,0.2,59.5,36.5,31.3,42.1,0.0,29.0,4.0,119.0,0.0,32.3,31.0,31.9,31.1,29.4,31.1,0.0,7200.0,8.0,20.5,11.0,26.2,177.1,False
jaipur,2022-04-30,30.1,50.8,1.9,883.5,999.1,1.1,50.8,31.3,29.0,37.6,0.0,30.0,4.0,120.0,0.0,31.8,32.3,31.0,31.3,31.1,29.4,0.0,7200.0,8.0,20.5,11.0,15.0,84.9,False
jaipur,2022-05-01,29.1,49.4,2.4,886.1,999.6,0.3,49.4,29.7,27.9,35.5,0.0,1.0,5.0,121.0,0.0,30.1,31.8,32.3,29.0,31.3,31.1,0.0,7200.0,8.0,20.5,11.0,8.7,46.8,False
jaipur,2022-05-02,29.0,63.9,3.7,899.3,1000.4,1.5,63.9,31.7,29.5,37.5,0.0,2.0,5.0,122.0,0.0,29.1,30.1,31.8,27.9,29.0,31.3,0.0,7200.0,8.0,20.5,11.0,15.2,107.2,False
jaipur,2022-05-03,28.4,60.8,3.5,905.9,999.1,0.3,60.8,30.2,28.6,36.1,0.0,3.0,5.0,123.0,0.0,29.0,29.1,30.1,29.5,27.9,29.0,0.0,7200.0,8.0,20.5,11.0,12.5,72.4,False
jaipur,2022-05-04,29.1,58.2,1.9,876.7,1000.3,0.3,58.2,30.9,28.9,37.7,0.0,4.0,5.0,124.0,0.0,28.4,29.0,29.1,28.6,29.5,27.9,0.0,7200.0,8.0,20.5,11.0,13.3,72.2,False
jaipur,2022-05-05,26.5,66.3,2.9,888.7,996.6,0.5,66.3,27.8,27.4,34.6,0.0,5.0,5.0,125.0,0.0,29.1,28.4,29.0,28.9,28.6,29.5,0.0,7200.0,8.0,20.5,11.0,8.4,48.9,False
jaipur,2022-05-06,28.1,57.2,1.6,920.3,1002.6,1.2,57.2,29.3,28.1,36.1,0.0,6.0,5.0,126.0,0.0,26.5,29.1,28.4,27.4,28.9,28.6,0.0,7200.0,8.0,20.5,11.0,7.9,42.7,False
jaipur,2022-05-07,30.1,49.3,2.0,819.2,998.1,1.8,49.3,31.1,28.5,37.2,0.0,7.0,5.0,127.0,0.0,28.1,26.5,29.1,28.1,27.4,28.9,0.0,7200.0,8.0,20.5,11.0,9.1,57.0,False
jaipur,2022-05-08,29.8,47.0,2.1,865.2,996.5,0.0,47.0,30.3,28.1,36.2,0.0,8.0,5.0,128.0,0.0,30.1,28.1,26.5,28.5,28.1,27.4,0.0,7200.0,8.0,20.5,11.0,9.3,58.1,False
jaipur,2022-05-09,28.2,56.4,1.9,807.0,998.0,0.4,56.4,29.3,27.5,35.9,0.0,9.0,5.0,129.0,0.0,29.8,30.1,28.1,28.1,28.5,28.1,0.0,7200.0,8.0,20.5,11.0,5.4,33.3,False
jaipur,2022-05-10,30.0,51.5,2.7,887.9,999.0,1.8,51.5,31.3,29.0,37.1,0.0,10.0,5.0,130.0,0.0,28.2,29.8,30.1,27.5,28.1,28.5,0.0,7200.0,8.0,20.5,11.0,13.7,85.4,False
jaipur,2022-05-11,32.1,47.4,2.1,956.5,997.9,0.3,47.4,33.9,30.7,39.6,0.0,11.0,5.0,131.0,0.0,30.0,28.2,29.8,29.0,27.5,28.1,0.0,7200.0,8.0,20.5,11.0,19.8,131.1,False
jaipur,2022-05-12,29.1,56.7,2.9,888.1,997.8,1.1,56.7,30.7,28.8,36.7,0.0,12.0,5.0,132.0,0.0,32.1,30.0,28.2,30.7,29.0,27.5,0.0,7200.0,8.0,20.5,11.0,12.9,69.2,False
jaipur,2022-05-13,31.1,49.6,3.4,864.3,997.3,0.6,49.6,32.7,29.6,37.8,0.0,13.0,5.0,133.0,0.0,29.1,32.1,30.0,28.8,30.7,29.0,0.0,7200.0,8.0,20.5,11.0,18.3,103.7,False
jaipur,2022-05-14,34.2,52.1,2.4,919.2,997.3,0.3,52.1,39.6,33.0,44.0,0.0,14.0,5.0,134.0,0.0,31.1,29.1,32.1,29.6,28.8,30.7,0.0,7200.0,8.0,20.5,11.0,34.0,240.9,False
jaipur,2022-05-15,33.1,55.1,3.2,902.8,999.5,0.6,55.1,38.1,32.3,42.4,0.0,15.0,5.0,135.0,0.0,34.2,31.1,29.1,33.0,29.6,28.8,0.0,7200.0,8.0,20.5,11.0,32.0,214.2,False
jaipur,2022-05-16,33.3,51.3,3.3,821.6,997.7,0.2,51.3,37.3,31.6,41.6,0.0,16.0,5.0,136.0,0.0,33.1,34.2,31.1,32.3,33.0,29.6,0.0,7200.0,8.0,20.5,11.0,28.3,180.7,False
jaipur,2022-05-17,36.7,42.5,2.2,950.9,995.9,0.1,42.5,41.6,34.0,45.0,0.0,17.0,5.0,137.0,0.0,33.3,33.1,34.2,31.6,32.3,33.0,0.0,7200.0,8.0,20.5,11.0,41.5,275.1,False
jaipur,2022-05-18,37.8,44.7,3.1,937.8,1000.0,0.5,44.7,45.2,35.2,46.9,0.0,18.0,5.0,138.0,0.0,36.7,33.3,33.1,34.0,31.6,32.3,0.0,7200.0,8.0,20.5,11.0,47.3,327.0,False
jaipur,2022-05-19,36.7,51.6,2.9,954.2,998.6,0.2,51.6,45.8,35.4,47.8,0.0,19.0,5.0,139.0,0.0,37.8,36.7,33.3,35.2,34.0,31.6,0.0,7200.0,8.0,20.5,11.0,51.2,349.0,False
jaipur,2022-05-20,38.7,35.7,1.8,954.8,999.9,0.0,35.7,43.0,34.7,45.6,0.0,20.0,5.0,140.0,0.0,36.7,37.8,36.7,35.4,35.2,34.0,0.0,7200.0,8.0,20.5,11.0,48.1,328.8,False
jaipur,2022-05-21,38.6,49.1,2.4,920.0,999.3,0.0,49.1,49.8,36.6,50.8,0.0,21.0,5.0,141.0,0.0,38.7,36.7,37.8,34.7,35.4,35.2,0.0,7200.0,8.0,20.5,11.0,56.5,394.1,False
jaipur,2022-05-22,40.4,41.7,2.0,871.1,995.9,0.0,41.7,50.4,36.8,51.1,0.0,22.0,5.0,142.0,1.0,38.6,38.7,36.7,36.6,34.7,35.4,5.4,7200.0,8.0,20.5,11.0,69.2,478.7,False
jaipur,2022-05-23,39.0,44.9,1.2,886.5,997.8,0.0,44.9,48.5,36.2,50.8,0.0,23.0,5.0,143.0,0.0,40.4,38.6,38.7,36.8,36.6,34.7,0.0,7200.0,8.0,20.5,11.0,56.3,391.1,False
jaipur,2022-05-24,38.9,42.8,1.7,898.1,996.7,0.0,42.8,47.0,35.8,49.2,0.0,24.0,5.0,144.0,0.0,39.0,40.4,38.6,36.2,36.8,36.6,0.0,7200.0,8.0,20.5,11.0,53.5,375.4,False
jaipur,2022-05-25,39.3,46.1,2.4,944.0,996.2,0.0,46.1,50.0,36.9,50.8,0.0,25.0,5.0,145.0,0.0,38.9,39.0,40.4,35.8,36.2,36.8,0.0,7200.0,8.0,20.5,11.0,60.6,419.2,False
jaipur,2022-05-26,39.4,40.0,2.6,928.2,998.9,0.0,40.0,46.8,35.9,48.0,0.0,26.0,5.0,146.0,0.0,39.3,38.9,39.0,36.9,35.8,36.2,0.0,7200.0,8.0,20.5,11.0,58.3,396.2,False
jaipur,2022-05-27,39.9,36.1,2.8,985.2,995.3,0.0,36.1,45.9,35.9,46.8,0.0,27.0,5.0,147.0,0.0,39.4,39.3,38.9,35.9,36.9,35.8,0.0,7200.0,8.0,20.5,11.0,59.6,417.6,False
jaipur,2022-05-28,38.9,43.4,2.2,890.6,996.8,0.0,43.4,47.3,35.8,49.0,0.0,28.0,5.0,148.0,0.0,39.9,39.4,39.3,35.9,35.9,36.9,0.0,7200.0,8.0,20.5,11.0,53.9,381.6,False
jaipur,2022-05-29,39.5,38.3,2.6,792.2,995.9,0.0,38.3,46.1,35.0,47.3,0.0,29.0,5.0,149.0,0.0,38.9,39.9,39.4,35.8,35.9,35.9,0.0,7200.0,8.0,20.5,11.0,53.9,367.5,False
jaipur,2022-05-30,38.9,42.3,3.1,966.4,996.6,0.0,42.3,46.7,36.0,47.7,0.0,30.0,5.0,150.0,0.0,39.5,38.9,39.9,35.0,35.8,35.9,0.0,7200.0,8.0,20.5,11.0,54.7,381.6,False
jaipur,2022-05-31,40.0,40.2,4.2,893.6,1001.0,0.0,40.2,48.4,36.2,47.6,0.0,31.0,5.0,151.0,1.0,38.9,39.5,38.9,36.0,35.0,35.8,5.0,7200.0,8.0,20.5,11.0,61.4,427.3,False
jaipur,2022-06-01,38.5,46.8,2.1,872.5,999.5,0.0,46.8,48.2,35.9,49.9,0.0,1.0,6.0,152.0,0.0,40.0,38.9,39.5,36.2,36.0,35.0,0.0,7200.0,8.0,20.5,11.0,54.3,369.7,False
jaipur,2022-06-02,37.3,47.4,1.2,959.0,998.7,0.3,47.4,45.3,35.4,48.8,0.0,2.0,6.0,153.0,0.0,38.5,40.0,38.9,35.9,36.2,36.0,0.0,7200.0,8.0,20.5,11.0,47.1,321.0,False
jaipur,2022-06-03,38.1,42.4,1.9,939.3,999.0,0.0,42.4,44.8,35.2,47.5,0.0,3.0,6.0,154.0,0.0,37.3,38.5,40.0,35.4,35.9,36.2,0.0,7200.0,8.0,20.5,11.0,44.5,315.5,False
jaipur,2022-06-04,39.5,43.1,3.0,967.0,997.3,0.0,43.1,48.8,36.6,49.2,0.0,4.0,6.0,155.0,0.0,38.1,37.3,38.5,35.2,35.4,35.9,0.0,7200.0,8.0,20.5,11.0,62.1,433.4,False
jaipur,2022-06-05,37.3,42.8,2.6,880.6,997.2,0.1,42.8,43.1,34.2,45.7,0.0,5.0,6.0,156.0,0.0,39.5,38.1,37.3,36.6,35.2,35.4,0.0,7200.0,8.0,20.5,11.0,40.2,274.7,False
jaipur,2022-06-06,37.7,42.2,1.9,854.4,994.7,0.9,42.2,43.7,34.4,46.7,0.0,6.0,6.0,157.0,0.0,37.3,39.5,38.1,34.2,36.6,35.2,0.0,7200.0,8.0,20.5,11.0,45.1,308.3,False
jaipur,2022-06-07,36.5,45.9,2.8,972.7,999.5,0.0,45.9,42.6,34.5,45.4,0.0,7.0,6.0,158.0,0.0,37.7,37.3,39.5,34.4,34.2,36.6,0.0,7200.0,8.0,20.5,11.0,45.6,296.1,False
jaipur,2022-06-08,36.3,46.1,3.8,877.8,998.1,1.6,46.1,42.2,33.8,44.3,0.0,8.0,6.0,159.0,0.0,36.5,37.7,37.3,34.5,34.4,34.2,0.0,7200.0,8.0,20.5,11.0,39.4,263.5,False
jaipur,2022-06-09,35.7,42.8,1.3,853.5,997.7,2.1,42.8,39.5,32.8,44.2,0.0,9.0,6.0,160.0,0.0,36.3,36.5,37.7,33.8,34.5,34.4,0.0,7200.0,8.0,20.5,11.0,36.3,236.8,False
jaipur,2022-06-10,35.4,45.1,3.3,907.8,1001.7,1.7,45.1,39.7,33.0,43.0,0.0,10.0,6.0,161.0,0.0,35.7,36.3,36.5,32.8,33.8,34.5,0.0,7200.0,8.0,20.5,11.0,36.2,241.1,False
jaipur,2022-06-11,34.5,48.8,3.8,963.0,995.9,0.5,48.8,39.1,33.0,42.4,0.0,11.0,6.0,162.0,0.0,35.4,35.7,36.3,33.0,32.8,33.8,0.0,7200.0,8.0,20.5,11.0,33.4,226.3,False
jaipur,2022-06-12,33.9,52.3,3.2,872.8,1001.3,0.8,52.3,39.0,32.5,42.9,0.0,12.0,6.0,163.0,0.0,34.5,35.4,35.7,33.0,33.0,32.8,0.0,7200.0,8.0,20.5,11.0,30.9,213.2,False
jaipur,2022-06-13,34.9,49.4,2.0,827.8,996.4,0.1,49.4,40.2,32.9,44.6,0.0,13.0,6.0,164.0,0.0,33.9,34.5,35.4,32.5,33.0,33.0,0.0,7200.0,8.0,20.5,11.0,32.8,238.9,False
jaipur,2022-06-14,36.6,42.9,2.0,904.9,1000.9,0.3,42.9,41.5,33.8,45.1,0.0,14.0,6.0,165.0,0.0,34.9,33.9,34.5,32.9,32.5,33.0,0.0,7200.0,8.0,20.5,11.0,40.1,272.1,False
jaipur,2022-06-15,35.3,48.3,3.4,902.9,994.8,0.2,48.3,40.7,33.4,43.8,0.0,15.0,6.0,166.0,0.0,36.6,34.9,33.9,33.8,32.9,32.5,0.0,7200.0,8.0,20.5,11.0,37.8,257.8,False
jaipur,2022-06-16,35.2,46.3,3.4,972.1,996.4,0.4,46.3,39.7,33.3,43.0,0.0,16.0,6.0,167.0,0.0,35.3,36.6,34.9,33.4,33.8,32.9,0.0,7200.0,8.0,20.5,11.0,34.6,246.0,False
jaipur,2022-06-17,38.8,49.4,2.8,955.3,992.3,0.0,49.4,50.6,37.0,50.9,0.0,17.0,6.0,168.0,0.0,35.2,35.3,36.6,33.3,33.4,33.8,0.0,7200.0,8.0,20.5,11.0,63.6,430.5,False
jaipur,2022-06-18,37.2,43.2,3.7,1042.1,996.8,0.4,43.2,43.0,35.0,44.8,0.0,18.0,6.0,169.0,0.0,38.8,35.2,35.3,37.0,33.3,33.4,0.0,7200.0,8.0,20.5,11.0,47.0,318.4,False
jaipur,2022-06-19,40.3,36.5,3.9,869.6,997.0,0.0,36.5,47.0,35.7,46.6,0.0,19.0,6.0,170.0,1.0,37.2,38.8,35.2,35.0,37.0,33.3,5.3,7200.0,8.0,20.5,11.0,63.5,431.7,False
jaipur,2022-06-20,39.8,44.9,0.7,981.3,996.3,0.0,44.9,50.7,37.4,52.9,0.0,20.0,6.0,171.0,0.0,40.3,37.2,38.8,35.7,35.0,37.0,0.0,7200.0,8.0,20.5,11.0,68.6,469.2,False
jaipur,2022-06-21,39.2,39.0,2.0,926.3,995.5,0.0,39.0,45.7,35.5,47.7,0.0,21.0,6.0,172.0,0.0,39.8,40.3,37.2,37.4,35.7,35.0,0.0,7200.0,8.0,20.5,11.0,50.7,362.0,False
jaipur,2022-06-22,41.7,36.7,2.7,942.6,993.6,0.0,36.7,50.6,37.3,50.0,0.0,22.0,6.0,173.0,1.0,39.2,39.8,40.3,35.5,37.4,35.7,6.7,7200.0,8.0,20.5,11.0,74.8,480.0,False
jaipur,2022-06-23,42.2,30.7,3.5,891.4,993.8,0.0,30.7,48.1,36.3,46.8,0.0,23.0,6.0,174.0,2.0,41.7,39.2,39.8,37.3,35.5,37.4,14.4,7200.0,8.0,20.5,11.0,73.9,480.0,False
jaipur,2022-06-24,43.9,37.6,3.1,941.6,997.4,0.0,37.6,57.3,39.4,54.0,0.0,24.0,6.0,175.0,3.0,42.2,41.7,39.2,36.3,37.3,35.5,26.7,7200.0,8.0,20.5,11.0,97.3,480.0,False
jaipur,2022-06-25,43.7,42.3,3.4,933.5,996.2,0.0,42.3,60.7,40.0,56.2,0.0,25.0,6.0,176.0,4.0,43.9,42.2,41.7,39.4,36.3,37.3,34.8,7200.0,8.0,20.5,11.0,98.0,480.0,False
jaipur,2022-06-26,44.7,39.8,3.2,903.1,996.8,0.0,39.8,61.7,40.3,56.9,0.0,26.0,6.0,177.0,5.0,43.7,43.9,42.2,40.0,39.4,36.3,48.5,7200.0,8.0,20.5,11.0,98.0,480.0,False
jaipur,2022-06-27,46.0,33.0,3.1,1008.4,993.7,0.0,33.0,59.3,40.5,54.7,0.0,27.0,6.0,178.0,6.0,44.7,43.7,43.9,40.3,40.0,39.4,66.0,7200.0,8.0,20.5,11.0,98.0,480.0,False
jaipur,2022-06-28,45.9,28.1,2.9,1001.0,998.3,0.0,28.1,54.8,39.3,51.2,0.0,28.0,6.0,179.0,7.0,46.0,44.7,43.7,40.5,40.3,40.0,76.3,7200.0,8.0,20.5,11.0,98.0,480.0,False
jaipur,2023-03-01,26.1,56.2,2.0,767.2,1003.0,0.1,56.2,26.2,25.4,32.8,0.0,1.0,3.0,60.0,0.0,45.9,46.0,44.7,39.3,40.5,40.3,0.0,7200.0,8.0,20.5,11.0,8.9,49.9,False
jaipur,2023-03-02,28.4,54.4,3.0,728.4,1000.7,0.2,54.4,29.4,27.0,35.2,0.0,2.0,3.0,61.0,0.0,26.1,45.9,46.0,25.4,39.3,40.5,0.0,7200.0,8.0,20.5,11.0,8.9,49.4,False
jaipur,2023-03-03,26.3,55.6,1.8,758.8,999.1,0.5,55.6,26.4,25.5,33.1,0.0,3.0,3.0,62.0,0.0,28.4,26.1,45.9,27.0,25.4,39.3,0.0,7200.0,8.0,20.5,11.0,9.6,46.0,False
jaipur,2023-03-04,27.6,58.8,3.1,679.1,1005.2,0.7,58.8,28.8,26.5,34.8,0.0,4.0,3.0,63.0,0.0,26.3,28.4,26.1,25.5,27.0,25.4,0.0,7200.0,8.0,20.5,11.0,7.7,53.4,False
jaipur,2023-03-05,27.0,62.5,2.9,690.0,999.8,0.3,62.5,28.3,26.5,34.7,0.0,5.0,3.0,64.0,0.0,27.6,26.3,28.4,26.5,25.5,27.0,0.0,7200.0,8.0,20.5,11.0,10.9,51.4,False
jaipur,2023-03-06,27.0,58.5,2.9,802.1,1003.7,0.2,58.5,28.0,26.6,34.0,0.0,6.0,3.0,65.0,0.0,27.0,27.6,26.3,26.5,26.5,25.5,0.0,7200.0,8.0,20.5,11.0,11.0,57.0,False
jaipur,2023-03-07,28.6,56.8,2.7,772.6,1001.6,0.2,56.8,30.0,27.7,36.1,0.0,7.0,3.0,66.0,0.0,27.0,27.0,27.6,26.6,26.5,26.5,0.0,7200.0,8.0,20.5,11.0,10.0,49.0,False
jaipur,2023-03-08,28.6,57.3,1.2,783.2,1000.0,0.2,57.3,30.0,27.9,37.2,0.0,8.0,3.0,67.0,0.0,28.6,27.0,27.0,27.7,26.6,26.5,0.0,7200.0,8.0,20.5,11.0,8.9,48.5,False
jaipur,2023-03-09,28.4,59.0,2.9,835.1,1001.3,0.4,59.0,29.9,28.1,36.1,0.0,9.0,3.0,68.0,0.0,28.6,28.6,27.0,27.9,27.7,26.6,0.0,7200.0,8.0,20.5,11.0,9.3,49.2,False
jaipur,2023-03-10,26.3,65.2,2.4,766.5,998.5,1.7,65.2,27.5,26.5,34.4,0.0,10.0,3.0,69.0,0.0,28.4,28.6,28.6,28.1,27.9,27.7,0.0,7200.0,8.0,20.5,11.0,8.1,44.1,False
jaipur,2023-03-11,26.9,61.6,3.1,839.9,1002.1,0.1,61.6,28.1,27.0,34.3,0.0,11.0,3.0,70.0,0.0,26.3,28.4,28.6,26.5,28.1,27.9,0.0,7200.0,8.0,20.5,11.0,7.0,27.6,False
jaipur,2023-03-12,26.9,66.8,2.9,776.7,1005.4,0.3,66.8,28.4,27.2,35.3,0.0,12.0,3.0,71.0,0.0,26.9,26.3,28.4,27.0,26.5,28.1,0.0,7200.0,8.0,20.5,11.0,9.4,45.6,False
jaipur,2023-03-13,26.3,57.2,1.9,835.8,1000.5,0.6,57.2,26.5,26.0,33.3,0.0,13.0,3.0,72.0,0.0,26.9,26.9,26.3,27.2,27.0,26.5,0.0,7200.0,8.0,20.5,11.0,9.2,45.7,False
jaipur,2023-03-14,27.0,63.7,2.1,769.5,1002.4,0.9,63.7,28.4,27.0,35.4,0.0,14.0,3.0,73.0,0.0,26.3,26.9,26.9,26.0,27.2,27.0,0.0,7200.0,8.0,20.5,11.0,8.3,52.1,False
jaipur,2023-03-15,27.4,58.2,3.5,774.0,1001.9,1.3,58.2,28.4,26.8,34.2,0.0,15.0,3.0,74.0,0.0,27.0,26.3,26.9,27.0,26.0,27.2,0.0,7200.0,8.0,20.5,11.0,9.4,52.0,False
jaipur,2023-03-16,27.6,51.6,2.2,765.0,1002.7,0.3,51.6,28.1,26.2,34.0,0.0,16.0,3.0,75.0,0.0,27.4,27.0,26.3,26.8,27.0,26.0,0.0,7200.0,8.0,20.5,11.0,9.7,41.8,False
jaipur,2023-03-17,26.6,58.3,1.1,800.0,1001.9,0.1,58.3,27.5,26.3,34.4,0.0,17.0,3.0,76.0,0.0,27.6,27.4,27.0,26.2,26.8,27.0,0.0,7200.0,8.0,20.5,11.0,7.1,35.1,False
jaipur,2023-03-18,26.8,66.9,3.3,685.3,999.6,1.1,66.9,28.3,26.7,34.9,0.0,18.0,3.0,77.0,0.0,26.6,27.6,27.4,26.3,26.2,26.8,0.0,7200.0,8.0,20.5,11.0,8.7,50.8,False
jaipur,2023-03-19,29.0,52.4,2.7,836.1,1002.5,0.4,52.4,30.0,27.9,35.8,0.0,19.0,3.0,78.0,0.0,26.8,26.6,27.6,26.7,26.3,26.2,0.0,7200.0,8.0,20.5,11.0,9.1,51.5,False
jaipur,2023-03-20,26.9,62.2,2.0,806.9,1002.0,0.3,62.2,28.1,27.0,35.0,0.0,20.0,3.0,79.0,0.0,29.0,26.8,26.6,27.9,26.7,26.3,0.0,7200.0,8.0,20.5,11.0,8.6,45.8,False
jaipur,2023-03-21,26.9,61.2,4.1,713.8,1002.5,1.7,61.2,28.0,26.3,33.6,0.0,21.0,3.0,80.0,0.0,26.9,29.0,26.8,27.0,27.9,26.7,0.0,7200.0,8.0,20.5,11.0,9.2,47.3,False
jaipur,2023-03-22,26.9,62.3,2.8,849.2,1001.0,0.3,62.3,28.1,27.1,34.6,0.0,22.0,3.0,81.0,0.0,26.9,26.9,29.0,26.3,27.0,27.9,0.0,7200.0,8.0,20.5,11.0,5.5,30.6,False
jaipur,2023-03-23,28.4,62.1,2.5,747.5,1000.5,0.1,62.1,30.3,28.0,37.0,0.0,23.0,3.0,82.0,0.0,26.9,26.9,26.9,27.1,26.3,27.0,0.0,7200.0,8.0,20.5,11.0,7.3,37.9,False
jaipur,2023-03-24,27.8,62.0,2.4,839.5,1003.9,0.6,62.0,29.4,27.9,36.1,0.0,24.0,3.0,83.0,0.0,28.4,26.9,26.9,28.0,27.1,26.3,0.0,7200.0,8.0,20.5,11.0,9.1,47.4,False
jaipur,2023-03-25,26.3,61.7,2.6,841.5,1001.9,0.1,61.7,26.6,26.5,33.7,0.0,25.0,3.0,84.0,0.0,27.8,28.4,26.9,27.9,28.0,27.1,0.0,7200.0,8.0,20.5,11.0,7.7,41.8,False
jaipur,2023-03-26,29.1,59.9,2.8,821.6,1003.3,2.0,59.9,31.2,28.8,37.4,0.0,26.0,3.0,85.0,0.0,26.3,27.8,28.4,26.5,27.9,28.0,0.0,7200.0,8.0,20.5,11.0,9.0,57.0,False
jaipur,2023-03-27,27.7,60.3,1.2,767.3,999.4,0.1,60.3,29.0,27.4,36.4,0.0,27.0,3.0,86.0,0.0,29.1,26.3,27.8,28.8,26.5,27.9,0.0,7200.0,8.0,20.5,11.0,8.0,38.2,False
jaipur,2023-03-28,28.9,59.5,2.0,788.3,998.9,0.0,59.5,30.8,28.4,37.6,0.0,28.0,3.0,87.0,0.0,27.7,29.1,26.3,27.4,28.8,26.5,0.0,7200.0,8.0,20.5,11.0,12.0,59.3,False
jaipur,2023-03-29,30.1,49.9,3.3,772.9,998.8,0.7,49.9,31.2,28.3,36.5,0.0,29.0,3.0,88.0,0.0,28.9,27.7,29.1,28.4,27.4,28.8,0.0,7200.0,8.0,20.5,11.0,11.5,58.8,False
jaipur,2023-03-30,26.5,72.8,2.4,850.3,998.1,0.5,72.8,28.2,27.9,36.0,0.0,30.0,3.0,89.0,0.0,30.1,28.9,27.7,28.3,28.4,27.4,0.0,7200.0,8.0,20.5,11.0,6.4,37.2,False
jaipur,2023-03-31,26.3,59.1,3.2,799.1,999.8,0.3,59.1,26.5,26.0,32.9,0.0,31.0,3.0,90.0,0.0,26.5,30.1,28.9,27.9,28.3,28.4,0.0,7200.0,8.0,20.5,11.0,7.9,44.3,False
jaipur,2023-04-01,29.2,49.6,2.6,923.5,997.8,4.5,49.6,29.9,28.2,35.6,0.0,1.0,4.0,91.0,0.0,26.3,26.5,30.1,26.0,27.9,28.3,0.0,7200.0,8.0,20.5,11.0,11.0,61.9,False
jaipur,2023-04-02,26.5,59.7,2.5,871.8,1000.4,0.0,59.7,27.5,26.6,33.7,0.0,2.0,4.0,92.0,0.0,29.2,26.3,26.5,28.2,26.0,27.9,0.0,7200.0,8.0,20.5,11.0,8.1,41.0,False
jaipur,2023-04-03,28.9,53.7,1.5,802.9,1003.8,0.0,53.7,30.0,27.9,36.7,0.0,3.0,4.0,93.0,0.0,26.5,29.2,26.3,26.6,28.2,26.0,0.0,7200.0,8.0,20.5,11.0,5.9,43.3,False
jaipur,2023-04-04,28.9,59.9,1.7,842.3,1001.9,1.2,59.9,30.9,28.8,37.8,0.0,4.0,4.0,94.0,0.0,28.9,26.5,29.2,27.9,26.6,28.2,0.0,7200.0,8.0,20.5,11.0,13.7,78.2,False
jaipur,2023-04-05,28.4,54.8,2.7,839.8,1000.0,0.3,54.8,29.4,27.7,35.4,0.0,5.0,4.0,95.0,0.0,28.9,28.9,26.5,28.8,27.9,26.6,0.0,7200.0,8.0,20.5,11.0,8.8,53.1,False
jaipur,2023-04-06,29.5,55.8,1.6,853.3,999.9,0.8,55.8,31.2,28.9,38.0,0.0,6.0,4.0,96.0,0.0,28.4,28.9,28.9,27.7,28.8,27.9,0.0,7200.0,8.0,20.5,11.0,14.2,87.6,False
jaipur,2023-04-07,28.8,53.0,2.8,756.4,1001.2,0.3,53.0,29.8,27.4,35.6,0.0,7.0,4.0,97.0,0.0,29.5,28.4,28.9,28.9,27.7,28.8,0.0,7200.0,8.0,20.5,11.0,8.1,35.0,False
jaipur,2023-04-08,29.5,41.3,3.1,758.1,998.2,1.1,41.3,29.3,26.6,34.0,0.0,8.0,4.0,98.0,0.0,28.8,29.5,28.4,27.4,28.9,27.7,0.0,7200.0,8.0,20.5,11.0,9.9,55.6,False
jaipur,2023-04-09,30.2,55.5,2.7,799.8,998.2,0.5,55.5,32.3,29.2,38.2,0.0,9.0,4.0,99.0,0.0,29.5,28.8,29.5,26.6,27.4,28.9,0.0,7200.0,8.0,20.5,11.0,15.8,96.0,False
jaipur,2023-04-10,29.2,51.8,2.3,775.7,1002.4,0.0,51.8,30.2,27.7,36.2,0.0,10.0,4.0,100.0,0.0,30.2,29.5,28.8,29.2,26.6,27.4,0.0,7200.0,8.0,20.5,11.0,8.0,38.3,False
jaipur,2023-04-11,28.7,61.9,2.1,755.2,999.0,0.0,61.9,30.8,28.3,37.7,0.0,11.0,4.0,101.0,0.0,29.2,30.2,29.5,27.7,29.2,26.6,0.0,7200.0,8.0,20.5,11.0,9.7,53.2,False
jaipur,2023-04-12,31.3,51.4,1.9,840.2,1000.7,0.6,51.4,33.4,29.9,39.5,0.0,12.0,4.0,102.0,0.0,28.7,29.2,30.2,28.3,27.7,29.2,0.0,7200.0,8.0,20.5,11.0,17.4,110.4,False
jaipur,2023-04-13,29.5,51.8,2.3,855.9,1000.1,0.2,51.8,30.6,28.4,36.7,0.0,13.0,4.0,103.0,0.0,31.3,28.7,29.2,29.9,28.3,27.7,0.0,7200.0,8.0,20.5,11.0,8.5,54.9,False
jaipur,2023-04-14,28.9,57.9,3.1,828.3,997.3,0.3,57.9,30.6,28.4,36.5,0.0,14.0,4.0,104.0,0.0,29.5,31.3,28.7,28.4,29.9,28.3,0.0,7200.0,8.0,20.5,11.0,8.3,53.9,False
jaipur,2023-04-15,31.7,48.5,3.5,827.2,997.1,0.4,48.5,33.5,29.8,38.3,0.0,15.0,4.0,105.0,0.0,28.9,29.5,31.3,28.4,28.4,29.9,0.0,7200.0,8.0,20.5,11.0,17.3,109.5,False
jaipur,2023-04-16,32.3,45.0,1.8,804.4,999.6,2.7,45.0,33.7,29.8,39.4,0.0,16.0,4.0,106.0,0.0,31.7,28.9,29.5,29.8,28.4,28.4,0.0,7200.0,8.0,20.5,11.0,18.8,114.4,False
jaipur,2023-04-17,34.4,52.6,2.8,822.3,1001.5,0.0,52.6,40.2,32.8,44.1,0.0,17.0,4.0,107.0,0.0,32.3,31.7,28.9,29.8,29.8,28.4,0.0,7200.0,8.0,20.5,11.0,33.7,224.2,False
jaipur,2023-04-18,32.3,48.9,0.5,773.4,1000.7,0.1,48.9,34.6,30.3,41.4,0.0,18.0,4.0,108.0,0.0,34.4,32.3,31.7,32.8,29.8,29.8,0.0,7200.0,8.0,20.5,11.0,20.8,142.0,False
jaipur,2023-04-19,34.2,51.0,2.1,842.1,1000.9,0.1,51.0,39.2,32.5,43.9,0.0,19.0,4.0,109.0,0.0,32.3,34.4,32.3,30.3,32.8,29.8,0.0,7200.0,8.0,20.5,11.0,32.9,222.7,False
jaipur,2023-04-20,33.7,50.7,2.8,761.8,1001.2,0.5,50.7,38.0,31.6,42.4,0.0,20.0,4.0,110.0,0.0,34.2,32.3,34.4,32.5,30.3,32.8,0.0,7200.0,8.0,20.5,11.0,25.8,179.6,False
jaipur,2023-04-21,33.1,43.6,3.3,745.2,998.8,0.2,43.6,34.8,30.0,39.2,0.0,21.0,4.0,111.0,0.0,33.7,34.2,32.3,31.6,32.5,30.3,0.0,7200.0,8.0,20.5,11.0,18.9,133.0,False
jaipur,2023-04-22,34.3,39.6,1.3,771.7,995.9,0.1,39.6,35.8,30.7,41.1,0.0,22.0,4.0,112.0,0.0,33.1,33.7,34.2,30.0,31.6,32.5,0.0,7200.0,8.0,20.5,11.0,22.3,153.4,False
jaipur,2023-04-23,33.3,51.4,3.4,833.5,1000.9,2.0,51.4,37.3,31.6,41.5,0.0,23.0,4.0,113.0,0.0,34.3,33.1,33.7,30.7,30.0,31.6,0.0,7200.0,8.0,20.5,11.0,26.2,175.5,False
jaipur,2023-04-24,31.3,59.0,1.3,887.6,996.4,0.0,59.0,35.2,31.1,41.9,0.0,24.0,4.0,114.0,0.0,33.3,34.3,33.1,31.6,30.7,30.0,0.0,7200.0,8.0,20.5,11.0,26.1,172.2,False
jaipur,2023-04-25,34.0,48.1,2.3,872.2,998.6,0.1,48.1,37.8,32.1,42.5,0.0,25.0,4.0,115.0,0.0,31.3,33.3,34.3,31.1,31.6,30.7,0.0,7200.0,8.0,20.5,11.0,30.5,209.1,False
jaipur,2023-04-26,31.0,54.8,1.8,791.2,998.6,0.1,54.8,33.6,29.8,39.9,0.0,26.0,4.0,116.0,0.0,34.0,31.3,33.3,32.1,31.1,31.6,0.0,7200.0,8.0,20.5,11.0,17.4,108.5,False
jaipur,2023-04-27,33.2,46.1,2.6,874.6,1000.4,0.0,46.1,35.6,31.1,40.5,0.0,27.0,4.0,117.0,0.0,31.0,34.0,31.3,29.8,32.1,31.1,0.0,7200.0,8.0,20.5,11.0,24.0,160.7,False
jaipur,2023-04-28,31.2,56.5,2.3,863.3,996.4,0.2,56.5,34.4,30.6,40.3,0.0,28.0,4.0,118.0,0.0,33.2,31.0,34.0,31.1,29.8,32.1,0.0,7200.0,8.0,20.5,11.0,21.9,140.7,False
jaipur,2023-04-29,30.1,56.3,3.9,821.5,1000.6,1.2,56.3,32.3,29.3,37.5,0.0,29.0,4.0,119.0,0.0,31.2,33.2,31.0,30.6,31.1,29.8,0.0,7200.0,8.0,20.5,11.0,15.4,95.5,False
jaipur,2023-04-30,28.3,58.8,3.4,899.2,999.1,0.2,58.8,29.8,28.3,35.6,0.0,30.0,4.0,120.0,0.0,30.1,31.2,33.2,29.3,30.6,31.1,0.0,7200.0,8.0,20.5,11.0,10.0,52.6,False
jaipur,2023-05-01,28.3,52.5,2.6,927.1,998.1,1.5,52.5,29.0,27.7,34.9,0.0,1.0,5.0,121.0,0.0,28.3,30.1,31.2,28.3,29.3,30.6,0.0,7200.0,8.0,20.5,11.0,7.8,42.6,False
jaipur,2023-05-02,29.7,60.6,2.5,770.3,1001.5,0.1,60.6,32.4,29.2,38.7,0.0,2.0,5.0,122.0,0.0,28.3,28.3,30.1,27.7,28.3,29.3,0.0,7200.0,8.0,20.5,11.0,12.3,77.3,False
jaipur,2023-05-03,28.2,43.2,4.2,882.5,997.3,0.2,43.2,28.1,26.2,32.2,0.0,3.0,5.0,123.0,0.0,29.7,28.3,28.3,29.2,27.7,28.3,0.0,7200.0,8.0,20.5,11.0,7.0,33.3,False
jaipur,2023-05-04,30.2,56.6,4.7,760.6,999.2,0.0,56.6,32.5,29.0,37.2,0.0,4.0,5.0,124.0,0.0,28.2,29.7,28.3,26.2,29.2,27.7,0.0,7200.0,8.0,20.5,11.0,14.1,95.0,False
jaipur,2023-05-05,29.2,56.7,2.9,838.3,1001.3,0.2,56.7,30.9,28.6,36.9,0.0,5.0,5.0,125.0,0.0,30.2,28.2,29.7,29.0,26.2,29.2,0.0,7200.0,8.0,20.5,11.0,9.4,58.4,False
jaipur,2023-05-06,29.6,54.1,2.3,811.0,1000.2,0.7,54.1,31.1,28.6,37.3,0.0,6.0,5.0,126.0,0.0,29.2,30.2,28.2,28.6,29.0,26.2,0.0,7200.0,8.0,20.5,11.0,12.5,69.5,False
jaipur,2023-05-07,28.9,52.4,0.8,867.3,1000.2,0.0,52.4,29.8,28.1,36.8,0.0,7.0,5.0,127.0,0.0,29.6,29.2,30.2,28.6,28.6,29.0,0.0,7200.0,8.0,20.5,11.0,6.0,28.1,False
jaipur,2023-05-08,29.3,57.8,3.6,907.7,999.9,0.1,57.8,31.2,29.1,36.8,0.0,8.0,5.0,128.0,0.0,28.9,29.6,29.2,28.1,28.6,28.6,0.0,7200.0,8.0,20.5,11.0,15.8,94.0,False
jaipur,2023-05-09,30.2,56.7,2.9,1000.0,998.4,0.2,56.7,32.6,30.3,38.4,0.0,9.0,5.0,129.0,0.0,29.3,28.9,29.6,29.1,28.1,28.6,0.0,7200.0,8.0,20.5,11.0,21.2,138.6,False
jaipur,2023-05-10,31.0,49.9,1.0,892.5,1000.9,0.4,49.9,32.6,29.8,39.3,0.0,10.0,5.0,130.0,0.0,30.2,29.3,28.9,30.3,29.1,28.1,0.0,7200.0,8.0,20.5,11.0,18.3,111.8,False
jaipur,2023-05-11,29.6,56.8,2.4,895.5,998.4,0.3,56.8,31.5,29.3,37.8,0.0,11.0,5.0,131.0,0.0,31.0,30.2,29.3,29.8,30.3,29.1,0.0,7200.0,8.0,20.5,11.0,13.8,89.3,False
jaipur,2023-05-12,30.9,52.6,2.7,923.0,999.0,1.8,52.6,33.0,30.1,38.7,0.0,12.0,5.0,132.0,0.0,29.6,31.0,30.2,29.3,29.8,30.3,0.0,7200.0,8.0,20.5,11.0,20.4,139.9,False
jaipur,2023-05-13,32.3,49.3,4.6,892.3,1000.3,0.8,49.3,34.7,30.7,38.7,0.0,13.0,5.0,133.0,0.0,30.9,29.6,31.0,30.1,29.3,29.8,0.0,7200.0,8.0,20.5,11.0,21.8,148.5,False
jaipur,2023-05-14,31.8,54.6,3.9,914.5,1000.7,0.9,54.6,35.1,31.1,39.7,0.0,14.0,5.0,134.0,0.0,32.3,30.9,29.6,30.7,30.1,29.3,0.0,7200.0,8.0,20.5,11.0,24.4,165.4,False
jaipur,2023-05-15,34.1,46.4,2.3,921.0,1000.4,0.2,46.4,37.4,32.2,42.2,0.0,15.0,5.0,135.0,0.0,31.8,32.3,30.9,31.1,30.7,30.1,0.0,7200.0,8.0,20.5,11.0,31.6,210.4,False
jaipur,2023-05-16,34.5,48.1,1.8,936.1,1000.1,0.4,48.1,38.8,32.9,43.7,0.0,16.0,5.0,136.0,0.0,34.1,31.8,32.3,32.2,31.1,30.7,0.0,7200.0,8.0,20.5,11.0,36.4,244.3,False
jaipur,2023-05-17,36.9,48.6,1.8,868.8,998.2,1.2,48.6,44.8,34.8,48.0,0.0,17.0,5.0,137.0,0.0,34.5,34.1,31.8,32.9,32.2,31.1,0.0,7200.0,8.0,20.5,11.0,46.9,318.7,False
jaipur,2023-05-18,36.1,49.9,0.5,892.1,1000.0,0.8,49.9,43.3,34.4,48.2,0.0,18.0,5.0,138.0,0.0,36.9,34.5,34.1,34.8,32.9,32.2,0.0,7200.0,8.0,20.5,11.0,42.9,297.1,False
jaipur,2023-05-19,36.0,48.7,3.1,818.9,995.1,0.6,48.7,42.6,33.6,45.3,0.0,19.0,5.0,139.0,0.0,36.1,36.9,34.5,34.4,34.8,32.9,0.0,7200.0,8.0,20.5,11.0,42.9,279.6,False
jaipur,2023-05-20,38.6,45.0,1.9,860.8,998.1,0.0,45.0,47.4,35.7,49.5,0.0,20.0,5.0,140.0,0.0,36.0,36.1,36.9,33.6,34.4,34.8,0.0,7200.0,8.0,20.5,11.0,49.7,358.6,False
jaipur,2023-05-21,36.4,45.5,2.0,913.9,993.5,0.3,45.5,42.1,34.1,45.8,0.0,21.0,5.0,141.0,0.0,38.6,36.0,36.1,35.7,33.6,34.4,0.0,7200.0,8.0,20.5,11.0,42.2,285.7,False
jaipur,2023-05-22,39.4,37.0,2.6,926.4,991.7,0.0,37.0,45.2,35.3,46.6,0.0,22.0,5.0,142.0,0.0,36.4,38.6,36.0,34.1,35.7,33.6,0.0,7200.0,8.0,20.5,11.0,52.7,368.4,False
jaipur,2023-05-23,39.1,47.2,1.6,857.3,994.0,0.0,47.2,50.1,36.5,51.7,0.0,23.0,5.0,143.0,0.0,39.4,36.4,38.6,35.3,34.1,35.7,0.0,7200.0,8.0,20.5,11.0,61.1,417.3,False
jaipur,2023-05-24,39.1,41.1,3.0,907.4,1003.1,0.0,41.1,46.6,35.7,47.6,0.0,24.0,5.0,144.0,0.0,39.1,39.4,36.4,36.5,35.3,34.1,0.0,7200.0,8.0,20.5,11.0,55.1,378.6,False
jaipur,2023-05-25,39.2,39.6,1.3,893.7,999.3,0.0,39.6,46.0,35.5,48.7,0.0,25.0,5.0,145.0,0.0,39.1,39.1,39.4,35.7,36.5,35.3,0.0,7200.0,8.0,20.5,11.0,52.8,366.0,False
jaipur,2023-05-26,41.4,32.2,0.8,835.7,994.6,0.0,32.2,47.2,35.8,49.0,0.0,26.0,5.0,146.0,1.0,39.2,39.1,39.1,35.5,35.7,36.5,6.4,7200.0,8.0,20.5,11.0,66.5,462.4,False
jaipur,2023-05-27,39.7,45.1,1.9,933.8,1000.7,0.0,45.1,50.5,37.0,51.5,0.0,27.0,5.0,147.0,0.0,41.4,39.2,39.1,35.8,35.5,35.7,0.0,7200.0,8.0,20.5,11.0,63.1,447.8,False
jaipur,2023-05-28,39.6,44.3,1.2,814.4,996.8,0.0,44.3,49.8,36.3,51.7,0.0,28.0,5.0,148.0,0.0,39.7,41.4,39.2,37.0,35.8,35.5,0.0,7200.0,8.0,20.5,11.0,58.3,408.9,False
jaipur,2023-05-29,39.4,43.8,2.2,857.1,996.8,0.0,43.8,48.9,36.2,50.1,0.0,29.0,5.0,149.0,0.0,39.6,39.7,41.4,36.3,37.0,35.8,0.0,7200.0,8.0,20.5,11.0,57.1,397.7,False
jaipur,2023-05-30,37.7,43.7,2.0,948.3,994.6,1.1,43.7,44.5,35.1,47.3,0.0,30.0,5.0,150.0,0.0,39.4,39.6,39.7,36.2,36.3,37.0,0.0,7200.0,8.0,20.5,11.0,46.1,320.4,False
jaipur,2023-05-31,39.8,36.3,2.9,1000.9,995.5,0.0,36.3,45.7,35.9,46.6,0.0,31.0,5.0,151.0,0.0,37.7,39.4,39.6,35.1,36.2,36.3,0.0,7200.0,8.0,20.5,11.0,55.8,391.0,False
jaipur,2023-06-01,39.0,48.5,3.9,945.6,999.2,0.0,48.5,50.6,36.9,49.8,0.0,1.0,6.0,152.0,0.0,39.8,37.7,39.4,35.9,35.1,36.2,0.0,7200.0,8.0,20.5,11.0,61.3,429.5,False
jaipur,2023-06-02,38.4,39.2,3.9,971.8,995.8,0.0,39.2,44.0,35.0,44.9,0.0,2.0,6.0,153.0,0.0,39.0,39.8,37.7,36.9,35.9,35.1,0.0,7200.0,8.0,20.5,11.0,48.9,342.1,False
jaipur,2023-06-03,38.1,42.0,3.6,919.4,996.0,0.0,42.0,44.6,35.0,45.8,0.0,3.0,6.0,154.0,0.0,38.4,39.0,39.8,35.0,36.9,35.9,0.0,7200.0,8.0,20.5,11.0,45.0,301.9,False
jaipur,2023-06-04,39.2,37.9,3.3,862.3,997.6,0.0,37.9,45.2,35.0,46.1,0.0,4.0,6.0,155.0,0.0,38.1,38.4,39.0,35.0,35.0,36.9,0.0,7200.0,8.0,20.5,11.0,51.6,349.6,False
jaipur,2023-06-05,37.7,42.7,2.9,982.7,998.7,0.3,42.7,44.0,35.1,46.1,0.0,5.0,6.0,156.0,0.0,39.2,38.1,38.4,35.0,35.0,35.0,0.0,7200.0,8.0,20.5,11.0,46.8,321.5,False
jaipur,2023-06-06,36.5,42.0,3.5,870.0,996.5,0.1,42.0,40.9,33.3,43.4,0.0,6.0,6.0,157.0,0.0,37.7,39.2,38.1,35.1,35.0,35.0,0.0,7200.0,8.0,20.5,11.0,36.2,244.5,False
jaipur,2023-06-07,35.7,49.8,2.2,924.3,996.1,1.9,49.8,42.3,34.1,46.0,0.0,7.0,6.0,158.0,0.0,36.5,37.7,39.2,33.3,35.1,35.0,0.0,7200.0,8.0,20.5,11.0,45.2,297.1,False
jaipur,2023-06-08,36.9,42.0,3.0,876.6,997.3,0.2,42.0,41.8,33.7,44.4,0.0,8.0,6.0,159.0,0.0,35.7,36.5,37.7,34.1,33.3,35.1,0.0,7200.0,8.0,20.5,11.0,40.3,267.6,False
jaipur,2023-06-09,37.1,44.1,1.8,918.3,998.5,1.2,44.1,43.2,34.5,46.6,0.0,9.0,6.0,160.0,0.0,36.9,35.7,36.5,33.7,34.1,33.3,0.0,7200.0,8.0,20.5,11.0,44.4,310.7,False
jaipur,2023-06-10,35.8,43.7,2.9,903.7,993.0,3.1,43.7,40.1,33.2,43.4,0.0,10.0,6.0,161.0,0.0,37.1,36.9,35.7,34.5,33.7,34.1,0.0,7200.0,8.0,20.5,11.0,39.0,255.1,False
jaipur,2023-06-11,34.3,51.1,2.6,885.7,998.5,0.2,51.1,39.5,32.8,43.7,0.0,11.0,6.0,162.0,0.0,35.8,37.1,36.9,33.2,34.5,33.7,0.0,7200.0,8.0,20.5,11.0,33.9,235.5,False
jaipur,2023-06-12,37.0,44.3,2.4,885.9,997.9,0.5,44.3,43.0,34.3,46.0,0.0,12.0,6.0,163.0,0.0,34.3,35.8,37.1,32.8,33.2,34.5,0.0,7200.0,8.0,20.5,11.0,43.9,294.0,False
jaipur,2023-06-13,36.2,48.4,1.0,933.8,995.8,0.2,48.4,42.9,34.5,47.4,0.0,13.0,6.0,164.0,0.0,37.0,34.3,35.8,34.3,32.8,33.2,0.0,7200.0,8.0,20.5,11.0,44.4,305.8,False
jaipur,2023-06-14,34.9,52.0,3.6,881.0,996.4,1.2,52.0,41.2,33.4,44.2,0.0,14.0,6.0,165.0,0.0,36.2,37.0,34.3,34.5,34.3,32.8,0.0,7200.0,8.0,20.5,11.0,33.7,243.6,False
jaipur,2023-06-15,35.0,49.0,2.3,875.8,995.2,1.1,49.0,40.3,33.1,44.4,0.0,15.0,6.0,166.0,0.0,34.9,36.2,37.0,33.4,34.5,34.3,0.0,7200.0,8.0,20.5,11.0,34.7,232.4,False
jaipur,2023-06-16,39.7,41.5,2.6,873.4,997.2,0.0,41.5,48.4,36.1,49.2,0.0,16.0,6.0,167.0,0.0,35.0,34.9,36.2,33.1,33.4,34.5,0.0,7200.0,8.0,20.5,11.0,58.6,400.5,False
jaipur,2023-06-17,36.4,48.6,4.1,948.4,998.8,1.0,48.6,43.5,34.6,45.1,0.0,17.0,6.0,168.0,0.0,39.7,35.0,34.9,36.1,33.1,33.4,0.0,7200.0,8.0,20.5,11.0,43.9,305.6,False
jaipur,2023-06-18,38.1,48.4,1.2,910.9,1001.1,0.0,48.4,48.0,36.1,50.7,0.0,18.0,6.0,169.0,0.0,36.4,39.7,35.0,34.6,36.1,33.1,0.0,7200.0,8.0,20.5,11.0,52.7,366.0,False
jaipur,2023-06-19,40.1,44.8,1.5,954.7,1000.0,0.0,44.8,51.5,37.5,52.6,0.0,19.0,6.0,170.0,1.0,38.1,36.4,39.7,36.1,34.6,36.1,5.1,7200.0,8.0,20.5,11.0,69.3,480.0,False
jaipur,2023-06-20,39.8,43.1,1.4,779.4,996.9,0.0,43.1,49.6,36.1,51.3,0.0,20.0,6.0,171.0,0.0,40.1,38.1,36.4,37.5,36.1,34.6,0.0,7200.0,8.0,20.5,11.0,61.0,418.4,False
jaipur,2023-06-21,40.0,39.3,3.8,903.4,997.5,0.0,39.3,47.9,36.1,47.5,0.0,21.0,6.0,172.0,1.0,39.8,40.1,38.1,36.1,37.5,36.1,5.0,7200.0,8.0,20.5,11.0,60.5,423.5,False
jaipur,2023-06-22,42.3,43.1,3.2,835.6,995.5,0.0,43.1,56.9,38.4,54.1,0.0,22.0,6.0,173.0,2.0,40.0,39.8,40.1,36.1,36.1,37.5,14.6,7200.0,8.0,20.5,11.0,86.2,480.0,False
jaipur,2023-06-23,40.5,34.1,1.9,936.6,992.4,0.0,34.1,46.2,35.8,47.5,0.0,23.0,6.0,174.0,3.0,42.3,40.0,39.8,38.4,36.1,36.1,16.5,7200.0,8.0,20.5,11.0,67.8,471.8,False
jaipur,2023-06-24,42.2,37.5,1.3,939.1,992.6,0.0,37.5,52.5,38.0,52.8,0.0,24.0,6.0,175.0,4.0,40.5,42.3,40.0,35.8,38.4,36.1,28.8,7200.0,8.0,20.5,11.0,85.2,480.0,False
jaipur,2023-06-25,43.4,36.4,2.5,1048.4,995.7,0.0,36.4,54.9,39.3,53.0,0.0,25.0,6.0,176.0,5.0,42.2,40.5,42.3,38.0,35.8,38.4,42.0,7200.0,8.0,20.5,11.0,96.6,480.0,False
jaipur,2023-06-26,43.7,48.0,2.5,1000.4,998.2,0.0,48.0,66.1,41.4,60.9,0.0,26.0,6.0,177.0,6.0,43.4,42.2,40.5,39.3,38.0,35.8,52.2,7200.0,8.0,20.5,11.0,98.0,480.0,False
jaipur,2023-06-27,46.3,21.7,3.3,940.8,997.3,0.0,21.7,50.7,37.7,46.5,0.0,27.0,6.0,178.0,7.0,43.7,43.4,42.2,41.4,39.3,38.0,79.1,7200.0,8.0,20.5,11.0,98.0,480.0,False
jaipur,2023-06-28,46.4,31.5,2.5,879.5,995.3,0.0,31.5,59.0,39.9,55.0,0.0,28.0,6.0,179.0,8.0,46.3,43.7,43.4,37.7,41.4,39.3,91.2,7200.0,8.0,20.5,11.0,98.0,480.0,False
jaipur,2024-03-01,28.3,53.6,1.7,689.8,999.3,0.1,53.6,29.2,26.7,35.6,0.0,1.0,3.0,61.0,0.0,46.4,46.3,43.7,39.9,37.7,41.4,0.0,7200.0,8.0,20.5,11.0,5.4,29.3,False
jaipur,2024-03-02,28.5,58.0,4.0,771.9,997.1,0.2,58.0,30.0,27.7,35.4,0.0,2.0,3.0,62.0,0.0,28.3,46.4,46.3,26.7,39.9,37.7,0.0,7200.0,8.0,20.5,11.0,6.7,38.5,False
jaipur,2024-03-03,25.8,64.4,2.5,736.1,998.5,0.0,64.4,26.1,25.8,33.4,0.0,3.0,3.0,63.0,0.0,28.5,28.3,46.4,27.7,26.7,39.9,0.0,7200.0,8.0,20.5,11.0,10.6,52.6,False
jaipur,2024-03-04,28.1,58.0,1.7,719.1,1001.8,0.5,58.0,29.4,27.2,36.2,0.0,4.0,3.0,64.0,0.0,25.8,28.5,28.3,25.8,27.7,26.7,0.0,7200.0,8.0,20.5,11.0,8.8,48.6,False
jaipur,2024-03-05,27.6,57.3,2.9,748.9,1001.7,0.5,57.3,28.6,26.7,34.6,0.0,5.0,3.0,65.0,0.0,28.1,25.8,28.5,27.2,25.8,27.7,0.0,7200.0,8.0,20.5,11.0,6.7,41.3,False
jaipur,2024-03-06,26.5,59.8,2.5,748.6,1006.7,0.1,59.8,27.5,26.0,33.7,0.0,6.0,3.0,66.0,0.0,27.6,28.1,25.8,26.7,27.2,25.8,0.0,7200.0,8.0,20.5,11.0,8.4,34.3,False
jaipur,2024-03-07,28.3,54.7,2.3,789.9,1001.7,0.3,54.7,29.3,27.3,35.5,0.0,7.0,3.0,67.0,0.0,26.5,27.6,28.1,26.0,26.7,27.2,0.0,7200.0,8.0,20.5,11.0,10.0,49.3,False
jaipur,2024-03-08,28.0,66.0,2.2,718.9,999.3,1.3,66.0,30.2,27.9,37.3,0.0,8.0,3.0,68.0,0.0,28.3,26.5,27.6,27.3,26.0,26.7,0.0,7200.0,8.0,20.5,11.0,9.3,49.3,False
jaipur,2024-03-09,27.7,51.6,2.5,701.2,999.4,1.1,51.6,28.3,26.0,34.0,0.0,9.0,3.0,69.0,0.0,28.0,28.3,26.5,27.9,27.3,26.0,0.0,7200.0,8.0,20.5,11.0,7.3,39.6,False
jaipur,2024-03-10,27.5,60.8,2.8,759.5,1001.6,0.1,60.8,28.8,27.1,35.2,0.0,10.0,3.0,70.0,0.0,27.7,28.0,28.3,26.0,27.9,27.3,0.0,7200.0,8.0,20.5,11.0,6.6,29.1,False
jaipur,2024-03-11,25.6,62.5,3.3,812.3,999.8,0.4,62.5,25.8,25.7,32.4,0.0,11.0,3.0,71.0,0.0,27.5,27.7,28.0,27.1,26.0,27.9,0.0,7200.0,8.0,20.5,11.0,9.9,54.8,False
jaipur,2024-03-12,28.9,54.7,2.7,723.8,997.6,0.2,54.7,30.1,27.5,36.1,0.0,12.0,3.0,72.0,0.0,25.6,27.5,27.7,25.7,27.1,26.0,0.0,7200.0,8.0,20.5,11.0,7.5,39.1,False
jaipur,2024-03-13,27.3,49.9,3.1,814.8,1002.1,0.4,49.9,27.7,26.0,32.8,0.0,13.0,3.0,73.0,0.0,28.9,25.6,27.5,27.5,25.7,27.1,0.0,7200.0,8.0,20.5,11.0,6.1,40.8,False
jaipur,2024-03-14,27.7,56.0,2.7,788.0,1000.3,0.2,56.0,28.6,26.9,34.7,0.0,14.0,3.0,74.0,0.0,27.3,28.9,25.6,26.0,27.5,25.7,0.0,7200.0,8.0,20.5,11.0,8.9,46.3,False
jaipur,2024-03-15,26.5,57.5,1.0,738.6,1002.7,0.8,57.5,27.3,25.8,34.1,0.0,15.0,3.0,75.0,0.0,27.7,27.3,28.9,26.9,26.0,27.5,0.0,7200.0,8.0,20.5,11.0,8.5,39.1,False
jaipur,2024-03-16,27.7,54.8,3.6,718.1,999.9,1.0,54.8,28.5,26.4,33.9,0.0,16.0,3.0,76.0,0.0,26.5,27.7,27.3,25.8,26.9,26.0,0.0,7200.0,8.0,20.5,11.0,7.5,43.7,False
jaipur,2024-03-17,28.6,49.7,2.4,781.2,1002.3,0.2,49.7,29.1,27.0,34.9,0.0,17.0,3.0,77.0,0.0,27.7,26.5,27.7,26.4,25.8,26.9,0.0,7200.0,8.0,20.5,11.0,8.0,46.5,False
jaipur,2024-03-18,26.9,62.8,1.8,746.1,1002.7,0.6,62.8,28.2,26.7,35.2,0.0,18.0,3.0,78.0,0.0,28.6,27.7,26.5,27.0,26.4,25.8,0.0,7200.0,8.0,20.5,11.0,7.1,44.4,False
jaipur,2024-03-19,28.1,58.1,2.3,843.4,997.6,0.1,58.1,29.4,27.8,35.9,0.0,19.0,3.0,79.0,0.0,26.9,28.6,27.7,26.7,27.0,26.4,0.0,7200.0,8.0,20.5,11.0,8.3,28.9,False
jaipur,2024-03-20,26.4,62.9,2.5,860.3,1004.1,0.1,62.9,27.5,26.8,34.1,0.0,20.0,3.0,80.0,0.0,28.1,26.9,28.6,27.8,26.7,27.0,0.0,7200.0,8.0,20.5,11.0,7.5,45.1,False
jaipur,2024-03-21,31.3,54.4,3.0,734.6,1001.4,0.2,54.4,34.1,29.7,39.5,0.0,21.0,3.0,81.0,0.0,26.4,28.1,26.9,26.8,27.8,26.7,0.0,7200.0,8.0,20.5,11.0,16.7,114.7,False
jaipur,2024-03-22,28.8,60.8,2.1,838.8,1001.2,0.7,60.8,30.8,28.7,37.6,0.0,22.0,3.0,82.0,0.0,31.3,26.4,28.1,29.7,26.8,27.8,0.0,7200.0,8.0,20.5,11.0,11.3,66.9,False
jaipur,2024-03-23,28.9,56.1,3.4,781.2,998.5,1.1,56.1,30.3,27.9,36.0,0.0,23.0,3.0,83.0,0.0,28.8,31.3,26.4,28.7,29.7,26.8,0.0,7200.0,8.0,20.5,11.0,6.0,41.7,False
jaipur,2024-03-24,27.7,64.5,2.8,787.5,999.1,1.2,64.5,29.5,27.8,36.2,0.0,24.0,3.0,84.0,0.0,28.9,28.8,31.3,27.9,28.7,29.7,0.0,7200.0,8.0,20.5,11.0,7.1,29.7,False
jaipur,2024-03-25,28.6,54.0,2.1,736.5,1000.3,0.7,54.0,29.6,27.3,35.9,0.0,25.0,3.0,85.0,0.0,27.7,28.9,28.8,27.8,27.9,28.7,0.0,7200.0,8.0,20.5,11.0,11.0,47.9,False
jaipur,2024-03-26,28.9,54.9,2.4,771.5,999.1,0.2,54.9,30.1,27.8,36.4,0.0,26.0,3.0,86.0,0.0,28.6,27.7,28.9,27.3,27.8,27.9,0.0,7200.0,8.0,20.5,11.0,8.3,45.3,False
jaipur,2024-03-27,28.3,59.0,1.9,735.9,998.4,0.6,59.0,29.8,27.6,36.6,0.0,27.0,3.0,87.0,0.0,28.9,28.6,27.7,27.8,27.3,27.8,0.0,7200.0,8.0,20.5,11.0,6.1,23.6,False
jaipur,2024-03-28,28.9,55.4,2.3,779.3,1001.1,0.6,55.4,30.2,27.9,36.5,0.0,28.0,3.0,88.0,0.0,28.3,28.9,28.6,27.6,27.8,27.3,0.0,7200.0,8.0,20.5,11.0,6.9,37.1,False
jaipur,2024-03-29,28.7,62.1,2.8,784.1,1002.3,0.2,62.1,30.8,28.5,37.3,0.0,29.0,3.0,89.0,0.0,28.9,28.3,28.9,27.9,27.6,27.8,0.0,7200.0,8.0,20.5,11.0,12.1,61.8,False
jaipur,2024-03-30,27.8,61.8,2.5,708.5,1004.0,0.7,61.8,29.3,27.2,36.0,0.0,30.0,3.0,90.0,0.0,28.7,28.9,28.3,28.5,27.9,27.6,0.0,7200.0,8.0,20.5,11.0,6.8,47.2,False
jaipur,2024-03-31,30.1,56.7,1.1,769.7,998.3,0.5,56.7,32.4,29.2,39.4,0.0,31.0,3.0,91.0,0.0,27.8,28.7,28.9,27.2,28.5,27.9,0.0,7200.0,8.0,20.5,11.0,17.2,93.4,False
jaipur,2024-04-01,28.3,65.2,2.3,800.1,1003.3,0.1,65.2,30.6,28.5,37.6,0.0,1.0,4.0,92.0,0.0,30.1,27.8,28.7,29.2,27.2,28.5,0.0,7200.0,8.0,20.5,11.0,13.2,70.7,False
jaipur,2024-04-02,30.4,51.4,1.2,805.6,997.5,0.0,51.4,31.9,29.0,38.6,0.0,2.0,4.0,93.0,0.0,28.3,30.1,27.8,28.5,29.2,27.2,0.0,7200.0,8.0,20.5,11.0,13.6,78.8,False
jaipur,2024-04-03,33.2,54.3,3.2,773.8,1003.5,0.5,54.3,38.0,31.6,42.3,0.0,3.0,4.0,94.0,0.0,30.4,28.3,30.1,29.0,28.5,29.2,0.0,7200.0,8.0,20.5,11.0,25.0,183.8,False
jaipur,2024-04-04,29.4,56.4,2.4,791.1,1002.0,0.1,56.4,31.1,28.5,37.4,0.0,4.0,4.0,95.0,0.0,33.2,30.4,28.3,31.6,29.0,28.5,0.0,7200.0,8.0,20.5,11.0,8.5,51.0,False
jaipur,2024-04-05,31.0,61.1,2.5,906.1,1003.2,0.2,61.1,35.1,31.1,41.0,0.0,5.0,4.0,96.0,0.0,29.4,33.2,30.4,28.5,31.6,29.0,0.0,7200.0,8.0,20.5,11.0,23.7,160.2,False
jaipur,2024-04-06,30.4,50.4,4.2,865.3,1001.4,0.0,50.4,31.7,29.0,36.5,0.0,6.0,4.0,97.0,0.0,31.0,29.4,33.2,31.1,28.5,31.6,0.0,7200.0,8.0,20.5,11.0,12.0,81.2,False
jaipur,2024-04-07,27.9,57.0,2.4,786.0,1001.9,0.0,57.0,29.0,27.2,35.3,0.0,7.0,4.0,98.0,0.0,30.4,31.0,29.4,29.0,31.1,28.5,0.0,7200.0,8.0,20.5,11.0,7.7,39.8,False
jaipur,2024-04-08,29.7,53.0,3.3,783.5,1000.0,0.6,53.0,31.1,28.3,36.6,0.0,8.0,4.0,99.0,0.0,27.9,30.4,31.0,27.2,29.0,31.1,0.0,7200.0,8.0,20.5,11.0,7.6,52.1,False
jaipur,2024-04-09,31.0,57.6,2.5,847.1,997.5,0.2,57.6,34.3,30.4,40.1,0.0,9.0,4.0,100.0,0.0,29.7,27.9,30.4,28.3,27.2,29.0,0.0,7200.0,8.0,20.5,11.0,20.8,129.3,False
jaipur,2024-04-10,28.0,60.5,3.2,740.0,1000.3,0.8,60.5,29.5,27.4,35.6,0.0,10.0,4.0,101.0,0.0,31.0,29.7,27.9,30.4,28.3,27.2,0.0,7200.0,8.0,20.5,11.0,8.5,36.9,False
jaipur,2024-04-11,28.7,62.4,2.3,877.7,999.7,2.2,62.4,30.9,29.0,37.6,0.0,11.0,4.0,102.0,0.0,28.0,31.0,29.7,27.4,30.4,28.3,0.0,7200.0,8.0,20.5,11.0,12.9,74.4,False
jaipur,2024-04-12,30.2,55.7,2.5,843.9,998.5,0.1,55.7,32.4,29.4,38.4,0.0,12.0,4.0,103.0,0.0,28.7,28.0,31.0,29.0,27.4,30.4,0.0,7200.0,8.0,20.5,11.0,14.7,94.8,False
jaipur,2024-04-13,29.2,61.7,3.5,880.8,998.9,0.4,61.7,31.7,29.3,37.5,0.0,13.0,4.0,104.0,0.0,30.2,28.7,28.0,29.4,29.0,27.4,0.0,7200.0,8.0,20.5,11.0,15.8,97.2,False
jaipur,2024-04-14,29.5,46.0,3.2,788.0,1001.7,0.1,46.0,29.8,27.3,34.9,0.0,14.0,4.0,105.0,0.0,29.2,30.2,28.7,29.3,29.4,29.0,0.0,7200.0,8.0,20.5,11.0,10.4,47.0,False
jaipur,2024-04-15,28.7,55.2,3.4,806.4,1002.9,0.8,55.2,29.9,27.8,35.5,0.0,15.0,4.0,106.0,0.0,29.5,29.2,30.2,27.3,29.3,29.4,0.0,7200.0,8.0,20.5,11.0,8.4,48.4,False
jaipur,2024-04-16,34.5,52.5,1.3,806.3,999.8,2.3,52.5,40.4,32.9,45.5,0.0,16.0,4.0,107.0,0.0,28.7,29.5,29.2,27.8,27.3,29.3,0.0,7200.0,8.0,20.5,11.0,33.7,228.2,False
jaipur,2024-04-17,35.3,49.1,3.0,803.0,1001.3,0.2,49.1,41.0,33.0,44.4,0.0,17.0,4.0,108.0,0.0,34.5,28.7,29.5,32.9,27.8,27.3,0.0,7200.0,8.0,20.5,11.0,36.1,249.9,False
jaipur,2024-04-18,34.4,41.9,3.0,800.4,1001.8,0.2,41.9,36.7,31.1,40.7,0.0,18.0,4.0,109.0,0.0,35.3,34.5,28.7,33.0,32.9,27.8,0.0,7200.0,8.0,20.5,11.0,24.9,164.3,False
jaipur,2024-04-19,35.2,55.4,1.6,846.3,1005.0,0.9,55.4,43.5,34.1,47.5,0.0,19.0,4.0,110.0,0.0,34.4,35.3,34.5,31.1,33.0,32.9,0.0,7200.0,8.0,20.5,11.0,41.5,290.2,False
jaipur,2024-04-20,34.3,44.9,2.1,726.8,997.6,0.9,44.9,37.4,31.2,42.1,0.0,20.0,4.0,111.0,0.0,35.2,34.4,35.3,34.1,31.1,33.0,0.0,7200.0,8.0,20.5,11.0,22.9,156.2,False
jaipur,2024-04-21,34.7,44.5,1.5,848.7,999.1,0.5,44.5,38.0,32.1,43.1,0.0,21.0,4.0,112.0,0.0,34.3,35.2,34.4,31.2,34.1,31.1,0.0,7200.0,8.0,20.5,11.0,29.4,197.6,False
jaipur,2024-04-22,33.0,44.3,2.9,866.7,999.6,1.2,44.3,34.8,30.6,39.5,0.0,22.0,4.0,113.0,0.0,34.7,34.3,35.2,32.1,31.2,34.1,0.0,7200.0,8.0,20.5,11.0,24.2,147.8,False
jaipur,2024-04-23,32.6,52.5,4.0,814.1,1001.0,0.5,52.5,36.2,31.0,40.3,0.0,23.0,4.0,114.0,0.0,33.0,34.7,34.3,30.6,32.1,31.2,0.0,7200.0,8.0,20.5,11.0,24.5,159.1,False
jaipur,2024-04-24,31.8,57.9,2.7,766.2,998.3,0.1,57.9,36.0,30.8,41.4,0.0,24.0,4.0,115.0,0.0,32.6,33.0,34.7,31.0,30.6,32.1,0.0,7200.0,8.0,20.5,11.0,24.7,161.6,False
jaipur,2024-04-25,33.1,50.4,4.5,882.9,998.8,0.1,50.4,36.6,31.5,40.2,0.0,25.0,4.0,116.0,0.0,31.8,32.6,33.0,30.8,31.0,30.6,0.0,7200.0,8.0,20.5,11.0,26.1,175.3,False
jaipur,2024-04-26,32.2,57.5,1.4,869.0,1001.6,0.2,57.5,36.8,31.7,42.9,0.0,26.0,4.0,117.0,0.0,33.1,31.8,32.6,31.5,30.8,31.0,0.0,7200.0,8.0,20.5,11.0,29.3,189.9,False
jaipur,2024-04-27,32.2,53.6,2.5,809.9,999.0,1.0,53.6,35.7,30.9,41.1,0.0,27.0,4.0,118.0,0.0,32.2,33.1,31.8,31.7,31.5,30.8,0.0,7200.0,8.0,20.5,11.0,20.3,148.2,False
jaipur,2024-04-28,28.8,57.8,1.5,804.2,1000.5,1.0,57.8,30.4,28.3,37.4,0.0,28.0,4.0,119.0,0.0,32.2,32.2,33.1,30.9,31.7,31.5,0.0,7200.0,8.0,20.5,11.0,9.8,60.9,False
jaipur,2024-04-29,29.9,49.0,2.1,867.3,998.0,1.4,49.0,30.8,28.5,36.7,0.0,29.0,4.0,120.0,0.0,28.8,32.2,32.2,28.3,30.9,31.7,0.0,7200.0,8.0,20.5,11.0,10.4,60.7,False
jaipur,2024-04-30,28.8,55.7,3.6,830.3,995.1,0.4,55.7,30.1,28.0,35.7,0.0,30.0,4.0,121.0,0.0,29.9,28.8,32.2,28.5,28.3,30.9,0.0,7200.0,8.0,20.5,11.0,5.3,37.7,False
jaipur,2024-05-01,29.5,59.4,2.1,763.3,1000.1,0.2,59.4,31.8,28.8,38.4,0.0,1.0,5.0,122.0,0.0,28.8,29.9,28.8,28.0,28.5,28.3,0.0,7200.0,8.0,20.5,11.0,14.8,77.0,False
jaipur,2024-05-02,29.0,56.3,3.1,860.3,998.6,0.0,56.3,30.5,28.5,36.4,0.0,2.0,5.0,123.0,0.0,29.5,28.8,29.9,28.8,28.0,28.5,0.0,7200.0,8.0,20.5,11.0,10.1,62.9,False
jaipur,2024-05-03,28.3,57.3,2.1,844.5,996.9,0.9,57.3,29.6,27.9,36.1,0.0,3.0,5.0,124.0,0.0,29.0,29.5,28.8,28.5,28.8,28.0,0.0,7200.0,8.0,20.5,11.0,10.0,52.9,False
jaipur,2024-05-04,29.1,55.7,2.0,940.7,1000.4,0.4,55.7,30.6,29.0,37.1,0.0,4.0,5.0,125.0,0.0,28.3,29.0,29.5,27.9,28.5,28.8,0.0,7200.0,8.0,20.5,11.0,13.2,77.4,False
jaipur,2024-05-05,30.2,57.6,1.8,859.9,1003.7,0.5,57.6,32.7,29.8,39.3,0.0,5.0,5.0,126.0,0.0,29.1,28.3,29.0,29.0,27.9,28.5,0.0,7200.0,8.0,20.5,11.0,18.7,113.5,False
jaipur,2024-05-06,27.8,51.6,2.8,923.2,1000.3,0.4,51.6,28.4,27.2,33.9,0.0,6.0,5.0,127.0,0.0,30.2,29.1,28.3,29.8,29.0,27.9,0.0,7200.0,8.0,20.5,11.0,8.0,39.0,False
jaipur,2024-05-07,28.9,55.9,3.1,921.9,998.4,0.5,55.9,30.3,28.6,36.1,0.0,7.0,5.0,128.0,0.0,27.8,30.2,29.1,27.2,29.8,29.0,0.0,7200.0,8.0,20.5,11.0,8.9,61.4,False
jaipur,2024-05-08,28.8,58.1,1.8,814.3,996.4,0.6,58.1,30.4,28.3,37.2,0.0,8.0,5.0,129.0,0.0,28.9,27.8,30.2,28.6,27.2,29.8,0.0,7200.0,8.0,20.5,11.0,10.5,61.1,False
jaipur,2024-05-09,29.6,60.9,3.4,936.8,1001.5,0.1,60.9,32.3,29.9,38.0,0.0,9.0,5.0,130.0,0.0,28.8,28.9,27.8,28.3,28.6,27.2,0.0,7200.0,8.0,20.5,11.0,15.0,109.5,False
jaipur,2024-05-10,31.2,42.5,2.2,821.8,997.8,1.1,42.5,31.6,28.6,37.0,0.0,10.0,5.0,131.0,0.0,29.6,28.8,28.9,29.9,28.3,28.6,0.0,7200.0,8.0,20.5,11.0,10.4,57.0,False
jaipur,2024-05-11,30.7,50.4,2.3,935.5,997.9,0.4,50.4,32.2,29.7,38.1,0.0,11.0,5.0,132.0,0.0,31.2,29.6,28.8,28.6,29.9,28.3,0.0,7200.0,8.0,20.5,11.0,15.3,104.5,False
jaipur,2024-05-12,32.4,49.7,3.5,867.0,996.1,0.7,49.7,35.0,30.8,39.6,0.0,12.0,5.0,133.0,0.0,30.7,31.2,29.6,29.7,28.6,29.9,0.0,7200.0,8.0,20.5,11.0,21.4,142.9,False
jaipur,2024-05-13,32.9,51.3,2.0,854.1,998.2,0.5,51.3,36.5,31.4,41.9,0.0,13.0,5.0,134.0,0.0,32.4,30.7,31.2,30.8,29.7,28.6,0.0,7200.0,8.0,20.5,11.0,25.7,165.1,False
jaipur,2024-05-14,32.2,51.6,0.5,847.6,1000.1,0.1,51.6,35.1,30.9,42.0,0.0,14.0,5.0,135.0,0.0,32.9,32.4,30.7,31.4,30.8,29.7,0.0,7200.0,8.0,20.5,11.0,25.8,160.8,False
jaipur,2024-05-15,33.0,52.5,1.7,802.1,1001.7,0.2,52.5,37.0,31.4,42.7,0.0,15.0,5.0,136.0,0.0,32.2,32.9,32.4,30.9,31.4,30.8,0.0,7200.0,8.0,20.5,11.0,23.8,166.7,False
jaipur,2024-05-16,34.1,50.3,3.0,904.3,994.9,0.4,50.3,38.7,32.6,42.8,0.0,16.0,5.0,137.0,0.0,33.0,32.2,32.9,31.4,30.9,31.4,0.0,7200.0,8.0,20.5,11.0,33.1,217.6,False
jaipur,2024-05-17,35.1,54.7,1.8,867.9,997.1,0.0,54.7,42.9,34.0,46.9,0.0,17.0,5.0,138.0,0.0,34.1,33.0,32.2,32.6,31.4,30.9,0.0,7200.0,8.0,20.5,11.0,42.0,290.9,False
jaipur,2024-05-18,36.3,44.2,3.0,912.9,998.3,0.3,44.2,41.4,33.7,44.3,0.0,18.0,5.0,139.0,0.0,35.1,34.1,33.0,34.0,32.6,31.4,0.0,7200.0,8.0,20.5,11.0,40.4,273.0,False
jaipur,2024-05-19,36.4,51.0,2.1,964.8,996.3,0.1,51.0,44.7,35.1,47.7,0.0,19.0,5.0,140.0,0.0,36.3,35.1,34.1,33.7,34.0,32.6,0.0,7200.0,8.0,20.5,11.0,47.0,321.4,False
jaipur,2024-05-20,38.2,47.8,3.9,920.5,995.6,0.0,47.8,47.9,36.0,48.1,0.0,20.0,5.0,141.0,0.0,36.4,36.3,35.1,35.1,33.7,34.0,0.0,7200.0,8.0,20.5,11.0,50.5,363.5,False
jaipur,2024-05-21,37.3,46.5,2.6,950.9,999.0,0.6,46.5,44.8,35.2,47.2,0.0,21.0,5.0,142.0,0.0,38.2,36.4,36.3,36.0,35.1,33.7,0.0,7200.0,8.0,20.5,11.0,50.2,337.8,False
jaipur,2024-05-22,38.3,45.0,1.6,852.7,999.9,0.0,45.0,46.6,35.4,49.2,0.0,22.0,5.0,143.0,0.0,37.3,38.2,36.4,35.2,36.0,35.1,0.0,7200.0,8.0,20.5,11.0,49.5,337.6,False
jaipur,2024-05-23,37.8,43.5,3.4,944.8,998.1,0.3,43.5,44.6,35.1,46.1,0.0,23.0,5.0,144.0,0.0,38.3,37.3,38.2,35.4,35.2,36.0,0.0,7200.0,8.0,20.5,11.0,46.1,322.4,False
jaipur,2024-05-24,39.2,36.4,2.9,889.7,997.9,0.0,36.4,44.4,34.9,45.8,0.0,24.0,5.0,145.0,0.0,37.8,38.3,37.3,35.1,35.4,35.2,0.0,7200.0,8.0,20.5,11.0,49.8,340.8,False
jaipur,2024-05-25,41.4,38.9,2.3,826.2,1000.6,0.0,38.9,51.3,36.9,51.1,0.0,25.0,5.0,146.0,1.0,39.2,37.8,38.3,34.9,35.1,35.4,6.4,7200.0,8.0,20.5,11.0,73.3,480.0,False
jaipur,2024-05-26,38.6,48.7,2.2,859.8,997.6,0.0,48.7,49.6,36.2,50.8,0.0,26.0,5.0,147.0,0.0,41.4,39.2,37.8,36.9,34.9,35.1,0.0,7200.0,8.0,20.5,11.0,55.8,385.6,False
jaipur,2024-05-27,36.5,46.2,3.2,850.4,1000.8,0.0,46.2,42.7,33.9,45.2,0.0,27.0,5.0,148.0,0.0,38.6,41.4,39.2,36.2,36.9,34.9,0.0,7200.0,8.0,20.5,11.0,41.2,284.4,False
jaipur,2024-05-28,40.1,44.3,2.3,846.8,997.5,0.0,44.3,51.2,36.8,51.5,0.0,28.0,5.0,149.0,1.0,36.5,38.6,41.4,33.9,36.2,36.9,5.1,7200.0,8.0,20.5,11.0,66.8,461.1,False
jaipur,2024-05-29,38.3,44.3,2.2,890.0,996.8,0.0,44.3,46.3,35.4,48.4,0.0,29.0,5.0,150.0,0.0,40.1,36.5,38.6,36.8,33.9,36.2,0.0,7200.0,8.0,20.5,11.0,52.0,358.9,False
jaipur,2024-05-30,38.1,40.7,3.2,930.1,997.4,0.0,40.7,44.0,34.8,45.6,0.0,30.0,5.0,151.0,0.0,38.3,40.1,36.5,35.4,36.8,33.9,0.0,7200.0,8.0,20.5,11.0,43.9,305.2,False
jaipur,2024-05-31,38.5,43.4,3.9,867.3,995.4,0.0,43.4,46.3,35.3,46.8,0.0,31.0,5.0,152.0,0.0,38.1,38.3,40.1,34.8,35.4,36.8,0.0,7200.0,8.0,20.5,11.0,49.8,350.6,False
jaipur,2024-06-01,37.1,50.2,2.4,866.6,994.2,0.9,50.2,46.2,35.1,48.4,0.0,1.0,6.0,153.0,0.0,38.5,38.1,38.3,35.3,34.8,35.4,0.0,7200.0,8.0,20.5,11.0,48.0,326.1,False
jaipur,2024-06-02,37.1,43.4,1.7,877.9,992.4,0.4,43.4,42.9,34.2,46.4,0.0,2.0,6.0,154.0,0.0,37.1,38.5,38.1,35.1,35.3,34.8,0.0,7200.0,8.0,20.5,11.0,42.2,280.3,False
jaipur,2024-06-03,35.7,46.8,2.6,969.7,998.1,0.9,46.8,41.0,33.9,44.6,0.0,3.0,6.0,155.0,0.0,37.1,37.1,38.5,34.2,35.1,35.3,0.0,7200.0,8.0,20.5,11.0,40.1,268.3,False
jaipur,2024-06-04,36.4,48.9,2.7,861.9,993.8,1.2,48.9,43.7,34.3,46.4,0.0,4.0,6.0,156.0,0.0,35.7,37.1,37.1,33.9,34.2,35.1,0.0,7200.0,8.0,20.5,11.0,42.1,298.3,False
jaipur,2024-06-05,37.7,43.7,1.2,927.2,998.6,0.1,43.7,44.5,35.1,48.0,0.0,5.0,6.0,157.0,0.0,36.4,35.7,37.1,34.3,33.9,34.2,0.0,7200.0,8.0,20.5,11.0,42.8,306.8,False
jaipur,2024-06-06,36.6,50.2,2.2,972.7,996.9,0.2,50.2,44.8,35.2,47.7,0.0,6.0,6.0,158.0,0.0,37.7,36.4,35.7,35.1,34.3,33.9,0.0,7200.0,8.0,20.5,11.0,46.3,327.7,False
jaipur,2024-06-07,36.0,47.4,2.5,945.4,992.0,0.2,47.4,42.0,34.1,45.4,0.0,7.0,6.0,159.0,0.0,36.6,37.7,36.4,35.2,35.1,34.3,0.0,7200.0,8.0,20.5,11.0,39.3,264.7,False
jaipur,2024-06-08,37.4,45.6,2.2,985.9,998.1,1.6,45.6,44.6,35.3,47.3,0.0,8.0,6.0,160.0,0.0,36.0,36.6,37.7,34.1,35.2,35.1,0.0,7200.0,8.0,20.5,11.0,46.6,324.1,False
jaipur,2024-06-09,34.7,38.3,2.6,963.4,999.0,0.4,38.3,36.2,31.7,40.3,0.0,9.0,6.0,161.0,0.0,37.4,36.0,36.6,35.3,34.1,35.2,0.0,7200.0,8.0,20.5,11.0,26.9,185.4,False
jaipur,2024-06-10,34.1,41.7,3.5,915.2,995.2,0.7,41.7,36.1,31.4,39.9,0.0,10.0,6.0,162.0,0.0,34.7,37.4,36.0,31.7,35.3,34.1,0.0,7200.0,8.0,20.5,11.0,24.7,166.8,False
jaipur,2024-06-11,34.4,49.8,1.8,933.6,995.4,0.6,49.8,39.2,33.0,44.1,0.0,11.0,6.0,163.0,0.0,34.1,34.7,37.4,31.4,31.7,35.3,0.0,7200.0,8.0,20.5,11.0,32.2,233.1,False
jaipur,2024-06-12,36.5,45.3,1.6,887.8,998.2,1.0,45.3,42.3,34.0,46.2,0.0,12.0,6.0,164.0,0.0,34.4,34.1,34.7,33.0,31.4,31.7,0.0,7200.0,8.0,20.5,11.0,38.6,277.0,False
jaipur,2024-06-13,36.5,48.1,2.4,953.2,998.6,0.4,48.1,43.5,34.7,46.6,0.0,13.0,6.0,165.0,0.0,36.5,34.4,34.1,34.0,33.0,31.4,0.0,7200.0,8.0,20.5,11.0,47.2,318.7,False
jaipur,2024-06-14,34.1,47.5,4.2,914.6,999.4,0.4,47.5,37.8,32.2,41.1,0.0,14.0,6.0,166.0,0.0,36.5,36.5,34.4,34.7,34.0,33.0,0.0,7200.0,8.0,20.5,11.0,31.6,207.0,False
jaipur,2024-06-15,34.4,47.6,1.3,918.6,996.8,0.5,47.6,38.4,32.7,43.8,0.0,15.0,6.0,167.0,0.0,34.1,36.5,36.5,32.2,34.7,34.0,0.0,7200.0,8.0,20.5,11.0,35.4,237.9,False
jaipur,2024-06-16,35.2,48.2,2.5,880.0,998.0,0.3,48.2,40.4,33.2,44.3,0.0,16.0,6.0,168.0,0.0,34.4,34.1,36.5,32.7,32.2,34.7,0.0,7200.0,8.0,20.5,11.0,34.6,235.3,False
jaipur,2024-06-17,37.9,49.1,2.0,961.5,993.6,0.2,49.1,47.8,36.2,49.8,0.0,17.0,6.0,169.0,0.0,35.2,34.4,34.1,33.2,32.7,32.2,0.0,7200.0,8.0,20.5,11.0,53.2,366.4,False
jaipur,2024-06-18,38.2,43.9,0.6,982.9,996.4,0.0,43.9,45.8,35.9,49.5,0.0,18.0,6.0,170.0,0.0,37.9,35.2,34.4,36.2,33.2,32.7,0.0,7200.0,8.0,20.5,11.0,50.4,360.2,False
jaipur,2024-06-19,36.8,38.5,4.2,940.6,995.0,0.5,38.5,40.2,33.4,42.1,0.0,19.0,6.0,171.0,0.0,38.2,37.9,35.2,35.9,36.2,33.2,0.0,7200.0,8.0,20.5,11.0,37.7,256.0,False
jaipur,2024-06-20,40.2,43.8,1.3,935.4,999.7,0.0,43.8,51.1,37.3,52.5,0.0,20.0,6.0,172.0,1.0,36.8,38.2,37.9,33.4,35.9,36.2,5.2,7200.0,8.0,20.5,11.0,69.2,480.0,False
jaipur,2024-06-21,41.1,42.2,1.9,896.4,996.4,0.0,42.2,52.6,37.6,52.7,0.0,21.0,6.0,173.0,2.0,40.2,36.8,38.2,37.3,33.4,35.9,12.2,7200.0,8.0,20.5,11.0,74.6,480.0,False
jaipur,2024-06-22,41.7,44.6,2.8,969.6,998.7,0.0,44.6,56.2,38.9,54.2,0.0,22.0,6.0,174.0,3.0,41.1,40.2,36.8,37.6,37.3,33.4,20.1,7200.0,8.0,20.5,11.0,87.0,480.0,False
jaipur,2024-06-23,44.8,32.5,3.4,988.2,993.3,0.0,32.5,55.6,39.3,52.0,0.0,23.0,6.0,175.0,4.0,41.7,41.1,40.2,38.9,37.6,37.3,39.2,7200.0,8.0,20.5,11.0,98.0,480.0,False
jaipur,2024-06-24,43.6,31.6,1.6,917.9,996.1,0.0,31.6,51.9,37.9,51.3,0.0,24.0,6.0,176.0,5.0,44.8,41.7,41.1,39.3,38.9,37.6,43.0,7200.0,8.0,20.5,11.0,96.4,480.0,False
jaipur,2024-06-25,45.5,35.2,1.7,922.9,996.6,0.0,35.2,59.9,40.2,57.0,0.0,25.0,6.0,177.0,6.0,43.6,44.8,41.7,37.9,39.3,38.9,63.0,7200.0,8.0,20.5,11.0,98.0,480.0,False
jaipur,2024-06-26,45.6,33.7,3.3,899.8,998.0,0.0,33.7,58.8,39.8,54.3,0.0,26.0,6.0,178.0,7.0,45.5,43.6,44.8,40.2,37.9,39.3,74.2,7200.0,8.0,20.5,11.0,98.0,480.0,False
jaipur,2024-06-27,46.2,35.6,2.9,947.7,996.7,0.0,35.6,62.4,41.0,57.3,0.0,27.0,6.0,179.0,8.0,45.6,45.5,43.6,39.8,40.2,37.9,89.6,7200.0,8.0,20.5,11.0,98.0,480.0,False
jaipur,2024-06-28,45.0,32.2,2.6,948.9,997.4,0.0,32.2,55.9,39.3,53.0,0.0,28.0,6.0,180.0,9.0,46.2,45.6,45.5,41.0,39.8,40.2,90.0,7200.0,8.0,20.5,11.0,98.0,480.0,False
jaipur,2025-03-01,27.1,66.6,2.6,867.0,1002.7,0.2,66.6,28.7,27.9,35.7,0.0,1.0,3.0,60.0,0.0,45.0,46.2,45.6,39.3,41.0,39.8,0.0,7200.0,8.0,20.5,11.0,7.6,36.5,False
jaipur,2025-03-02,26.9,58.5,2.9,767.1,1001.6,0.8,58.5,27.9,26.3,33.8,0.0,2.0,3.0,61.0,0.0,27.1,45.0,46.2,27.9,39.3,41.0,0.0,7200.0,8.0,20.5,11.0,8.5,41.2,False
jaipur,2025-03-03,27.4,64.0,2.4,857.3,999.5,0.9,64.0,29.0,27.8,35.8,0.0,3.0,3.0,62.0,0.0,26.9,27.1,45.0,26.3,27.9,39.3,0.0,7200.0,8.0,20.5,11.0,7.6,38.2,False
jaipur,2025-03-04,25.3,67.9,2.2,828.7,1001.7,0.0,67.9,25.7,26.1,33.4,0.0,4.0,3.0,63.0,0.0,27.4,26.9,27.1,27.8,26.3,27.9,0.0,7200.0,8.0,20.5,11.0,8.2,36.0,False
jaipur,2025-03-05,26.0,67.7,2.0,709.5,1004.8,0.1,67.7,26.4,26.2,34.6,0.0,5.0,3.0,64.0,0.0,25.3,27.4,26.9,26.1,27.8,26.3,0.0,7200.0,8.0,20.5,11.0,9.4,46.2,False
jaipur,2025-03-06,27.7,59.3,4.0,785.4,1000.9,0.9,59.3,28.9,27.2,34.5,0.0,6.0,3.0,65.0,0.0,26.0,25.3,27.4,26.2,26.1,27.8,0.0,7200.0,8.0,20.5,11.0,10.1,40.9,False
jaipur,2025-03-07,28.1,53.5,3.2,736.3,1000.1,0.4,53.5,28.9,26.7,34.5,0.0,7.0,3.0,66.0,0.0,27.7,26.0,25.3,27.2,26.2,26.1,0.0,7200.0,8.0,20.5,11.0,7.0,41.6,False
jaipur,2025-03-08,26.6,63.3,1.7,773.8,1001.7,4.6,63.3,27.8,26.6,34.9,0.0,8.0,3.0,67.0,0.0,28.1,27.7,26.0,26.7,27.2,26.2,0.0,7200.0,8.0,20.5,11.0,8.4,46.0,False
jaipur,2025-03-09,28.7,54.4,1.3,773.3,998.8,0.4,54.4,29.8,27.6,36.6,0.0,9.0,3.0,68.0,0.0,26.6,28.1,27.7,26.6,26.7,27.2,0.0,7200.0,8.0,20.5,11.0,11.6,57.7,False
jaipur,2025-03-10,27.4,63.6,2.6,733.1,997.8,0.3,63.6,28.9,27.2,35.6,0.0,10.0,3.0,69.0,0.0,28.7,26.6,28.1,27.6,26.6,26.7,0.0,7200.0,8.0,20.5,11.0,6.7,30.0,False
jaipur,2025-03-11,28.9,63.9,1.4,831.3,1003.4,0.1,63.9,31.5,29.2,38.9,0.0,11.0,3.0,70.0,0.0,27.4,28.7,26.6,27.2,27.6,26.6,0.0,7200.0,8.0,20.5,11.0,12.1,80.5,False
jaipur,2025-03-12,27.3,57.0,2.6,810.2,1001.2,0.8,57.0,28.2,26.8,34.3,0.0,12.0,3.0,71.0,0.0,28.9,27.4,28.7,29.2,27.2,27.6,0.0,7200.0,8.0,20.5,11.0,8.6,43.1,False
jaipur,2025-03-13,26.9,58.8,4.1,749.2,999.3,0.1,58.8,27.9,26.2,33.2,0.0,13.0,3.0,72.0,0.0,27.3,28.9,27.4,26.8,29.2,27.2,0.0,7200.0,8.0,20.5,11.0,8.7,48.9,False
jaipur,2025-03-14,27.4,58.8,1.9,842.1,1003.4,0.0,58.8,28.5,27.2,35.2,0.0,14.0,3.0,73.0,0.0,26.9,27.3,28.9,26.2,26.8,29.2,0.0,7200.0,8.0,20.5,11.0,10.5,42.6,False
jaipur,2025-03-15,27.8,66.6,2.6,711.6,1000.1,0.0,66.6,29.9,27.8,36.8,0.0,15.0,3.0,74.0,0.0,27.4,26.9,27.3,27.2,26.2,26.8,0.0,7200.0,8.0,20.5,11.0,8.2,41.5,False
jaipur,2025-03-16,26.4,57.9,3.2,712.3,1004.8,0.1,57.9,26.6,25.5,32.9,0.0,16.0,3.0,75.0,0.0,27.8,27.4,26.9,27.8,27.2,26.2,0.0,7200.0,8.0,20.5,11.0,10.0,49.5,False
jaipur,2025-03-17,27.9,59.3,3.4,746.2,1002.6,1.5,59.3,29.2,27.2,35.1,0.0,17.0,3.0,76.0,0.0,26.4,27.8,27.4,25.5,27.8,27.2,0.0,7200.0,8.0,20.5,11.0,6.6,36.8,False
jaipur,2025-03-18,27.4,64.3,3.3,723.0,1001.9,0.0,64.3,29.0,27.2,35.3,0.0,18.0,3.0,77.0,0.0,27.9,26.4,27.8,27.2,25.5,27.8,0.0,7200.0,8.0,20.5,11.0,8.2,37.3,False
jaipur,2025-03-19,29.3,59.6,3.6,753.6,1001.9,0.6,59.6,31.5,28.6,37.2,0.0,19.0,3.0,78.0,0.0,27.4,27.9,26.4,27.2,27.2,25.5,0.0,7200.0,8.0,20.5,11.0,11.5,61.2,False
jaipur,2025-03-20,28.5,67.0,3.6,789.8,1000.5,0.1,67.0,31.2,28.8,37.4,0.0,20.0,3.0,79.0,0.0,29.3,27.4,27.9,28.6,27.2,27.2,0.0,7200.0,8.0,20.5,11.0,10.0,70.5,False
jaipur,2025-03-21,26.4,59.5,2.7,835.3,1001.2,0.1,59.5,26.6,26.3,33.4,0.0,21.0,3.0,80.0,0.0,28.5,29.3,27.4,28.8,28.6,27.2,0.0,7200.0,8.0,20.5,11.0,8.8,41.3,False
jaipur,2025-03-22,29.5,52.4,2.1,734.3,998.7,0.1,52.4,30.7,27.9,36.9,0.0,22.0,3.0,81.0,0.0,26.4,28.5,29.3,26.3,28.8,28.6,0.0,7200.0,8.0,20.5,11.0,7.4,39.9,False
jaipur,2025-03-23,28.3,56.8,1.7,716.8,1006.1,0.8,56.8,29.5,27.2,36.3,0.0,23.0,3.0,82.0,0.0,29.5,26.4,28.5,27.9,26.3,28.8,0.0,7200.0,8.0,20.5,11.0,6.2,36.9,False
jaipur,2025-03-24,27.8,61.5,3.3,840.2,1001.4,0.4,61.5,29.3,27.8,35.5,0.0,24.0,3.0,83.0,0.0,28.3,29.5,26.4,27.2,27.9,26.3,0.0,7200.0,8.0,20.5,11.0,7.8,41.2,False
jaipur,2025-03-25,29.2,60.0,3.8,702.2,1002.6,0.5,60.0,31.4,28.3,37.0,0.0,25.0,3.0,84.0,0.0,27.8,28.3,29.5,27.8,27.2,27.9,0.0,7200.0,8.0,20.5,11.0,10.4,58.3,False
jaipur,2025-03-26,27.4,57.3,3.1,822.9,1001.6,0.6,57.3,28.4,26.9,34.2,0.0,26.0,3.0,85.0,0.0,29.2,27.8,28.3,28.3,27.8,27.2,0.0,7200.0,8.0,20.5,11.0,6.3,35.2,False
jaipur,2025-03-27,28.5,54.1,1.8,786.6,1002.3,0.6,54.1,29.5,27.5,36.0,0.0,27.0,3.0,86.0,0.0,27.4,29.2,27.8,26.9,28.3,27.8,0.0,7200.0,8.0,20.5,11.0,8.8,48.1,False
jaipur,2025-03-28,27.3,63.6,2.2,794.2,996.2,1.5,63.6,28.8,27.4,35.7,0.0,28.0,3.0,87.0,0.0,28.5,27.4,29.2,27.5,26.9,28.3,0.0,7200.0,8.0,20.5,11.0,7.2,37.2,False
jaipur,2025-03-29,28.5,53.0,2.2,785.9,997.9,0.4,53.0,29.4,27.3,35.5,0.0,29.0,3.0,88.0,0.0,27.3,28.5,27.4,27.4,27.5,26.9,0.0,7200.0,8.0,20.5,11.0,6.6,40.1,False
jaipur,2025-03-30,28.3,56.5,3.3,771.5,1001.1,0.6,56.5,29.5,27.4,35.3,0.0,30.0,3.0,89.0,0.0,28.5,27.3,28.5,27.3,27.4,27.5,0.0,7200.0,8.0,20.5,11.0,7.9,43.9,False
jaipur,2025-03-31,27.1,59.3,3.5,888.1,1000.2,0.4,59.3,28.2,27.2,33.9,0.0,31.0,3.0,90.0,0.0,28.3,28.5,27.3,27.4,27.3,27.4,0.0,7200.0,8.0,20.5,11.0,7.9,35.0,False
jaipur,2025-04-01,29.0,53.8,1.8,840.4,1003.5,0.9,53.8,30.1,28.1,36.7,0.0,1.0,4.0,91.0,0.0,27.1,28.3,28.5,27.2,27.4,27.3,0.0,7200.0,8.0,20.5,11.0,9.2,47.0,False
jaipur,2025-04-02,28.1,63.7,2.3,782.8,1000.2,0.2,63.7,30.0,28.1,36.9,0.0,2.0,4.0,92.0,0.0,29.0,27.1,28.3,28.1,27.2,27.4,0.0,7200.0,8.0,20.5,11.0,8.7,49.1,False
jaipur,2025-04-03,28.2,54.0,1.5,729.3,996.4,0.3,54.0,29.1,26.9,35.7,0.0,3.0,4.0,93.0,0.0,28.1,29.0,27.1,28.1,28.1,27.2,0.0,7200.0,8.0,20.5,11.0,9.9,48.9,False
jaipur,2025-04-04,29.4,58.0,2.5,802.9,1002.4,2.3,58.0,31.4,28.8,37.7,0.0,4.0,4.0,94.0,0.0,28.2,28.1,29.0,26.9,28.1,28.1,0.0,7200.0,8.0,20.5,11.0,12.5,81.9,False
jaipur,2025-04-05,30.4,51.2,3.1,833.6,999.0,0.2,51.2,31.9,29.0,37.3,0.0,5.0,4.0,95.0,0.0,29.4,28.2,28.1,28.8,26.9,28.1,0.0,7200.0,8.0,20.5,11.0,12.8,75.3,False
jaipur,2025-04-06,29.4,55.5,2.7,904.5,1002.0,0.3,55.5,31.0,29.0,37.0,0.0,6.0,4.0,96.0,0.0,30.4,29.4,28.2,29.0,28.8,26.9,0.0,7200.0,8.0,20.5,11.0,13.4,77.7,False
jaipur,2025-04-07,28.4,57.5,4.2,875.9,1002.3,0.0,57.5,29.7,28.1,35.1,0.0,7.0,4.0,97.0,0.0,29.4,30.4,29.4,29.0,29.0,28.8,0.0,7200.0,8.0,20.5,11.0,8.5,42.5,False
jaipur,2025-04-08,29.7,50.8,4.2,879.2,1002.1,0.9,50.8,30.7,28.5,35.6,0.0,8.0,4.0,98.0,0.0,28.4,29.4,30.4,28.1,29.0,29.0,0.0,7200.0,8.0,20.5,11.0,8.5,47.0,False
jaipur,2025-04-09,29.6,57.3,2.6,780.8,998.4,0.1,57.3,31.6,28.8,37.8,0.0,9.0,4.0,99.0,0.0,29.7,28.4,29.4,28.5,28.1,29.0,0.0,7200.0,8.0,20.5,11.0,11.4,77.9,False
jaipur,2025-04-10,27.5,61.4,1.5,768.6,996.0,0.4,61.4,28.9,27.3,36.1,0.0,10.0,4.0,100.0,0.0,29.6,29.7,28.4,28.8,28.5,28.1,0.0,7200.0,8.0,20.5,11.0,7.0,41.9,False
jaipur,2025-04-11,30.6,55.1,1.0,823.6,998.4,0.5,55.1,33.0,29.7,39.9,0.0,11.0,4.0,101.0,0.0,27.5,29.6,29.7,27.3,28.8,28.5,0.0,7200.0,8.0,20.5,11.0,18.2,108.7,False
jaipur,2025-04-12,30.2,55.6,2.9,785.8,1000.2,0.4,55.6,32.3,29.1,38.1,0.0,12.0,4.0,102.0,0.0,30.6,27.5,29.6,29.7,27.3,28.8,0.0,7200.0,8.0,20.5,11.0,12.7,86.3,False
jaipur,2025-04-13,29.4,55.9,2.4,856.9,998.2,0.0,55.9,31.1,28.8,37.3,0.0,13.0,4.0,103.0,0.0,30.2,30.6,27.5,29.1,29.7,27.3,0.0,7200.0,8.0,20.5,11.0,12.8,76.9,False
jaipur,2025-04-14,29.5,56.8,2.9,860.1,1003.3,0.0,56.8,31.4,29.0,37.3,0.0,14.0,4.0,104.0,0.0,29.4,30.2,30.6,28.8,29.1,29.7,0.0,7200.0,8.0,20.5,11.0,13.7,73.3,False
jaipur,2025-04-15,30.2,55.6,2.6,861.5,999.2,0.2,55.6,32.3,29.5,38.3,0.0,15.0,4.0,105.0,0.0,29.5,29.4,30.2,29.0,28.8,29.1,0.0,7200.0,8.0,20.5,11.0,17.5,110.7,False
jaipur,2025-04-16,34.1,44.7,2.0,856.4,1004.6,0.1,44.7,36.9,31.6,41.9,0.0,16.0,4.0,106.0,0.0,30.2,29.5,29.4,29.5,29.0,28.8,0.0,7200.0,8.0,20.5,11.0,27.2,179.5,False
jaipur,2025-04-17,35.2,48.3,1.4,866.4,999.3,1.1,48.3,40.5,33.2,45.3,0.0,17.0,4.0,107.0,0.0,34.1,30.2,29.5,31.6,29.5,29.0,0.0,7200.0,8.0,20.5,11.0,33.1,235.0,False
jaipur,2025-04-18,33.1,46.8,3.6,840.1,997.7,0.3,46.8,35.6,30.9,39.8,0.0,18.0,4.0,108.0,0.0,35.2,34.1,30.2,33.2,31.6,29.5,0.0,7200.0,8.0,20.5,11.0,22.9,154.6,False
jaipur,2025-04-19,33.8,46.5,5.3,860.4,999.0,0.0,46.5,36.9,31.5,39.6,0.0,19.0,4.0,109.0,0.0,33.1,35.2,34.1,30.9,33.2,31.6,0.0,7200.0,8.0,20.5,11.0,26.6,183.7,False
jaipur,2025-04-20,34.4,50.8,2.8,786.7,1001.9,0.6,50.8,39.6,32.3,43.6,0.0,20.0,4.0,110.0,0.0,33.8,33.1,35.2,31.5,30.9,33.2,0.0,7200.0,8.0,20.5,11.0,32.7,222.8,False
jaipur,2025-04-21,34.5,41.9,2.9,903.8,997.8,0.3,41.9,36.8,31.8,40.9,0.0,21.0,4.0,111.0,0.0,34.4,33.8,33.1,32.3,31.5,30.9,0.0,7200.0,8.0,20.5,11.0,29.2,194.8,False
jaipur,2025-04-22,33.9,61.1,1.6,794.4,996.6,0.0,61.1,42.4,33.3,46.9,0.0,22.0,4.0,112.0,0.0,34.5,34.4,33.8,31.8,32.3,31.5,0.0,7200.0,8.0,20.5,11.0,36.7,254.1,False
jaipur,2025-04-23,33.4,50.6,3.0,854.4,997.9,0.8,50.6,37.3,31.7,41.8,0.0,23.0,4.0,113.0,0.0,33.9,34.5,34.4,33.3,31.8,32.3,0.0,7200.0,8.0,20.5,11.0,29.5,198.8,False
jaipur,2025-04-24,32.9,50.0,1.9,820.4,998.3,1.1,50.0,36.1,31.1,41.6,0.0,24.0,4.0,114.0,0.0,33.4,33.9,34.5,31.7,33.3,31.8,0.0,7200.0,8.0,20.5,11.0,26.0,174.2,False
jaipur,2025-04-25,33.4,47.7,2.4,823.0,1000.0,0.2,47.7,36.4,31.2,41.4,0.0,25.0,4.0,115.0,0.0,32.9,33.4,33.9,31.1,31.7,33.3,0.0,7200.0,8.0,20.5,11.0,24.8,178.9,False
jaipur,2025-04-26,31.2,51.9,2.3,835.9,997.6,0.5,51.9,33.4,29.9,39.2,0.0,26.0,4.0,116.0,0.0,33.4,32.9,33.4,31.2,31.1,31.7,0.0,7200.0,8.0,20.5,11.0,18.5,115.6,False
jaipur,2025-04-27,32.4,50.0,2.2,851.6,1001.3,0.0,50.0,35.1,30.8,40.6,0.0,27.0,4.0,117.0,0.0,31.2,33.4,32.9,29.9,31.2,31.1,0.0,7200.0,8.0,20.5,11.0,25.3,159.5,False
jaipur,2025-04-28,30.5,61.4,3.2,875.4,1003.0,0.4,61.4,34.1,30.5,39.7,0.0,28.0,4.0,118.0,0.0,32.4,31.2,33.4,30.8,29.9,31.2,0.0,7200.0,8.0,20.5,11.0,22.4,148.4,False
jaipur,2025-04-29,28.1,56.3,1.2,816.4,998.3,0.2,56.3,29.2,27.5,36.2,0.0,29.0,4.0,119.0,0.0,30.5,32.4,31.2,30.5,30.8,29.9,0.0,7200.0,8.0,20.5,11.0,7.3,44.6,False
jaipur,2025-04-30,28.9,58.8,1.7,840.5,999.6,0.5,58.8,30.7,28.6,37.6,0.0,30.0,4.0,120.0,0.0,28.1,30.5,32.4,27.5,30.5,30.8,0.0,7200.0,8.0,20.5,11.0,9.7,59.5,False
jaipur,2025-05-01,27.8,57.5,2.7,819.9,1003.7,0.3,57.5,28.9,27.3,35.1,0.0,1.0,5.0,121.0,0.0,28.9,28.1,30.5,28.6,27.5,30.5,0.0,7200.0,8.0,20.5,11.0,6.6,37.7,False
jaipur,2025-05-02,29.1,58.9,2.7,788.3,1001.8,0.4,58.9,31.0,28.5,37.3,0.0,2.0,5.0,122.0,0.0,27.8,28.9,28.1,27.3,28.6,27.5,0.0,7200.0,8.0,20.5,11.0,12.5,70.2,False
jaipur,2025-05-03,27.5,59.3,2.0,954.6,1000.2,1.1,59.3,28.7,27.9,35.4,0.0,3.0,5.0,123.0,0.0,29.1,27.8,28.9,28.5,27.3,28.6,0.0,7200.0,8.0,20.5,11.0,7.4,40.8,False
jaipur,2025-05-04,29.9,55.0,1.8,775.7,999.8,0.0,55.0,31.7,28.8,38.3,0.0,4.0,5.0,124.0,0.0,27.5,29.1,27.8,27.9,28.5,27.3,0.0,7200.0,8.0,20.5,11.0,12.6,76.2,False
jaipur,2025-05-05,29.0,52.2,1.4,812.5,998.6,0.1,52.2,29.9,27.8,36.6,0.0,5.0,5.0,125.0,0.0,29.9,27.5,29.1,28.8,27.9,28.5,0.0,7200.0,8.0,20.5,11.0,8.2,48.5,False
jaipur,2025-05-06,27.5,60.7,2.6,867.7,1000.4,0.9,60.7,28.8,27.6,35.3,0.0,6.0,5.0,126.0,0.0,29.0,29.9,27.5,27.8,28.8,27.9,0.0,7200.0,8.0,20.5,11.0,7.9,46.2,False
jaipur,2025-05-07,29.8,54.1,2.1,790.3,999.7,0.3,54.1,31.4,28.6,37.7,0.0,7.0,5.0,127.0,0.0,27.5,29.0,29.9,27.6,27.8,28.8,0.0,7200.0,8.0,20.5,11.0,11.2,65.8,False
jaipur,2025-05-08,29.4,53.5,1.5,894.6,998.1,0.3,53.5,30.7,28.8,37.4,0.0,8.0,5.0,128.0,0.0,29.8,27.5,29.0,28.6,27.6,27.8,0.0,7200.0,8.0,20.5,11.0,12.5,70.9,False
jaipur,2025-05-09,30.1,51.0,2.1,811.5,999.9,0.2,51.0,31.4,28.6,37.5,0.0,9.0,5.0,129.0,0.0,29.4,29.8,27.5,28.8,28.6,27.6,0.0,7200.0,8.0,20.5,11.0,14.8,75.8,False
jaipur,2025-05-10,30.8,61.6,3.1,851.6,998.4,0.7,61.6,34.8,30.7,40.3,0.0,10.0,5.0,130.0,0.0,30.1,29.4,29.8,28.6,28.8,28.6,0.0,7200.0,8.0,20.5,11.0,21.5,145.3,False
jaipur,2025-05-11,30.4,56.5,3.3,808.8,997.0,1.6,56.5,32.9,29.5,38.4,0.0,11.0,5.0,131.0,0.0,30.8,30.1,29.4,30.7,28.6,28.8,0.0,7200.0,8.0,20.5,11.0,14.1,98.9,False
jaipur,2025-05-12,31.6,53.5,1.8,796.8,1000.3,0.2,53.5,34.5,30.3,40.6,0.0,12.0,5.0,132.0,0.0,30.4,30.8,30.1,29.5,30.7,28.6,0.0,7200.0,8.0,20.5,11.0,20.6,139.6,False
jaipur,2025-05-13,31.6,54.2,2.7,854.6,994.5,1.0,54.2,34.6,30.6,40.1,0.0,13.0,5.0,133.0,0.0,31.6,30.4,30.8,30.3,29.5,30.7,0.0,7200.0,8.0,20.5,11.0,21.4,149.0,False
jaipur,2025-05-14,32.3,54.1,2.5,781.3,1000.6,0.4,54.1,36.0,30.9,41.3,0.0,14.0,5.0,134.0,0.0,31.6,31.6,30.4,30.6,30.3,29.5,0.0,7200.0,8.0,20.5,11.0,19.7,137.2,False
jaipur,2025-05-15,33.3,48.0,3.6,986.2,998.4,1.2,48.0,36.3,31.9,40.5,0.0,15.0,5.0,135.0,0.0,32.3,31.6,31.6,30.9,30.6,30.3,0.0,7200.0,8.0,20.5,11.0,29.3,196.8,False
jaipur,2025-05-16,35.1,47.2,1.0,986.5,1000.6,0.1,47.2,39.8,33.6,45.1,0.0,16.0,5.0,136.0,0.0,33.3,32.3,31.6,31.9,30.9,30.6,0.0,7200.0,8.0,20.5,11.0,36.7,253.4,False
jaipur,2025-05-17,33.9,42.0,2.9,831.9,997.9,0.2,42.0,35.8,30.9,40.1,0.0,17.0,5.0,137.0,0.0,35.1,33.3,32.3,33.6,31.9,30.9,0.0,7200.0,8.0,20.5,11.0,23.9,154.2,False
jaipur,2025-05-18,35.5,49.2,2.9,907.6,997.7,1.6,49.2,41.6,33.7,44.8,0.0,18.0,5.0,138.0,0.0,33.9,35.1,33.3,30.9,33.6,31.9,0.0,7200.0,8.0,20.5,11.0,38.4,268.3,False
jaipur,2025-05-19,34.6,52.6,1.1,857.5,1000.8,0.3,52.6,40.7,33.2,45.9,0.0,19.0,5.0,139.0,0.0,35.5,33.9,35.1,33.7,30.9,33.6,0.0,7200.0,8.0,20.5,11.0,35.8,255.0,False
jaipur,2025-05-20,37.7,42.2,2.5,901.1,999.3,2.8,42.2,43.7,34.6,46.2,0.0,20.0,5.0,140.0,0.0,34.6,35.5,33.9,33.2,33.7,30.9,0.0,7200.0,8.0,20.5,11.0,43.8,313.3,False
jaipur,2025-05-21,39.6,47.9,2.8,974.3,996.2,0.0,47.9,52.1,37.5,51.8,0.0,21.0,5.0,141.0,0.0,37.7,34.6,35.5,34.6,33.2,33.7,0.0,7200.0,8.0,20.5,11.0,65.7,459.2,False
jaipur,2025-05-22,38.3,42.7,2.7,908.2,1001.4,0.0,42.7,45.4,35.2,47.2,0.0,22.0,5.0,142.0,0.0,39.6,37.7,34.6,37.5,34.6,33.2,0.0,7200.0,8.0,20.5,11.0,46.9,326.2,False
jaipur,2025-05-23,36.8,41.4,2.1,853.4,995.6,0.0,41.4,41.3,33.5,44.8,0.0,23.0,5.0,143.0,0.0,38.3,39.6,37.7,35.2,37.5,34.6,0.0,7200.0,8.0,20.5,11.0,40.0,277.0,False
jaipur,2025-05-24,39.8,36.9,2.1,880.8,995.7,0.0,36.9,46.1,35.5,47.6,0.0,24.0,5.0,144.0,0.0,36.8,38.3,39.6,33.5,35.2,37.5,0.0,7200.0,8.0,20.5,11.0,54.2,394.0,False
jaipur,2025-05-25,40.1,36.5,3.2,832.7,995.6,0.0,36.5,46.5,35.3,46.9,0.0,25.0,5.0,145.0,1.0,39.8,36.8,38.3,35.5,33.5,35.2,5.1,7200.0,8.0,20.5,11.0,57.5,413.9,False
jaipur,2025-05-26,39.7,30.7,3.5,878.0,994.0,0.0,30.7,42.9,34.1,43.4,0.0,26.0,5.0,146.0,0.0,40.1,39.8,36.8,35.3,35.5,33.5,0.0,7200.0,8.0,20.5,11.0,47.4,332.2,False
jaipur,2025-05-27,40.3,46.7,1.8,897.3,996.3,0.0,46.7,53.4,37.6,53.6,0.0,27.0,5.0,147.0,1.0,39.7,40.1,39.8,34.1,35.3,35.5,5.3,7200.0,8.0,20.5,11.0,69.8,480.0,False
jaipur,2025-05-28,40.3,40.7,2.8,862.4,995.6,0.0,40.7,49.5,36.4,49.6,0.0,28.0,5.0,148.0,2.0,40.3,39.7,40.1,37.6,34.1,35.3,10.6,7200.0,8.0,20.5,11.0,67.3,477.5,False
jaipur,2025-05-29,41.2,41.4,2.5,911.8,997.6,0.0,41.4,52.4,37.6,51.9,0.0,29.0,5.0,149.0,3.0,40.3,40.3,39.7,36.4,37.6,34.1,18.6,7200.0,8.0,20.5,11.0,77.9,480.0,False
jaipur,2025-05-30,38.0,42.5,3.8,941.1,995.7,0.3,42.5,44.6,35.1,45.7,0.0,30.0,5.0,150.0,0.0,41.2,40.3,40.3,37.6,36.4,37.6,0.0,7200.0,8.0,20.5,11.0,46.8,324.9,False
jaipur,2025-05-31,38.4,42.8,1.6,940.7,997.7,0.0,42.8,45.7,35.6,48.4,0.0,31.0,5.0,151.0,0.0,38.0,41.2,40.3,35.1,37.6,36.4,0.0,7200.0,8.0,20.5,11.0,49.7,351.5,False
jaipur,2025-06-01,40.5,36.1,3.1,924.2,998.2,0.0,36.1,47.3,36.1,47.4,0.0,1.0,6.0,152.0,1.0,38.4,38.0,41.2,35.6,35.1,37.6,5.5,7200.0,8.0,20.5,11.0,65.5,452.6,False
jaipur,2025-06-02,38.3,42.9,1.8,927.9,996.6,0.0,42.9,45.5,35.4,48.1,0.0,2.0,6.0,153.0,0.0,40.5,38.4,38.0,36.1,35.6,35.1,0.0,7200.0,8.0,20.5,11.0,52.5,351.9,False
jaipur,2025-06-03,36.4,49.9,1.9,846.0,998.1,0.1,49.9,44.1,34.4,47.5,0.0,3.0,6.0,154.0,0.0,38.3,40.5,38.4,35.4,36.1,35.6,0.0,7200.0,8.0,20.5,11.0,45.1,300.8,False
jaipur,2025-06-04,39.0,42.7,2.6,889.9,1000.4,0.0,42.7,47.2,35.8,48.5,0.0,4.0,6.0,155.0,0.0,36.4,38.3,40.5,34.4,35.4,36.1,0.0,7200.0,8.0,20.5,11.0,55.1,379.5,False
jaipur,2025-06-05,36.0,45.7,1.7,961.4,993.6,0.6,45.7,41.3,34.0,45.4,0.0,5.0,6.0,156.0,0.0,39.0,36.4,38.3,35.8,34.4,35.4,0.0,7200.0,8.0,20.5,11.0,40.7,285.1,False
jaipur,2025-06-06,37.1,44.1,1.3,922.3,996.4,0.9,44.1,43.2,34.6,47.0,0.0,6.0,6.0,157.0,0.0,36.0,39.0,36.4,34.0,35.8,34.4,0.0,7200.0,8.0,20.5,11.0,43.2,306.7,False
jaipur,2025-06-07,36.1,48.8,3.7,969.2,999.3,0.5,48.8,42.9,34.5,45.0,0.0,7.0,6.0,158.0,0.0,37.1,36.0,39.0,34.6,34.0,35.8,0.0,7200.0,8.0,20.5,11.0,43.9,302.1,False
jaipur,2025-06-08,36.5,49.9,3.3,839.4,996.2,0.5,49.9,44.4,34.4,46.4,0.0,8.0,6.0,159.0,0.0,36.1,37.1,36.0,34.5,34.6,34.0,0.0,7200.0,8.0,20.5,11.0,45.3,303.1,False
jaipur,2025-06-09,35.7,48.7,3.0,846.2,998.6,0.1,48.7,41.8,33.5,44.9,0.0,9.0,6.0,160.0,0.0,36.5,36.1,37.1,34.4,34.5,34.6,0.0,7200.0,8.0,20.5,11.0,38.6,260.8,False
jaipur,2025-06-10,35.0,54.7,1.2,840.0,998.5,1.3,54.7,42.6,33.8,47.3,0.0,10.0,6.0,161.0,0.0,35.7,36.5,36.1,33.5,34.4,34.5,0.0,7200.0,8.0,20.5,11.0,39.5,275.2,False
jaipur,2025-06-11,37.1,42.1,1.6,997.4,993.3,0.1,42.1,42.3,34.6,46.0,0.0,11.0,6.0,162.0,0.0,35.0,35.7,36.5,33.8,33.5,34.4,0.0,7200.0,8.0,20.5,11.0,42.7,308.5,False
jaipur,2025-06-12,34.9,51.0,3.1,987.8,995.6,0.0,51.0,40.8,33.8,44.2,0.0,12.0,6.0,163.0,0.0,37.1,35.0,35.7,34.6,33.8,33.5,0.0,7200.0,8.0,20.5,11.0,41.9,279.5,False
jaipur,2025-06-13,35.1,56.4,3.1,936.1,999.5,2.0,56.4,43.6,34.5,46.3,0.0,13.0,6.0,164.0,0.0,34.9,37.1,35.0,33.8,34.6,33.8,0.0,7200.0,8.0,20.5,11.0,44.1,305.0,False
jaipur,2025-06-14,37.6,43.2,2.2,993.8,997.4,0.3,43.2,44.0,35.2,46.7,0.0,14.0,6.0,165.0,0.0,35.1,34.9,37.1,34.5,33.8,34.6,0.0,7200.0,8.0,20.5,11.0,46.7,333.1,False
jaipur,2025-06-15,37.7,43.2,2.0,912.3,1002.0,0.8,43.2,44.2,34.9,47.1,0.0,15.0,6.0,166.0,0.0,37.6,35.1,34.9,35.2,34.5,33.8,0.0,7200.0,8.0,20.5,11.0,48.6,334.6,False
jaipur,2025-06-16,37.7,44.2,4.0,909.6,994.5,0.4,44.2,44.7,34.9,45.7,0.0,16.0,6.0,167.0,0.0,37.7,37.6,35.1,34.9,35.2,34.5,0.0,7200.0,8.0,20.5,11.0,47.1,327.6,False
jaipur,2025-06-17,36.9,51.4,1.9,952.1,996.0,1.1,51.4,46.2,35.6,49.0,0.0,17.0,6.0,168.0,0.0,37.7,37.7,37.6,34.9,34.9,35.2,0.0,7200.0,8.0,20.5,11.0,49.2,341.4,False
jaipur,2025-06-18,36.6,45.8,3.1,897.6,994.7,1.3,45.8,42.8,34.1,45.3,0.0,18.0,6.0,169.0,0.0,36.9,37.7,37.7,35.6,34.9,34.9,0.0,7200.0,8.0,20.5,11.0,44.2,286.5,False
jaipur,2025-06-19,36.7,42.0,3.1,880.5,994.5,0.8,42.0,41.4,33.6,44.1,0.0,19.0,6.0,170.0,0.0,36.6,36.9,37.7,34.1,35.6,34.9,0.0,7200.0,8.0,20.5,11.0,40.1,267.1,False
jaipur,2025-06-20,38.9,40.4,2.8,891.9,993.0,0.0,40.4,45.7,35.3,47.1,0.0,20.0,6.0,171.0,0.0,36.7,36.6,36.9,33.6,34.1,35.6,0.0,7200.0,8.0,20.5,11.0,53.2,362.4,False
jaipur,2025-06-21,41.4,36.7,2.9,1050.0,994.1,0.0,36.7,49.8,37.6,49.4,0.0,21.0,6.0,172.0,1.0,38.9,36.7,36.6,35.3,33.6,34.1,6.4,7200.0,8.0,20.5,11.0,74.6,480.0,False
jaipur,2025-06-22,43.6,34.5,3.2,806.1,997.1,0.0,34.5,54.0,37.8,51.5,0.0,22.0,6.0,173.0,2.0,41.4,38.9,36.7,37.6,35.3,33.6,17.2,7200.0,8.0,20.5,11.0,86.9,480.0,False
jaipur,2025-06-23,43.0,33.8,3.8,1023.6,999.3,0.0,33.8,52.0,38.2,49.5,0.0,23.0,6.0,174.0,3.0,43.6,41.4,38.9,37.8,37.6,35.3,24.0,7200.0,8.0,20.5,11.0,90.7,480.0,False
jaipur,2025-06-24,43.5,33.1,2.7,911.9,995.9,0.0,33.1,52.7,38.0,50.9,0.0,24.0,6.0,175.0,4.0,43.0,43.6,41.4,38.2,37.8,37.6,34.0,7200.0,8.0,20.5,11.0,95.8,480.0,False
jaipur,2025-06-25,43.7,30.0,2.4,980.6,996.5,0.0,30.0,51.0,37.9,49.6,0.0,25.0,6.0,176.0,5.0,43.5,43.0,43.6,38.0,38.2,37.8,43.5,7200.0,8.0,20.5,11.0,94.9,480.0,False
jaipur,2025-06-26,45.3,34.9,3.1,940.6,995.9,0.0,34.9,59.0,40.0,54.8,0.0,26.0,6.0,177.0,6.0,43.7,43.5,43.0,37.9,38.0,38.2,61.8,7200.0,8.0,20.5,11.0,98.0,480.0,False
jaipur,2025-06-27,46.8,28.5,2.4,906.0,993.1,0.0,28.5,57.4,39.7,53.4,0.0,27.0,6.0,178.0,7.0,45.3,43.7,43.5,40.0,37.9,38.0,82.6,7200.0,8.0,20.5,11.0,98.0,480.0,False
jaipur,2025-06-28,45.6,33.4,1.6,949.2,997.7,0.0,33.4,58.5,40.1,56.0,0.0,28.0,6.0,179.0,8.0,46.8,45.3,43.7,39.7,40.0,37.9,84.8,7200.0,8.0,20.5,11.0,98.0,480.0,False
jaipur,2026-03-01,25.9,57.3,3.6,775.2,1006.3,0.6,57.3,26.0,25.3,31.9,0.0,1.0,3.0,60.0,0.0,45.6,46.8,45.3,40.1,39.7,40.0,0.0,7200.0,8.0,20.5,11.0,6.8,40.4,False
jaipur,2026-03-02,28.9,64.3,2.4,703.2,1001.4,0.3,64.3,31.5,28.5,38.3,0.0,2.0,3.0,61.0,0.0,25.9,45.6,46.8,25.3,40.1,39.7,0.0,7200.0,8.0,20.5,11.0,8.5,54.3,False
jaipur,2026-03-03,26.1,59.7,1.0,771.1,998.8,0.0,59.7,26.3,25.8,33.9,0.0,3.0,3.0,62.0,0.0,28.9,25.9,45.6,28.5,25.3,40.1,0.0,7200.0,8.0,20.5,11.0,7.8,44.4,False
jaipur,2026-03-04,28.4,55.9,2.4,746.8,1002.2,1.3,55.9,29.6,27.3,35.8,0.0,4.0,3.0,63.0,0.0,26.1,28.9,25.9,25.8,28.5,25.3,0.0,7200.0,8.0,20.5,11.0,4.7,28.7,False
jaipur,2026-03-05,27.8,59.7,1.5,669.7,1003.4,0.6,59.7,29.1,26.9,36.2,0.0,5.0,3.0,64.0,0.0,28.4,26.1,28.9,27.3,25.8,28.5,0.0,7200.0,8.0,20.5,11.0,7.7,37.3,False
jaipur,2026-03-06,26.7,56.9,1.8,793.0,999.4,0.1,56.9,27.5,26.1,33.9,0.0,6.0,3.0,65.0,0.0,27.8,28.4,26.1,26.9,27.3,25.8,0.0,7200.0,8.0,20.5,11.0,10.2,42.9,False
jaipur,2026-03-07,26.9,59.0,2.9,809.4,1001.4,0.2,59.0,27.9,26.6,33.9,0.0,7.0,3.0,66.0,0.0,26.7,27.8,28.4,26.1,26.9,27.3,0.0,7200.0,8.0,20.5,11.0,6.9,41.8,False
jaipur,2026-03-08,29.9,47.2,2.3,782.3,1000.4,1.1,47.2,30.5,27.8,36.2,0.0,8.0,3.0,67.0,0.0,26.9,26.7,27.8,26.6,26.1,26.9,0.0,7200.0,8.0,20.5,11.0,9.2,51.0,False
jaipur,2026-03-09,25.9,66.2,2.9,782.2,1002.4,0.1,66.2,26.3,26.3,33.6,0.0,9.0,3.0,68.0,0.0,29.9,26.9,26.7,27.8,26.6,26.1,0.0,7200.0,8.0,20.5,11.0,4.5,20.3,False
jaipur,2026-03-10,26.3,62.1,1.7,737.8,1002.5,0.9,62.1,26.6,26.1,34.2,0.0,10.0,3.0,69.0,0.0,25.9,29.9,26.9,26.3,27.8,26.6,0.0,7200.0,8.0,20.5,11.0,8.4,42.4,False
jaipur,2026-03-11,28.3,60.3,2.6,726.6,1002.0,0.0,60.3,29.9,27.6,36.4,0.0,11.0,3.0,70.0,0.0,26.3,25.9,29.9,26.1,26.3,27.8,0.0,7200.0,8.0,20.5,11.0,8.2,50.4,False
jaipur,2026-03-12,28.3,55.5,3.5,781.5,1000.7,0.9,55.5,29.4,27.3,35.0,0.0,12.0,3.0,71.0,0.0,28.3,26.3,25.9,27.6,26.1,26.3,0.0,7200.0,8.0,20.5,11.0,6.1,36.7,False
jaipur,2026-03-13,29.5,58.5,2.3,835.4,1005.8,1.4,58.5,31.6,29.1,38.1,0.0,13.0,3.0,72.0,0.0,28.3,28.3,26.3,27.3,27.6,26.1,0.0,7200.0,8.0,20.5,11.0,15.2,90.5,False
jaipur,2026-03-14,28.2,54.3,3.9,669.3,1004.3,1.1,54.3,29.1,26.5,34.4,0.0,14.0,3.0,73.0,0.0,29.5,28.3,28.3,29.1,27.3,27.6,0.0,7200.0,8.0,20.5,11.0,9.8,48.1,False
jaipur,2026-03-15,27.9,59.6,3.1,795.7,999.5,0.9,59.6,29.3,27.5,35.4,0.0,15.0,3.0,74.0,0.0,28.2,29.5,28.3,26.5,29.1,27.3,0.0,7200.0,8.0,20.5,11.0,7.5,34.8,False
jaipur,2026-03-16,27.6,61.9,3.3,798.0,1000.5,0.2,61.9,29.1,27.5,35.2,0.0,16.0,3.0,75.0,0.0,27.9,28.2,29.5,27.5,26.5,29.1,0.0,7200.0,8.0,20.5,11.0,7.8,48.6,False
jaipur,2026-03-17,26.9,65.4,3.3,754.6,999.4,0.5,65.4,28.3,27.0,34.8,0.0,17.0,3.0,76.0,0.0,27.6,27.9,28.2,27.5,27.5,26.5,0.0,7200.0,8.0,20.5,11.0,10.8,52.3,False
jaipur,2026-03-18,26.6,58.1,3.8,721.5,1002.3,0.3,58.1,27.5,25.7,32.9,0.0,18.0,3.0,77.0,0.0,26.9,27.6,27.9,27.0,27.5,27.5,0.0,7200.0,8.0,20.5,11.0,9.4,56.5,False
jaipur,2026-03-19,29.7,60.0,2.2,780.1,1000.5,0.7,60.0,32.3,29.2,38.8,0.0,19.0,3.0,78.0,0.0,26.6,26.9,27.6,25.7,27.0,27.5,0.0,7200.0,8.0,20.5,11.0,12.7,76.0,False
jaipur,2026-03-20,26.2,68.9,2.1,772.4,998.8,0.2,68.9,27.5,26.8,35.0,0.0,20.0,3.0,79.0,0.0,29.7,26.6,26.9,29.2,25.7,27.0,0.0,7200.0,8.0,20.5,11.0,7.3,40.8,False
jaipur,2026-03-21,28.1,59.5,2.4,736.1,1002.8,0.8,59.5,29.5,27.4,36.1,0.0,21.0,3.0,80.0,0.0,26.2,29.7,26.6,26.8,29.2,25.7,0.0,7200.0,8.0,20.5,11.0,5.2,32.6,False
jaipur,2026-03-22,28.1,56.3,4.1,744.4,1001.4,1.1,56.3,29.2,27.0,34.5,0.0,22.0,3.0,81.0,0.0,28.1,26.2,29.7,27.4,26.8,29.2,0.0,7200.0,8.0,20.5,11.0,7.0,38.7,False
jaipur,2026-03-23,27.9,61.5,2.9,769.1,1000.7,0.3,61.5,29.5,27.6,35.8,0.0,23.0,3.0,82.0,0.0,28.1,28.1,26.2,27.0,27.4,26.8,0.0,7200.0,8.0,20.5,11.0,9.3,43.7,False
jaipur,2026-03-24,27.5,54.0,3.1,788.4,1000.4,0.3,54.0,28.2,26.5,33.8,0.0,24.0,3.0,83.0,0.0,27.9,28.1,28.1,27.6,27.0,27.4,0.0,7200.0,8.0,20.5,11.0,7.8,35.0,False
jaipur,2026-03-25,29.0,55.7,1.7,808.5,1000.9,0.1,55.7,30.4,28.2,37.1,0.0,25.0,3.0,84.0,0.0,27.5,27.9,28.1,26.5,27.6,27.0,0.0,7200.0,8.0,20.5,11.0,8.1,41.2,False
jaipur,2026-03-26,27.3,61.9,4.1,794.2,999.1,0.8,61.9,28.6,27.1,34.3,0.0,26.0,3.0,85.0,0.0,29.0,27.5,27.9,28.2,26.5,27.6,0.0,7200.0,8.0,20.5,11.0,8.8,45.4,False
jaipur,2026-03-27,29.1,64.1,2.1,794.0,1001.0,0.0,64.1,31.9,29.2,38.8,0.0,27.0,3.0,86.0,0.0,27.3,29.0,27.5,27.1,28.2,26.5,0.0,7200.0,8.0,20.5,11.0,15.3,100.0,False
jaipur,2026-03-28,29.8,47.5,2.5,869.2,1006.4,0.0,47.5,30.4,28.2,36.0,0.0,28.0,3.0,87.0,0.0,29.1,27.3,29.0,29.2,27.1,28.2,0.0,7200.0,8.0,20.5,11.0,8.8,48.5,False
jaipur,2026-03-29,28.7,59.0,2.7,844.2,997.6,0.7,59.0,30.4,28.4,36.7,0.0,29.0,3.0,88.0,0.0,29.8,29.1,27.3,28.2,29.2,27.1,0.0,7200.0,8.0,20.5,11.0,9.7,55.1,False
jaipur,2026-03-30,28.8,59.0,1.8,767.6,997.2,0.2,59.0,30.6,28.2,37.4,0.0,30.0,3.0,89.0,0.0,28.7,29.8,29.1,28.4,28.2,29.2,0.0,7200.0,8.0,20.5,11.0,9.6,54.5,False
jaipur,2026-03-31,26.9,62.2,2.6,825.8,1000.6,0.9,62.2,28.1,27.0,34.6,0.0,31.0,3.0,90.0,0.0,28.8,28.7,29.8,28.2,28.4,28.2,0.0,7200.0,8.0,20.5,11.0,8.5,41.1,False
jaipur,2026-04-01,29.6,60.5,1.4,878.3,1001.2,1.0,60.5,32.2,29.7,39.3,0.0,1.0,4.0,91.0,0.0,26.9,28.8,28.7,27.0,28.2,28.4,0.0,7200.0,8.0,20.5,11.0,19.0,117.6,False
jaipur,2026-04-02,27.6,55.7,4.0,767.7,1001.5,0.3,55.7,28.5,26.6,33.7,0.0,2.0,4.0,92.0,0.0,29.6,26.9,28.8,29.7,27.0,28.2,0.0,7200.0,8.0,20.5,11.0,6.4,42.2,False
jaipur,2026-04-03,30.1,55.3,2.7,745.3,1002.3,1.0,55.3,32.1,28.8,38.1,0.0,3.0,4.0,93.0,0.0,27.6,29.6,26.9,26.6,29.7,27.0,0.0,7200.0,8.0,20.5,11.0,11.6,78.7,False
jaipur,2026-04-04,29.6,57.2,1.9,717.3,999.7,1.1,57.2,31.6,28.5,38.2,0.0,4.0,4.0,94.0,0.0,30.1,27.6,29.6,28.8,26.6,29.7,0.0,7200.0,8.0,20.5,11.0,9.9,65.4,False
jaipur,2026-04-05,27.4,63.4,3.0,779.9,998.4,0.3,63.4,28.9,27.4,35.4,0.0,5.0,4.0,95.0,0.0,29.6,30.1,27.6,28.5,28.8,26.6,0.0,7200.0,8.0,20.5,11.0,7.8,47.6,False
jaipur,2026-04-06,28.7,60.3,2.0,844.4,999.7,0.1,60.3,30.6,28.6,37.4,0.0,6.0,4.0,96.0,0.0,27.4,29.6,30.1,27.4,28.5,28.8,0.0,7200.0,8.0,20.5,11.0,13.5,70.5,False
jaipur,2026-04-07,27.6,57.9,2.6,875.1,1002.0,0.5,57.9,28.7,27.5,34.9,0.0,7.0,4.0,97.0,0.0,28.7,27.4,29.6,28.6,27.4,28.5,0.0,7200.0,8.0,20.5,11.0,6.9,40.8,False
jaipur,2026-04-08,29.9,55.7,3.7,889.2,998.4,0.6,55.7,31.8,29.3,37.2,0.0,8.0,4.0,98.0,0.0,27.6,28.7,27.4,27.5,28.6,27.4,0.0,7200.0,8.0,20.5,11.0,16.8,98.0,False
jaipur,2026-04-09,29.7,60.1,2.4,810.9,1001.4,0.5,60.1,32.3,29.3,38.7,0.0,9.0,4.0,99.0,0.0,29.9,27.6,28.7,29.3,27.5,28.6,0.0,7200.0,8.0,20.5,11.0,12.6,78.7,False
jaipur,2026-04-10,31.0,51.7,3.6,817.0,998.1,0.3,51.7,33.0,29.5,38.0,0.0,10.0,4.0,100.0,0.0,29.7,29.9,27.6,29.3,29.3,27.5,0.0,7200.0,8.0,20.5,11.0,19.1,112.9,False
jaipur,2026-04-11,30.8,55.2,3.0,897.5,1000.6,0.0,55.2,33.3,30.2,38.9,0.0,11.0,4.0,101.0,0.0,31.0,29.7,29.9,29.5,29.3,29.3,0.0,7200.0,8.0,20.5,11.0,17.7,119.1,False
jaipur,2026-04-12,29.6,56.9,1.5,865.8,997.6,0.6,56.9,31.5,29.2,38.4,0.0,12.0,4.0,102.0,0.0,30.8,31.0,29.7,30.2,29.5,29.3,0.0,7200.0,8.0,20.5,11.0,12.6,91.8,False
jaipur,2026-04-13,27.0,65.2,2.9,827.6,999.5,0.4,65.2,28.5,27.4,35.1,0.0,13.0,4.0,103.0,0.0,29.6,30.8,31.0,29.2,30.2,29.5,0.0,7200.0,8.0,20.5,11.0,6.0,40.8,False
jaipur,2026-04-14,28.4,55.5,2.5,843.9,999.8,0.1,55.5,29.5,27.8,35.7,0.0,14.0,4.0,104.0,0.0,27.0,29.6,30.8,27.4,29.2,30.2,0.0,7200.0,8.0,20.5,11.0,8.1,39.5,False
jaipur,2026-04-15,29.9,58.1,3.7,870.4,998.3,0.4,58.1,32.3,29.5,37.7,0.0,15.0,4.0,105.0,0.0,28.4,27.0,29.6,27.8,27.4,29.2,0.0,7200.0,8.0,20.5,11.0,16.2,94.3,False
jaipur,2026-04-16,34.9,50.6,2.5,823.6,1000.7,0.1,50.6,40.7,33.0,44.6,0.0,16.0,4.0,106.0,0.0,29.9,28.4,27.0,29.5,27.8,27.4,0.0,7200.0,8.0,20.5,11.0,34.9,232.8,False
jaipur,2026-04-17,35.0,49.6,2.4,811.8,999.2,0.0,49.6,40.5,32.9,44.5,0.0,17.0,4.0,107.0,0.0,34.9,29.9,28.4,33.0,29.5,27.8,0.0,7200.0,8.0,20.5,11.0,38.2,249.1,False
jaipur,2026-04-18,35.4,42.5,2.4,857.6,1002.5,0.1,42.5,38.8,32.4,42.8,0.0,18.0,4.0,108.0,0.0,35.0,34.9,29.9,32.9,33.0,29.5,0.0,7200.0,8.0,20.5,11.0,31.2,209.9,False
jaipur,2026-04-19,33.8,57.8,1.0,793.9,1003.3,0.0,57.8,40.8,32.9,46.2,0.0,19.0,4.0,109.0,0.0,35.4,35.0,34.9,32.4,32.9,33.0,0.0,7200.0,8.0,20.5,11.0,37.4,231.7,False
jaipur,2026-04-20,34.5,51.0,1.9,815.9,1000.2,0.4,51.0,39.9,32.7,44.6,0.0,20.0,4.0,110.0,0.0,33.8,35.4,35.0,32.9,32.4,32.9,0.0,7200.0,8.0,20.5,11.0,33.7,232.8,False
jaipur,2026-04-21,35.0,45.9,2.9,859.6,1000.1,0.1,45.9,39.1,32.6,42.9,0.0,21.0,4.0,111.0,0.0,34.5,33.8,35.4,32.7,32.9,32.4,0.0,7200.0,8.0,20.5,11.0,33.5,225.5,False
jaipur,2026-04-22,32.8,54.5,0.9,904.0,995.0,0.2,54.5,37.2,32.1,43.5,0.0,22.0,4.0,112.0,0.0,35.0,34.5,33.8,32.6,32.7,32.9,0.0,7200.0,8.0,20.5,11.0,30.2,209.4,False
jaipur,2026-04-23,33.8,47.1,3.1,882.7,999.0,0.3,47.1,37.0,31.8,41.3,0.0,23.0,4.0,113.0,0.0,32.8,35.0,34.5,32.1,32.6,32.7,0.0,7200.0,8.0,20.5,11.0,28.1,188.3,False
jaipur,2026-04-24,34.2,48.0,2.8,866.8,999.0,1.3,48.0,38.2,32.2,42.4,0.0,24.0,4.0,114.0,0.0,33.8,32.8,35.0,31.8,32.1,32.6,0.0,7200.0,8.0,20.5,11.0,32.0,213.4,False
jaipur,2026-04-25,31.8,50.0,3.6,739.5,1001.0,0.1,50.0,34.0,29.6,38.8,0.0,25.0,4.0,115.0,0.0,34.2,33.8,32.8,32.2,31.8,32.1,0.0,7200.0,8.0,20.5,11.0,15.5,97.4,False
jaipur,2026-04-26,32.5,51.7,2.4,832.1,998.4,0.2,51.7,35.8,31.0,41.1,0.0,26.0,4.0,116.0,0.0,31.8,34.2,33.8,29.6,32.2,31.8,0.0,7200.0,8.0,20.5,11.0,24.0,167.6,False
jaipur,2026-04-27,32.9,42.6,2.9,887.9,1000.2,0.2,42.6,34.2,30.4,38.9,0.0,27.0,4.0,117.0,0.0,32.5,31.8,34.2,31.0,29.6,32.2,0.0,7200.0,8.0,20.5,11.0,20.7,133.2,False
jaipur,2026-04-28,30.5,49.8,2.4,786.4,1000.5,0.0,49.8,31.8,28.7,37.6,0.0,28.0,4.0,118.0,0.0,32.9,32.5,31.8,30.4,31.0,29.6,0.0,7200.0,8.0,20.5,11.0,10.5,58.8,False
jaipur,2026-04-29,30.3,51.8,2.7,902.4,1002.2,0.3,51.8,31.8,29.3,37.6,0.0,29.0,4.0,119.0,0.0,30.5,32.9,32.5,28.7,30.4,31.0,0.0,7200.0,8.0,20.5,11.0,17.0,101.4,False
jaipur,2026-04-30,29.0,50.7,3.4,814.5,1001.1,2.0,50.7,29.7,27.6,35.1,0.0,30.0,4.0,120.0,0.0,30.3,30.5,32.9,29.3,28.7,30.4,0.0,7200.0,8.0,20.5,11.0,9.1,47.7,False
jaipur,2026-05-01,29.4,56.1,3.0,739.7,1002.0,0.3,56.1,31.1,28.2,37.0,0.0,1.0,5.0,121.0,0.0,29.0,30.3,30.5,27.6,29.3,28.7,0.0,7200.0,8.0,20.5,11.0,10.1,52.7,False
jaipur,2026-05-02,29.9,53.6,2.5,899.8,1002.0,0.6,53.6,31.5,29.2,37.5,0.0,2.0,5.0,122.0,0.0,29.4,29.0,30.3,28.2,27.6,29.3,0.0,7200.0,8.0,20.5,11.0,14.0,84.1,False
jaipur,2026-05-03,28.4,54.9,2.2,803.4,997.1,0.5,54.9,29.4,27.5,35.8,0.0,3.0,5.0,123.0,0.0,29.9,29.4,29.0,29.2,28.2,27.6,0.0,7200.0,8.0,20.5,11.0,8.0,43.2,False
jaipur,2026-05-04,28.0,64.3,3.2,833.9,998.6,0.0,64.3,29.9,28.3,36.3,0.0,4.0,5.0,124.0,0.0,28.4,29.9,29.4,27.5,29.2,28.2,0.0,7200.0,8.0,20.5,11.0,10.9,55.1,False
jaipur,2026-05-05,29.5,63.7,2.6,862.6,1000.4,0.3,63.7,32.6,29.8,39.0,0.0,5.0,5.0,125.0,0.0,28.0,28.4,29.9,28.3,27.5,29.2,0.0,7200.0,8.0,20.5,11.0,16.2,102.0,False
jaipur,2026-05-06,28.4,63.0,0.5,764.8,997.9,0.1,63.0,30.5,28.4,38.5,0.0,6.0,5.0,126.0,0.0,29.5,28.0,28.4,29.8,28.3,27.5,0.0,7200.0,8.0,20.5,11.0,12.7,69.5,False
jaipur,2026-05-07,28.9,58.6,1.8,936.1,999.8,0.1,58.6,30.7,29.1,37.5,0.0,7.0,5.0,127.0,0.0,28.4,29.5,28.0,28.4,29.8,28.3,0.0,7200.0,8.0,20.5,11.0,14.2,89.2,False
jaipur,2026-05-08,28.7,59.5,3.2,899.0,995.4,0.5,59.5,30.5,28.7,36.5,0.0,8.0,5.0,128.0,0.0,28.9,28.4,29.5,29.1,28.4,29.8,0.0,7200.0,8.0,20.5,11.0,9.6,63.0,False
jaipur,2026-05-09,29.2,53.4,2.7,922.0,999.5,1.1,53.4,30.4,28.6,36.3,0.0,9.0,5.0,129.0,0.0,28.7,28.9,28.4,28.7,29.1,28.4,0.0,7200.0,8.0,20.5,11.0,12.2,66.8,False
jaipur,2026-05-10,29.8,50.1,3.9,890.4,995.3,0.7,50.1,30.8,28.6,35.8,0.0,10.0,5.0,130.0,0.0,29.2,28.7,28.9,28.6,28.7,29.1,0.0,7200.0,8.0,20.5,11.0,13.0,65.9,False
jaipur,2026-05-11,31.4,54.4,1.7,805.7,998.1,0.2,54.4,34.3,30.2,40.6,0.0,11.0,5.0,131.0,0.0,29.8,29.2,28.7,28.6,28.6,28.7,0.0,7200.0,8.0,20.5,11.0,19.0,124.0,False
jaipur,2026-05-12,33.0,51.6,3.5,884.3,998.0,0.5,51.6,36.8,31.6,41.1,0.0,12.0,5.0,132.0,0.0,31.4,29.8,29.2,30.2,28.6,28.6,0.0,7200.0,8.0,20.5,11.0,26.1,185.1,False
jaipur,2026-05-13,33.3,53.5,3.5,885.7,997.2,0.6,53.5,38.0,32.2,42.1,0.0,13.0,5.0,133.0,0.0,33.0,31.4,29.8,31.6,30.2,28.6,0.0,7200.0,8.0,20.5,11.0,31.2,219.4,False
jaipur,2026-05-14,33.5,55.0,2.7,854.8,1000.2,0.1,55.0,39.0,32.4,43.4,0.0,14.0,5.0,134.0,0.0,33.3,33.0,31.4,32.2,31.6,30.2,0.0,7200.0,8.0,20.5,11.0,33.2,214.2,False
jaipur,2026-05-15,34.8,44.7,3.1,817.5,1000.3,0.0,44.7,38.3,32.0,42.1,0.0,15.0,5.0,135.0,0.0,33.5,33.3,33.0,32.4,32.2,31.6,0.0,7200.0,8.0,20.5,11.0,28.6,197.6,False
jaipur,2026-05-16,35.2,48.1,2.1,932.3,998.5,0.0,48.1,40.4,33.5,44.6,0.0,16.0,5.0,136.0,0.0,34.8,33.5,33.3,32.0,32.4,32.2,0.0,7200.0,8.0,20.5,11.0,38.4,252.8,False
jaipur,2026-05-17,34.5,46.5,3.6,923.4,1001.4,1.9,46.5,38.3,32.5,41.8,0.0,17.0,5.0,137.0,0.0,35.2,34.8,33.5,33.5,32.0,32.4,0.0,7200.0,8.0,20.5,11.0,32.5,223.6,False
jaipur,2026-05-18,37.0,46.6,1.6,821.4,995.6,0.3,46.6,44.1,34.3,47.6,0.0,18.0,5.0,138.0,0.0,34.5,35.2,34.8,32.5,33.5,32.0,0.0,7200.0,8.0,20.5,11.0,42.2,290.9,False
jaipur,2026-05-19,39.1,39.3,2.7,927.0,998.6,0.0,39.3,45.7,35.5,47.1,0.0,19.0,5.0,139.0,0.0,37.0,34.5,35.2,34.3,32.5,33.5,0.0,7200.0,8.0,20.5,11.0,53.7,370.1,False
jaipur,2026-05-20,37.5,39.9,3.2,796.3,999.9,0.2,39.9,42.3,33.5,44.4,0.0,20.0,5.0,140.0,0.0,39.1,37.0,34.5,35.5,34.3,32.5,0.0,7200.0,8.0,20.5,11.0,36.0,254.6,False
jaipur,2026-05-21,39.3,38.5,1.6,867.6,1000.1,0.0,38.5,45.7,35.3,48.0,0.0,21.0,5.0,141.0,0.0,37.5,39.1,37.0,33.5,35.5,34.3,0.0,7200.0,8.0,20.5,11.0,56.1,381.9,False
jaipur,2026-05-22,37.5,39.9,1.3,880.2,997.3,0.2,39.9,42.3,34.0,46.0,0.0,22.0,5.0,142.0,0.0,39.3,37.5,39.1,35.3,33.5,35.5,0.0,7200.0,8.0,20.5,11.0,40.7,280.6,False
jaipur,2026-05-23,39.2,46.6,2.8,911.2,1000.2,0.0,46.6,50.0,36.7,50.4,0.0,23.0,5.0,143.0,0.0,37.5,39.3,37.5,34.0,35.3,33.5,0.0,7200.0,8.0,20.5,11.0,59.7,412.6,False
jaipur,2026-05-24,40.8,39.3,2.6,858.3,996.6,0.0,39.3,49.9,36.6,50.0,0.0,24.0,5.0,144.0,1.0,39.2,37.5,39.3,36.7,34.0,35.3,5.8,7200.0,8.0,20.5,11.0,69.3,480.0,False
jaipur,2026-05-25,40.6,42.3,3.0,898.2,997.4,0.0,42.3,51.3,37.1,50.7,0.0,25.0,5.0,145.0,2.0,40.8,39.2,37.5,36.6,36.7,34.0,11.2,7200.0,8.0,20.5,11.0,74.0,480.0,False
jaipur,2026-05-26,40.3,36.3,2.0,881.5,996.1,0.0,36.3,46.9,35.8,48.2,0.0,26.0,5.0,146.0,3.0,40.6,40.8,39.2,37.1,36.6,36.7,15.9,7200.0,8.0,20.5,11.0,67.3,460.9,False
jaipur,2026-05-27,40.0,40.5,1.1,872.9,998.2,0.0,40.5,48.6,36.3,50.7,0.0,27.0,5.0,147.0,4.0,40.3,40.6,40.8,35.8,37.1,36.6,20.0,7200.0,8.0,20.5,11.0,70.6,480.0,False
jaipur,2026-05-28,40.5,38.8,2.5,909.2,999.5,0.0,38.8,48.8,36.5,49.3,0.0,28.0,5.0,148.0,5.0,40.0,40.3,40.6,36.3,35.8,37.1,27.5,7200.0,8.0,20.5,11.0,74.1,480.0,False
jaipur,2026-05-29,38.9,40.3,3.6,927.0,995.3,0.0,40.3,45.7,35.4,46.4,0.0,29.0,5.0,149.0,0.0,40.5,40.0,40.3,36.5,36.3,35.8,0.0,7200.0,8.0,20.5,11.0,51.1,359.6,False
jaipur,2026-05-30,38.4,39.5,3.6,869.3,999.4,0.0,39.5,44.1,34.6,45.3,0.0,30.0,5.0,150.0,0.0,38.9,40.5,40.0,35.4,36.5,36.3,0.0,7200.0,8.0,20.5,11.0,47.6,318.5,False
jaipur,2026-05-31,38.1,41.7,1.6,907.7,997.0,0.0,41.7,44.5,35.0,47.5,0.0,31.0,5.0,151.0,0.0,38.4,38.9,40.5,34.6,35.4,36.5,0.0,7200.0,8.0,20.5,11.0,47.3,331.9,False
jaipur,2026-06-01,39.4,42.9,0.9,925.5,1000.8,0.0,42.9,48.4,36.4,51.0,0.0,1.0,6.0,152.0,0.0,38.1,38.4,38.9,35.0,34.6,35.4,0.0,7200.0,8.0,20.5,11.0,54.9,401.9,False
jaipur,2026-06-02,38.0,39.6,3.1,990.5,998.9,0.1,39.6,43.2,34.9,45.1,0.0,2.0,6.0,153.0,0.0,39.4,38.1,38.4,36.4,35.0,34.6,0.0,7200.0,8.0,20.5,11.0,46.9,318.8,False
jaipur,2026-06-03,36.2,47.1,2.5,853.8,993.3,0.5,47.1,42.4,33.8,45.6,0.0,3.0,6.0,154.0,0.0,38.0,39.4,38.1,34.9,36.4,35.0,0.0,7200.0,8.0,20.5,11.0,40.6,271.8,False
jaipur,2026-06-04,37.3,40.0,3.8,978.8,996.2,0.3,40.0,41.9,34.2,43.7,0.0,4.0,6.0,155.0,0.0,36.2,38.0,39.4,33.8,34.9,36.4,0.0,7200.0,8.0,20.5,11.0,42.0,297.3,False
jaipur,2026-06-05,38.2,44.8,3.8,983.1,999.6,0.0,44.8,46.3,35.8,47.0,0.0,5.0,6.0,156.0,0.0,37.3,36.2,38.0,34.2,33.8,34.9,0.0,7200.0,8.0,20.5,11.0,48.7,346.1,False
jaipur,2026-06-06,35.6,51.3,2.3,999.3,997.4,0.0,51.3,42.7,34.6,46.2,0.0,6.0,6.0,157.0,0.0,38.2,37.3,36.2,35.8,34.2,33.8,0.0,7200.0,8.0,20.5,11.0,45.6,309.0,False
jaipur,2026-06-07,37.7,41.2,1.0,804.2,994.7,0.7,41.2,43.3,34.1,47.1,0.0,7.0,6.0,158.0,0.0,35.6,38.2,37.3,34.6,35.8,34.2,0.0,7200.0,8.0,20.5,11.0,42.6,286.9,False
jaipur,2026-06-08,34.6,52.2,2.9,948.8,998.8,0.2,52.2,40.6,33.5,44.3,0.0,8.0,6.0,159.0,0.0,37.7,35.6,38.2,34.1,34.6,35.8,0.0,7200.0,8.0,20.5,11.0,37.7,257.0,False
jaipur,2026-06-09,37.6,45.7,3.2,984.4,995.7,0.1,45.7,45.2,35.5,46.8,0.0,9.0,6.0,160.0,0.0,34.6,37.7,35.6,33.5,34.1,34.6,0.0,7200.0,8.0,20.5,11.0,51.0,343.3,False
jaipur,2026-06-10,35.1,51.6,1.3,889.2,996.2,0.1,51.6,41.6,33.7,46.3,0.0,10.0,6.0,161.0,0.0,37.6,34.6,37.7,35.5,33.5,34.1,0.0,7200.0,8.0,20.5,11.0,39.3,271.0,False
jaipur,2026-06-11,35.7,45.0,3.2,908.9,995.6,0.4,45.0,40.3,33.3,43.5,0.0,11.0,6.0,162.0,0.0,35.1,37.6,34.6,33.7,35.5,33.5,0.0,7200.0,8.0,20.5,11.0,34.8,237.3,False
jaipur,2026-06-12,35.8,47.7,2.4,988.2,997.9,0.3,47.7,41.6,34.2,45.2,0.0,12.0,6.0,163.0,0.0,35.7,35.1,37.6,33.3,33.7,35.5,0.0,7200.0,8.0,20.5,11.0,38.2,280.3,False
jaipur,2026-06-13,36.4,47.2,0.5,987.5,994.7,1.4,47.2,42.9,34.8,47.8,0.0,13.0,6.0,164.0,0.0,35.8,35.7,35.1,34.2,33.3,33.7,0.0,7200.0,8.0,20.5,11.0,44.5,314.4,False
jaipur,2026-06-14,35.3,50.7,3.0,933.5,997.9,1.1,50.7,41.7,33.9,44.9,0.0,14.0,6.0,165.0,0.0,36.4,35.8,35.7,34.8,34.2,33.3,0.0,7200.0,8.0,20.5,11.0,40.9,273.0,False
jaipur,2026-06-15,35.5,50.3,3.2,962.9,995.7,0.6,50.3,42.0,34.1,44.9,0.0,15.0,6.0,166.0,0.0,35.3,36.4,35.8,33.9,34.8,34.2,0.0,7200.0,8.0,20.5,11.0,42.8,294.6,False
jaipur,2026-06-16,35.9,55.5,1.8,870.0,996.1,0.1,55.5,45.5,34.8,48.7,0.0,16.0,6.0,167.0,0.0,35.5,35.3,36.4,34.1,33.9,34.8,0.0,7200.0,8.0,20.5,11.0,45.6,309.9,False
jaipur,2026-06-17,37.4,40.9,1.9,954.3,994.8,0.3,40.9,42.5,34.4,45.7,0.0,17.0,6.0,168.0,0.0,35.9,35.5,35.3,34.8,34.1,33.9,0.0,7200.0,8.0,20.5,11.0,41.9,288.8,False
jaipur,2026-06-18,36.9,47.5,3.7,942.7,995.2,0.3,47.5,44.3,34.9,45.9,0.0,18.0,6.0,169.0,0.0,37.4,35.9,35.5,34.4,34.8,34.1,0.0,7200.0,8.0,20.5,11.0,45.6,317.0,False
jaipur,2026-06-19,39.8,44.0,2.7,925.3,1000.5,0.0,44.0,50.1,36.9,50.4,0.0,19.0,6.0,170.0,0.0,36.9,37.4,35.9,34.9,34.4,34.8,0.0,7200.0,8.0,20.5,11.0,63.5,442.8,False
jaipur,2026-06-20,39.1,34.4,3.2,817.6,996.4,0.0,34.4,43.3,34.0,44.5,0.0,20.0,6.0,171.0,0.0,39.8,36.9,37.4,36.9,34.9,34.4,0.0,7200.0,8.0,20.5,11.0,44.7,320.7,False
jaipur,2026-06-21,38.8,38.2,2.4,926.8,995.3,0.0,38.2,44.4,35.0,46.4,0.0,21.0,6.0,172.0,0.0,39.1,39.8,36.9,34.0,36.9,34.9,0.0,7200.0,8.0,20.5,11.0,49.3,335.6,False
jaipur,2026-06-22,41.9,27.9,2.5,908.3,998.4,0.0,27.9,45.9,35.6,45.7,0.0,22.0,6.0,173.0,1.0,38.8,39.1,39.8,35.0,34.0,36.9,6.9,7200.0,8.0,20.5,11.0,68.8,471.8,False
jaipur,2026-06-23,43.8,33.0,1.7,1027.3,997.3,0.0,33.0,53.4,38.9,52.4,0.0,23.0,6.0,174.0,2.0,41.9,38.8,39.1,35.6,35.0,34.0,17.6,7200.0,8.0,20.5,11.0,94.3,480.0,False
jaipur,2026-06-24,43.5,34.5,1.4,928.1,997.5,0.0,34.5,53.7,38.4,53.2,0.0,24.0,6.0,175.0,3.0,43.8,41.9,38.8,38.9,35.6,35.0,25.5,7200.0,8.0,20.5,11.0,92.4,480.0,False
jaipur,2026-06-25,44.5,29.7,1.4,935.5,995.2,0.0,29.7,52.7,38.3,51.7,0.0,25.0,6.0,176.0,4.0,43.5,43.8,41.9,38.4,38.9,35.6,38.0,7200.0,8.0,20.5,11.0,98.0,480.0,False
jaipur,2026-06-26,44.3,37.8,2.6,909.9,996.2,0.0,37.8,58.6,39.6,55.5,0.0,26.0,6.0,177.0,5.0,44.5,43.5,43.8,38.3,38.4,38.9,46.5,7200.0,8.0,20.5,11.0,98.0,480.0,False
jaipur,2026-06-27,46.2,27.7,3.3,1050.0,994.5,0.0,27.7,55.2,39.7,50.9,0.0,27.0,6.0,178.0,6.0,44.3,44.5,43.5,39.6,38.3,38.4,67.2,7200.0,8.0,20.5,11.0,98.0,480.0,False
jaipur,2026-06-28,47.2,28.8,1.7,942.9,997.2,0.0,28.8,58.6,40.3,55.1,0.0,28.0,6.0,179.0,7.0,46.2,44.3,44.5,39.7,39.6,38.3,85.4,7200.0,8.0,20.5,11.0,98.0,480.0,False
lucknow,2022-03-01,29.3,57.0,2.2,825.6,1001.6,0.5,57.0,31.1,28.7,37.5,0.0,1.0,3.0,60.0,0.0,28.1,27.3,26.3,27.7,26.9,26.2,0.0,6500.0,8.6,19.0,11.8,10.8,65.1,False
lucknow,2022-03-02,26.5,56.8,3.2,770.5,1000.5,0.9,56.8,27.3,25.8,32.8,0.0,2.0,3.0,61.0,0.0,29.3,24.5,23.5,28.7,24.0,23.3,0.0,6500.0,8.6,19.0,11.8,7.6,44.3,False
lucknow,2022-03-03,26.7,60.8,2.0,720.4,1002.2,0.5,60.8,27.8,26.2,34.5,0.0,3.0,3.0,62.0,0.0,26.5,29.3,23.7,25.8,28.7,23.7,0.0,6500.0,8.6,19.0,11.8,8.1,40.9,False
lucknow,2022-03-04,27.4,65.2,1.5,772.8,1003.5,0.9,65.2,29.1,27.6,36.6,0.0,4.0,3.0,63.0,0.0,26.7,26.5,29.3,26.2,25.8,28.7,0.0,6500.0,8.6,19.0,11.8,10.5,50.9,False
lucknow,2022-03-05,26.9,62.8,3.2,773.0,998.6,0.4,62.8,28.2,26.8,34.4,0.0,5.0,3.0,64.0,0.0,27.4,26.7,26.5,27.6,26.2,25.8,0.0,6500.0,8.6,19.0,11.8,5.2,32.9,False
lucknow,2022-03-06,26.5,61.8,2.3,754.1,1000.0,1.5,61.8,27.6,26.3,34.2,0.0,6.0,3.0,65.0,0.0,26.9,27.4,26.7,26.8,27.6,26.2,0.0,6500.0,8.6,19.0,11.8,8.3,47.0,False
lucknow,2022-03-07,25.3,64.7,1.9,748.1,1000.4,0.6,64.7,25.6,25.4,33.1,0.0,7.0,3.0,66.0,0.0,26.5,26.9,27.4,26.3,26.8,27.6,0.0,6500.0,8.6,19.0,11.8,9.4,45.3,False
lucknow,2022-03-08,24.7,68.4,2.7,738.5,999.0,0.1,68.4,25.0,25.1,32.3,0.0,8.0,3.0,67.0,0.0,25.3,26.5,26.9,25.4,26.3,26.8,0.0,6500.0,8.6,19.0,11.8,8.1,39.8,False
lucknow,2022-03-09,27.0,63.3,2.4,711.4,1003.9,0.1,63.3,28.3,26.7,35.1,0.0,9.0,3.0,68.0,0.0,24.7,25.3,26.5,25.1,25.4,26.3,0.0,6500.0,8.6,19.0,11.8,9.9,43.7,False
lucknow,2022-03-10,28.7,62.6,2.4,720.1,1000.7,1.0,62.6,30.9,28.2,37.6,0.0,10.0,3.0,69.0,0.0,27.0,24.7,25.3,26.7,25.1,25.4,0.0,6500.0,8.6,19.0,11.8,7.9,41.8,False
lucknow,2022-03-11,28.0,62.6,2.1,792.1,999.8,0.4,62.6,29.7,27.9,36.7,0.0,11.0,3.0,70.0,0.0,28.7,27.0,24.7,28.2,26.7,25.1,0.0,6500.0,8.6,19.0,11.8,7.3,45.6,False
lucknow,2022-03-12,25.9,63.3,2.4,740.3,1001.2,0.2,63.3,26.2,25.8,33.5,0.0,12.0,3.0,71.0,0.0,28.0,28.7,27.0,27.9,28.2,26.7,0.0,6500.0,8.6,19.0,11.8,6.6,39.9,False
lucknow,2022-03-13,26.8,59.3,1.3,763.7,1001.0,0.2,59.3,27.8,26.4,34.7,0.0,13.0,3.0,72.0,0.0,25.9,28.0,28.7,25.8,27.9,28.2,0.0,6500.0,8.6,19.0,11.8,6.6,46.1,False
lucknow,2022-03-14,27.3,59.9,2.3,769.1,1000.5,0.4,59.9,28.5,26.9,35.0,0.0,14.0,3.0,73.0,0.0,26.8,25.9,28.0,26.4,25.8,27.9,0.0,6500.0,8.6,19.0,11.8,8.0,45.7,False
lucknow,2022-03-15,27.2,54.3,2.1,651.3,1001.3,0.1,54.3,27.9,25.6,34.0,0.0,15.0,3.0,74.0,0.0,27.3,26.8,25.9,26.9,26.4,25.8,0.0,6500.0,8.6,19.0,11.8,5.7,37.6,False
lucknow,2022-03-16,28.7,50.8,3.3,781.6,1000.3,0.2,50.8,29.4,27.2,34.7,0.0,16.0,3.0,75.0,0.0,27.2,27.3,26.8,25.6,26.9,26.4,0.0,6500.0,8.6,19.0,11.8,6.4,40.8,False
lucknow,2022-03-17,28.0,59.6,2.3,758.5,1001.1,0.8,59.6,29.4,27.4,36.0,0.0,17.0,3.0,76.0,0.0,28.7,27.2,27.3,27.2,25.6,26.9,0.0,6500.0,8.6,19.0,11.8,5.0,18.2,False
lucknow,2022-03-18,27.1,59.5,2.3,795.2,1000.2,0.1,59.5,28.2,26.8,34.6,0.0,18.0,3.0,77.0,0.0,28.0,28.7,27.2,27.4,27.2,25.6,0.0,6500.0,8.6,19.0,11.8,9.5,55.2,False
lucknow,2022-03-19,25.9,64.0,3.0,759.2,1003.5,0.2,64.0,26.2,25.9,33.2,0.0,19.0,3.0,78.0,0.0,27.1,28.0,28.7,26.8,27.4,27.2,0.0,6500.0,8.6,19.0,11.8,8.4,48.1,False
lucknow,2022-03-20,29.4,56.6,2.0,784.2,1000.7,0.3,56.6,31.2,28.5,37.7,0.0,20.0,3.0,79.0,0.0,25.9,27.1,28.0,25.9,26.8,27.4,0.0,6500.0,8.6,19.0,11.8,10.1,55.9,False
lucknow,2022-03-21,26.7,54.6,0.7,777.5,997.9,0.5,54.6,27.4,25.9,34.1,0.0,21.0,3.0,80.0,0.0,29.4,25.9,27.1,28.5,25.9,26.8,0.0,6500.0,8.6,19.0,11.8,8.3,42.0,False
lucknow,2022-03-22,28.0,66.8,2.6,685.9,1002.9,0.5,66.8,30.3,27.8,37.2,0.0,22.0,3.0,81.0,0.0,26.7,29.4,25.9,25.9,28.5,25.9,0.0,6500.0,8.6,19.0,11.8,7.7,40.5,False
lucknow,2022-03-23,27.2,59.3,4.2,792.0,1000.0,2.3,59.3,28.3,26.8,33.7,0.0,23.0,3.0,82.0,0.0,28.0,26.7,29.4,27.8,25.9,28.5,0.0,6500.0,8.6,19.0,11.8,8.3,35.9,False
lucknow,2022-03-24,28.9,58.4,1.3,791.1,1002.9,0.5,58.4,30.6,28.4,37.8,0.0,24.0,3.0,83.0,0.0,27.2,28.0,26.7,26.8,27.8,25.9,0.0,6500.0,8.6,19.0,11.8,8.2,43.8,False
lucknow,2022-03-25,28.7,52.8,1.6,764.3,1002.8,0.7,52.8,29.6,27.4,36.1,0.0,25.0,3.0,84.0,0.0,28.9,27.2,28.0,28.4,26.8,27.8,0.0,6500.0,8.6,19.0,11.8,7.3,43.8,False
lucknow,2022-03-26,27.5,59.8,2.0,875.4,1003.0,0.6,59.8,28.7,27.6,35.5,0.0,26.0,3.0,85.0,0.0,28.7,28.9,27.2,27.4,28.4,26.8,0.0,6500.0,8.6,19.0,11.8,6.7,41.6,False
lucknow,2022-03-27,29.0,63.9,2.6,768.7,998.9,0.4,63.9,31.7,28.9,38.2,0.0,27.0,3.0,86.0,0.0,27.5,28.7,28.9,27.6,27.4,28.4,0.0,6500.0,8.6,19.0,11.8,14.2,82.8,False
lucknow,2022-03-28,27.3,60.1,2.2,781.2,1001.6,0.5,60.1,28.5,27.0,35.1,0.0,28.0,3.0,87.0,0.0,29.0,27.5,28.7,28.9,27.6,27.4,0.0,6500.0,8.6,19.0,11.8,7.7,39.5,False
lucknow,2022-03-29,27.0,56.5,1.8,814.2,1001.4,0.6,56.5,27.8,26.5,34.3,0.0,29.0,3.0,88.0,0.0,27.3,29.0,27.5,27.0,28.9,27.6,0.0,6500.0,8.6,19.0,11.8,9.1,45.6,False
lucknow,2022-03-30,31.0,58.5,1.7,835.6,1000.7,0.1,58.5,34.5,30.5,40.9,0.0,30.0,3.0,89.0,0.0,27.0,27.3,29.0,26.5,27.0,28.9,0.0,6500.0,8.6,19.0,11.8,19.9,130.1,False
lucknow,2022-03-31,25.8,55.7,2.4,763.8,999.0,0.4,55.7,25.9,25.0,32.1,0.0,31.0,3.0,90.0,0.0,31.0,27.0,27.3,30.5,26.5,27.0,0.0,6500.0,8.6,19.0,11.8,7.9,49.6,False
lucknow,2022-04-01,31.1,51.9,1.1,807.5,1000.0,0.4,51.9,33.2,29.7,39.9,0.0,1.0,4.0,91.0,0.0,25.8,31.0,27.0,25.0,30.5,26.5,0.0,6500.0,8.6,19.0,11.8,14.6,103.6,False
lucknow,2022-04-02,29.5,50.7,2.4,817.1,1004.4,1.0,50.7,30.4,28.1,36.4,0.0,2.0,4.0,92.0,0.0,31.1,25.8,31.0,29.7,25.0,30.5,0.0,6500.0,8.6,19.0,11.8,11.6,57.4,False
lucknow,2022-04-03,27.8,55.1,2.8,717.5,1001.9,0.2,55.1,28.7,26.5,34.6,0.0,3.0,4.0,93.0,0.0,29.5,31.1,25.8,28.1,29.7,25.0,0.0,6500.0,8.6,19.0,11.8,4.8,23.6,False
lucknow,2022-04-04,29.6,58.4,2.9,795.5,1000.2,0.4,58.4,31.8,28.9,37.8,0.0,4.0,4.0,94.0,0.0,27.8,29.5,31.1,26.5,28.1,29.7,0.0,6500.0,8.6,19.0,11.8,12.4,72.0,False
lucknow,2022-04-05,27.7,62.2,3.8,754.3,1003.1,0.6,62.2,29.2,27.4,35.1,0.0,5.0,4.0,95.0,0.0,29.6,27.8,29.5,28.9,26.5,28.1,0.0,6500.0,8.6,19.0,11.8,7.7,36.9,False
lucknow,2022-04-06,27.7,56.7,3.7,865.2,1000.1,0.9,56.7,28.7,27.3,34.2,0.0,6.0,4.0,96.0,0.0,27.7,29.6,27.8,27.4,28.9,26.5,0.0,6500.0,8.6,19.0,11.8,4.6,33.2,False
lucknow,2022-04-07,29.5,59.1,1.7,772.8,998.8,0.4,59.1,31.7,28.9,38.6,0.0,7.0,4.0,97.0,0.0,27.7,27.7,29.6,27.3,27.4,28.9,0.0,6500.0,8.6,19.0,11.8,12.2,76.8,False
lucknow,2022-04-08,29.1,60.5,3.4,801.4,1001.2,0.2,60.5,31.3,28.7,37.2,0.0,8.0,4.0,98.0,0.0,29.5,27.7,27.7,28.9,27.3,27.4,0.0,6500.0,8.6,19.0,11.8,14.1,77.1,False
lucknow,2022-04-09,27.6,54.8,1.5,750.9,1000.2,0.8,54.8,28.4,26.6,35.0,0.0,9.0,4.0,99.0,0.0,29.1,29.5,27.7,28.7,28.9,27.3,0.0,6500.0,8.6,19.0,11.8,7.7,36.0,False
lucknow,2022-04-10,28.9,63.4,2.2,706.0,1002.4,0.0,63.4,31.4,28.4,38.2,0.0,10.0,4.0,100.0,0.0,27.6,29.1,29.5,26.6,28.7,28.9,0.0,6500.0,8.6,19.0,11.8,10.8,68.7,False
lucknow,2022-04-11,29.6,48.2,2.6,833.2,1002.1,0.4,48.2,30.2,27.9,35.9,0.0,11.0,4.0,101.0,0.0,28.9,27.6,29.1,28.4,26.6,28.7,0.0,6500.0,8.6,19.0,11.8,9.2,49.3,False
lucknow,2022-04-12,28.4,60.1,2.8,818.7,1001.3,0.8,60.1,30.1,28.1,36.4,0.0,12.0,4.0,102.0,0.0,29.6,28.9,27.6,27.9,28.4,26.6,0.0,6500.0,8.6,19.0,11.8,9.1,44.9,False
lucknow,2022-04-13,30.6,58.1,1.4,890.0,999.2,0.7,58.1,33.6,30.4,40.4,0.0,13.0,4.0,103.0,0.0,28.4,29.6,28.9,28.1,27.9,28.4,0.0,6500.0,8.6,19.0,11.8,22.7,138.6,False
lucknow,2022-04-14,27.4,58.6,3.2,813.5,997.1,0.2,58.6,28.5,27.0,34.4,0.0,14.0,4.0,104.0,0.0,30.6,28.4,29.6,30.4,28.1,27.9,0.0,6500.0,8.6,19.0,11.8,6.5,38.7,False
lucknow,2022-04-15,28.1,59.1,2.2,849.7,997.0,0.1,59.1,29.5,27.9,36.1,0.0,15.0,4.0,105.0,0.0,27.4,30.6,28.4,27.0,30.4,28.1,0.0,6500.0,8.6,19.0,11.8,7.8,44.2,False
lucknow,2022-04-16,34.1,51.4,3.2,853.8,1000.3,0.2,51.4,39.1,32.5,43.0,0.0,16.0,4.0,106.0,0.0,28.1,27.4,30.6,27.9,27.0,30.4,0.0,6500.0,8.6,19.0,11.8,31.6,210.8,False
lucknow,2022-04-17,32.4,59.3,3.4,932.0,998.9,1.6,59.3,37.8,32.3,42.2,0.0,17.0,4.0,107.0,0.0,34.1,28.1,27.4,32.5,27.9,27.0,0.0,6500.0,8.6,19.0,11.8,30.5,210.6,False
lucknow,2022-04-18,34.1,48.8,3.6,744.9,998.8,0.2,48.8,38.2,31.6,41.9,0.0,18.0,4.0,108.0,0.0,32.4,34.1,28.1,32.3,32.5,27.9,0.0,6500.0,8.6,19.0,11.8,28.7,191.4,False
lucknow,2022-04-19,33.7,53.2,2.2,802.6,1000.4,0.2,53.2,38.8,32.1,43.6,0.0,19.0,4.0,109.0,0.0,34.1,32.4,34.1,31.6,32.3,32.5,0.0,6500.0,8.6,19.0,11.8,29.5,196.5,False
lucknow,2022-04-20,33.4,54.2,3.8,895.8,999.8,0.4,54.2,38.5,32.4,42.2,0.0,20.0,4.0,110.0,0.0,33.7,34.1,32.4,32.1,31.6,32.3,0.0,6500.0,8.6,19.0,11.8,34.5,233.5,False
lucknow,2022-04-21,34.3,43.3,1.6,853.0,996.1,0.2,43.3,36.9,31.6,42.0,0.0,21.0,4.0,111.0,0.0,33.4,33.7,34.1,32.4,32.1,31.6,0.0,6500.0,8.6,19.0,11.8,24.2,178.2,False
lucknow,2022-04-22,34.9,54.6,1.5,743.5,998.1,1.0,54.6,42.3,33.2,46.8,0.0,22.0,4.0,112.0,0.0,34.3,33.4,33.7,31.6,32.4,32.1,0.0,6500.0,8.6,19.0,11.8,37.7,255.3,False
lucknow,2022-04-23,33.5,52.0,3.6,864.3,999.4,0.2,52.0,38.0,32.0,41.9,0.0,23.0,4.0,113.0,0.0,34.9,34.3,33.4,33.2,31.6,32.4,0.0,6500.0,8.6,19.0,11.8,29.1,195.0,False
lucknow,2022-04-24,31.1,55.1,2.4,881.2,998.4,0.2,55.1,33.9,30.4,39.8,0.0,24.0,4.0,114.0,0.0,33.5,34.9,34.3,32.0,33.2,31.6,0.0,6500.0,8.6,19.0,11.8,22.0,144.7,False
lucknow,2022-04-25,31.7,58.8,1.5,812.8,999.1,0.4,58.8,36.0,31.1,42.3,0.0,25.0,4.0,115.0,0.0,31.1,33.5,34.9,30.4,32.0,33.2,0.0,6500.0,8.6,19.0,11.8,23.9,169.1,False
lucknow,2022-04-26,30.4,55.6,3.2,871.0,998.1,0.2,55.6,32.7,29.7,38.3,0.0,26.0,4.0,116.0,0.0,31.7,31.1,33.5,31.1,30.4,32.0,0.0,6500.0,8.6,19.0,11.8,18.4,117.0,False
lucknow,2022-04-27,30.7,53.1,3.0,881.6,998.1,0.2,53.1,32.7,29.8,38.3,0.0,27.0,4.0,117.0,0.0,30.4,31.7,31.1,29.7,31.1,30.4,0.0,6500.0,8.6,19.0,11.8,15.5,101.1,False
lucknow,2022-04-28,31.4,53.0,1.7,850.6,999.9,0.4,53.0,34.0,30.3,40.2,0.0,28.0,4.0,118.0,0.0,30.7,30.4,31.7,29.8,29.7,31.1,0.0,6500.0,8.6,19.0,11.8,18.1,121.5,False
lucknow,2022-04-29,29.8,56.6,2.7,939.1,999.2,1.2,56.6,31.8,29.6,37.9,0.0,29.0,4.0,119.0,0.0,31.4,30.7,30.4,30.3,29.8,29.7,0.0,6500.0,8.6,19.0,11.8,19.2,122.9,False
lucknow,2022-04-30,28.3,61.1,3.4,863.9,1000.2,0.5,61.1,30.0,28.4,36.1,0.0,30.0,4.0,120.0,0.0,29.8,31.4,30.7,29.6,30.3,29.8,0.0,6500.0,8.6,19.0,11.8,9.6,66.2,False
lucknow,2022-05-01,27.7,63.0,2.2,898.4,998.9,0.4,63.0,29.3,28.2,36.3,0.0,1.0,5.0,121.0,0.0,28.3,29.8,31.4,28.4,29.6,30.3,0.0,6500.0,8.6,19.0,11.8,9.6,49.4,False
lucknow,2022-05-02,28.7,56.4,3.0,860.4,999.5,0.4,56.4,30.0,28.2,36.0,0.0,2.0,5.0,122.0,0.0,27.7,28.3,29.8,28.2,28.4,29.6,0.0,6500.0,8.6,19.0,11.8,7.4,44.2,False
lucknow,2022-05-03,28.2,55.3,2.6,866.6,999.4,0.8,55.3,29.2,27.7,35.3,0.0,3.0,5.0,123.0,0.0,28.7,27.7,28.3,28.2,28.2,28.4,0.0,6500.0,8.6,19.0,11.8,8.1,43.4,False
lucknow,2022-05-04,26.9,54.5,2.8,815.3,997.3,0.3,54.5,27.6,26.1,33.2,0.0,4.0,5.0,124.0,0.0,28.2,28.7,27.7,27.7,28.2,28.2,0.0,6500.0,8.6,19.0,11.8,8.2,43.3,False
lucknow,2022-05-05,30.3,58.5,2.9,906.5,1001.8,1.0,58.5,33.1,30.2,38.9,0.0,5.0,5.0,125.0,0.0,26.9,28.2,28.7,26.1,27.7,28.2,0.0,6500.0,8.6,19.0,11.8,19.6,132.9,False
lucknow,2022-05-06,28.7,55.2,3.6,882.9,997.2,0.0,55.2,29.9,28.2,35.4,0.0,6.0,5.0,126.0,0.0,30.3,26.9,28.2,30.2,26.1,27.7,0.0,6500.0,8.6,19.0,11.8,7.6,45.2,False
lucknow,2022-05-07,29.2,61.0,3.4,879.7,1000.3,0.4,61.0,31.5,29.3,37.4,0.0,7.0,5.0,127.0,0.0,28.7,30.3,26.9,28.2,30.2,26.1,0.0,6500.0,8.6,19.0,11.8,16.5,103.7,False
lucknow,2022-05-08,28.6,54.4,4.4,861.2,998.4,0.7,54.4,29.7,27.8,34.7,0.0,8.0,5.0,128.0,0.0,29.2,28.7,30.3,29.3,28.2,30.2,0.0,6500.0,8.6,19.0,11.8,8.3,36.5,False
lucknow,2022-05-09,29.4,57.4,2.6,866.0,996.4,0.0,57.4,31.3,29.0,37.5,0.0,9.0,5.0,129.0,0.0,28.6,29.2,28.7,27.8,29.3,28.2,0.0,6500.0,8.6,19.0,11.8,14.9,80.2,False
lucknow,2022-05-10,30.2,57.6,3.2,862.7,1000.6,0.3,57.6,32.7,29.7,38.4,0.0,10.0,5.0,130.0,0.0,29.4,28.6,29.2,29.0,27.8,29.3,0.0,6500.0,8.6,19.0,11.8,16.0,106.2,False
lucknow,2022-05-11,30.5,53.7,2.7,928.3,1000.1,0.7,53.7,32.5,29.9,38.3,0.0,11.0,5.0,131.0,0.0,30.2,29.4,28.6,29.7,29.0,27.8,0.0,6500.0,8.6,19.0,11.8,17.8,116.3,False
lucknow,2022-05-12,30.2,50.1,2.7,880.2,997.7,0.1,50.1,31.4,28.9,37.0,0.0,12.0,5.0,132.0,0.0,30.5,30.2,29.4,29.9,29.7,29.0,0.0,6500.0,8.6,19.0,11.8,10.9,73.5,False
lucknow,2022-05-13,32.4,56.8,1.6,849.7,996.0,0.2,56.8,37.0,31.7,42.9,0.0,13.0,5.0,133.0,0.0,30.2,30.5,30.2,28.9,29.9,29.7,0.0,6500.0,8.6,19.0,11.8,28.9,190.5,False
lucknow,2022-05-14,31.4,56.7,2.8,766.9,1000.2,0.3,56.7,34.9,30.3,40.3,0.0,14.0,5.0,134.0,0.0,32.4,30.2,30.5,31.7,28.9,29.9,0.0,6500.0,8.6,19.0,11.8,18.9,130.2,False
lucknow,2022-05-15,33.2,47.6,1.3,806.6,997.0,0.1,47.6,36.0,31.0,41.9,0.0,15.0,5.0,135.0,0.0,31.4,32.4,30.2,30.3,31.7,28.9,0.0,6500.0,8.6,19.0,11.8,25.5,163.9,False
lucknow,2022-05-16,35.0,51.9,2.9,723.0,997.6,0.2,51.9,41.4,32.7,44.9,0.0,16.0,5.0,136.0,0.0,33.2,31.4,32.4,31.0,30.3,31.7,0.0,6500.0,8.6,19.0,11.8,33.4,224.9,False
lucknow,2022-05-17,35.0,46.6,2.2,813.4,994.9,0.1,46.6,39.4,32.5,43.7,0.0,17.0,5.0,137.0,0.0,35.0,33.2,31.4,32.7,31.0,30.3,0.0,6500.0,8.6,19.0,11.8,31.5,213.3,False
lucknow,2022-05-18,35.7,44.5,2.7,859.0,995.0,0.1,44.5,40.2,33.0,43.7,0.0,18.0,5.0,138.0,0.0,35.0,35.0,33.2,32.5,32.7,31.0,0.0,6500.0,8.6,19.0,11.8,33.8,232.2,False
lucknow,2022-05-19,35.9,46.2,2.4,858.7,997.5,0.6,46.2,41.3,33.4,44.9,0.0,19.0,5.0,139.0,0.0,35.7,35.0,35.0,33.0,32.5,32.7,0.0,6500.0,8.6,19.0,11.8,37.3,251.1,False
lucknow,2022-05-20,38.1,51.1,2.0,944.5,996.3,0.0,51.1,49.5,36.6,51.1,0.0,20.0,5.0,140.0,0.0,35.9,35.7,35.0,33.4,33.0,32.5,0.0,6500.0,8.6,19.0,11.8,54.7,391.6,False
lucknow,2022-05-21,37.8,46.0,2.3,794.9,1002.6,0.8,46.0,45.9,34.8,48.1,0.0,21.0,5.0,141.0,0.0,38.1,35.9,35.7,36.6,33.4,33.0,0.0,6500.0,8.6,19.0,11.8,45.5,312.5,False
lucknow,2022-05-22,37.6,39.8,3.2,897.1,1001.6,0.7,39.8,42.4,34.1,44.5,0.0,22.0,5.0,142.0,0.0,37.8,38.1,35.9,34.8,36.6,33.4,0.0,6500.0,8.6,19.0,11.8,42.8,293.9,False
lucknow,2022-05-23,38.3,37.6,2.3,825.7,996.4,0.0,37.6,43.0,34.0,45.4,0.0,23.0,5.0,143.0,0.0,37.6,37.8,38.1,34.1,34.8,36.6,0.0,6500.0,8.6,19.0,11.8,40.8,280.5,False
lucknow,2022-05-24,39.7,36.4,4.0,939.5,1000.2,0.0,36.4,45.6,35.5,45.6,0.0,24.0,5.0,144.0,0.0,38.3,37.6,37.8,34.0,34.1,34.8,0.0,6500.0,8.6,19.0,11.8,54.5,385.2,False
lucknow,2022-05-25,38.4,43.3,1.1,944.8,996.5,0.0,43.3,46.0,35.7,49.1,0.0,25.0,5.0,145.0,0.0,39.7,38.3,37.6,35.5,34.0,34.1,0.0,6500.0,8.6,19.0,11.8,52.1,363.8,False
lucknow,2022-05-26,39.0,38.3,2.4,933.5,997.4,0.0,38.3,44.9,35.3,46.7,0.0,26.0,5.0,146.0,0.0,38.4,39.7,38.3,35.7,35.5,34.0,0.0,6500.0,8.6,19.0,11.8,52.7,367.9,False
lucknow,2022-05-27,39.3,40.6,2.6,952.1,997.0,0.0,40.6,46.8,36.0,48.1,0.0,27.0,5.0,147.0,0.0,39.0,38.4,39.7,35.3,35.7,35.5,0.0,6500.0,8.6,19.0,11.8,58.5,404.2,False
lucknow,2022-05-28,38.7,41.8,1.6,829.4,998.8,0.0,41.8,46.0,35.1,48.5,0.0,28.0,5.0,148.0,0.0,39.3,39.0,38.4,36.0,35.3,35.7,0.0,6500.0,8.6,19.0,11.8,50.7,348.3,False
lucknow,2022-05-29,39.3,38.7,2.6,997.4,999.6,0.0,38.7,45.8,35.9,47.2,0.0,29.0,5.0,149.0,0.0,38.7,39.3,39.0,35.1,36.0,35.3,0.0,6500.0,8.6,19.0,11.8,56.1,391.5,False
lucknow,2022-05-30,38.6,36.5,2.1,933.7,995.6,0.0,36.5,43.2,34.6,45.6,0.0,30.0,5.0,150.0,0.0,39.3,38.7,39.3,35.9,35.1,36.0,0.0,6500.0,8.6,19.0,11.8,46.0,314.6,False
lucknow,2022-05-31,39.4,35.8,3.0,953.1,996.8,0.0,35.8,44.6,35.2,45.7,0.0,31.0,5.0,151.0,0.0,38.6,39.3,38.7,34.6,35.9,35.1,0.0,6500.0,8.6,19.0,11.8,51.7,366.3,False
lucknow,2022-06-01,39.8,45.7,2.4,859.2,996.9,0.0,45.7,51.2,36.8,51.5,0.0,1.0,6.0,152.0,0.0,39.4,38.6,39.3,35.2,34.6,35.9,0.0,6500.0,8.6,19.0,11.8,60.5,430.4,False
lucknow,2022-06-02,38.2,41.2,2.0,902.2,996.8,0.0,41.2,44.5,34.9,47.1,0.0,2.0,6.0,153.0,0.0,39.8,39.4,38.6,36.8,35.2,34.6,0.0,6500.0,8.6,19.0,11.8,47.7,320.0,False
lucknow,2022-06-03,37.8,43.1,2.8,837.2,999.1,0.3,43.1,44.4,34.5,46.5,0.0,3.0,6.0,154.0,0.0,38.2,39.8,39.4,34.9,36.8,35.2,0.0,6500.0,8.6,19.0,11.8,44.4,298.3,False
lucknow,2022-06-04,37.9,46.9,2.4,965.3,996.4,0.0,46.9,46.6,35.8,48.6,0.0,4.0,6.0,155.0,0.0,37.8,38.2,39.8,34.5,34.9,36.8,0.0,6500.0,8.6,19.0,11.8,51.2,350.8,False
lucknow,2022-06-05,36.5,45.0,1.0,823.6,999.4,0.3,45.0,42.2,33.7,46.6,0.0,5.0,6.0,156.0,0.0,37.9,37.8,38.2,35.8,34.5,34.9,0.0,6500.0,8.6,19.0,11.8,40.3,276.6,False
lucknow,2022-06-06,35.2,43.4,2.1,874.7,997.6,1.8,43.4,38.7,32.5,43.0,0.0,6.0,6.0,157.0,0.0,36.5,37.9,37.8,33.7,35.8,34.5,0.0,6500.0,8.6,19.0,11.8,32.8,222.0,False
lucknow,2022-06-07,35.5,44.7,2.5,870.8,994.7,0.5,44.7,39.8,32.9,43.6,0.0,7.0,6.0,158.0,0.0,35.2,36.5,37.9,32.5,33.7,35.8,0.0,6500.0,8.6,19.0,11.8,32.9,233.0,False
lucknow,2022-06-08,34.7,51.2,2.6,935.2,997.2,0.0,51.2,40.4,33.4,44.4,0.0,8.0,6.0,159.0,0.0,35.5,35.2,36.5,32.9,32.5,33.7,0.0,6500.0,8.6,19.0,11.8,38.7,264.4,False
lucknow,2022-06-09,35.2,44.7,2.7,984.9,997.4,0.0,44.7,39.1,33.2,43.0,0.0,9.0,6.0,160.0,0.0,34.7,35.5,35.2,33.4,32.9,32.5,0.0,6500.0,8.6,19.0,11.8,35.8,244.9,False
lucknow,2022-06-10,34.2,49.5,2.5,971.5,996.1,0.3,49.5,38.7,32.9,43.1,0.0,10.0,6.0,161.0,0.0,35.2,34.7,35.5,33.2,33.4,32.9,0.0,6500.0,8.6,19.0,11.8,35.7,231.3,False
lucknow,2022-06-11,34.3,42.6,3.3,890.9,997.1,0.3,42.6,36.7,31.6,40.6,0.0,11.0,6.0,162.0,0.0,34.2,35.2,34.7,32.9,33.2,33.4,0.0,6500.0,8.6,19.0,11.8,27.8,180.9,False
lucknow,2022-06-12,35.0,49.8,3.7,960.6,999.0,0.2,49.8,40.6,33.6,43.6,0.0,12.0,6.0,163.0,0.0,34.3,34.2,35.2,31.6,32.9,33.2,0.0,6500.0,8.6,19.0,11.8,39.5,269.5,False
lucknow,2022-06-13,35.4,48.6,1.5,977.1,996.5,0.0,48.6,41.1,34.0,45.6,0.0,13.0,6.0,164.0,0.0,35.0,34.3,34.2,33.6,31.6,32.9,0.0,6500.0,8.6,19.0,11.8,40.6,276.3,False
lucknow,2022-06-14,36.3,45.3,2.2,860.9,996.6,0.0,45.3,41.8,33.7,45.4,0.0,14.0,6.0,165.0,0.0,35.4,35.0,34.3,34.0,33.6,31.6,0.0,6500.0,8.6,19.0,11.8,40.0,267.2,False
lucknow,2022-06-15,36.0,42.7,2.2,906.7,995.0,0.1,42.7,40.1,33.2,44.0,0.0,15.0,6.0,166.0,0.0,36.3,35.4,35.0,33.7,34.0,33.6,0.0,6500.0,8.6,19.0,11.8,36.1,241.5,False
lucknow,2022-06-16,35.2,46.4,2.6,941.8,997.3,0.7,46.4,39.8,33.2,43.6,0.0,16.0,6.0,167.0,0.0,36.0,36.3,35.4,33.2,33.7,34.0,0.0,6500.0,8.6,19.0,11.8,37.8,251.5,False
lucknow,2022-06-17,36.8,44.1,2.9,917.9,997.5,1.2,44.1,42.5,34.2,45.2,0.0,17.0,6.0,168.0,0.0,35.2,36.0,36.3,33.2,33.2,33.7,0.0,6500.0,8.6,19.0,11.8,41.5,287.5,False
lucknow,2022-06-18,38.5,39.0,1.1,883.0,998.7,0.0,39.0,44.1,34.8,47.4,0.0,18.0,6.0,169.0,0.0,36.8,35.2,36.0,34.2,33.2,33.2,0.0,6500.0,8.6,19.0,11.8,46.9,326.5,False
lucknow,2022-06-19,37.5,44.0,1.7,889.5,995.7,0.8,44.0,44.1,34.7,47.3,0.0,19.0,6.0,170.0,0.0,38.5,36.8,35.2,34.8,34.2,33.2,0.0,6500.0,8.6,19.0,11.8,45.3,311.2,False
lucknow,2022-06-20,40.8,35.8,1.9,922.7,996.4,0.0,35.8,47.8,36.3,48.9,0.0,20.0,6.0,171.0,1.0,37.5,38.5,36.8,34.7,34.8,34.2,5.8,6500.0,8.6,19.0,11.8,67.2,469.5,False
lucknow,2022-06-21,40.4,34.8,2.7,953.1,997.7,0.0,34.8,46.3,35.9,47.0,0.0,21.0,6.0,172.0,2.0,40.8,37.5,38.5,36.3,34.7,34.8,10.8,6500.0,8.6,19.0,11.8,64.3,453.2,False
lucknow,2022-06-22,41.8,33.1,1.1,882.9,995.1,0.0,33.1,48.6,36.5,49.8,0.0,22.0,6.0,173.0,3.0,40.4,40.8,37.5,35.9,36.3,34.7,20.4,6500.0,8.6,19.0,11.8,77.2,480.0,False
lucknow,2022-06-23,41.1,38.0,2.1,964.1,996.9,0.0,38.0,49.9,37.2,50.3,0.0,23.0,6.0,174.0,4.0,41.8,40.4,40.8,36.5,35.9,36.3,24.4,6500.0,8.6,19.0,11.8,77.7,480.0,False
lucknow,2022-06-24,42.7,40.9,2.0,864.1,998.9,0.0,40.9,56.4,38.6,55.0,0.0,24.0,6.0,175.0,5.0,41.1,41.8,40.4,37.2,36.5,35.9,38.5,6500.0,8.6,19.0,11.8,95.7,480.0,False
lucknow,2022-06-25,44.0,37.2,2.6,1011.5,997.3,0.0,37.2,57.3,39.7,54.5,0.0,25.0,6.0,176.0,6.0,42.7,41.1,41.8,38.6,37.2,36.5,54.0,6500.0,8.6,19.0,11.8,98.0,480.0,False
lucknow,2022-06-26,44.6,36.6,2.4,992.5,996.8,0.0,36.6,58.5,40.1,55.5,0.0,26.0,6.0,177.0,7.0,44.0,42.7,41.1,39.7,38.6,37.2,67.2,6500.0,8.6,19.0,11.8,98.0,480.0,False
lucknow,2022-06-27,44.9,33.9,3.3,971.9,994.7,0.0,33.9,57.0,39.6,53.2,0.0,27.0,6.0,178.0,8.0,44.6,44.0,42.7,40.1,39.7,38.6,79.2,6500.0,8.6,19.0,11.8,98.0,480.0,False
lucknow,2022-06-28,48.5,26.1,2.1,989.4,994.3,0.0,26.1,59.3,40.9,54.5,0.0,28.0,6.0,179.0,9.0,44.9,44.6,44.0,39.6,40.1,39.7,121.5,6500.0,8.6,19.0,11.8,98.0,480.0,False
lucknow,2023-03-01,26.8,56.7,3.2,727.8,1003.4,0.0,56.7,27.6,25.8,33.2,0.0,1.0,3.0,60.0,0.0,48.5,44.9,44.6,40.9,39.6,40.1,0.0,6500.0,8.6,19.0,11.8,8.4,46.0,False
lucknow,2023-03-02,28.6,57.2,3.5,719.3,1002.1,0.6,57.2,30.0,27.5,35.7,0.0,2.0,3.0,61.0,0.0,26.8,48.5,44.9,25.8,40.9,39.6,0.0,6500.0,8.6,19.0,11.8,9.1,45.1,False
lucknow,2023-03-03,26.0,59.1,2.3,865.8,1002.5,0.4,59.1,26.2,26.1,33.0,0.0,3.0,3.0,62.0,0.0,28.6,26.8,48.5,27.5,25.8,40.9,0.0,6500.0,8.6,19.0,11.8,6.8,40.2,False
lucknow,2023-03-04,27.8,51.8,4.1,785.3,1001.8,0.1,51.8,28.4,26.4,33.3,0.0,4.0,3.0,63.0,0.0,26.0,28.6,26.8,26.1,27.5,25.8,0.0,6500.0,8.6,19.0,11.8,10.8,49.6,False
lucknow,2023-03-05,25.1,60.3,1.7,718.0,1003.5,0.4,60.3,25.2,24.7,32.2,0.0,5.0,3.0,64.0,0.0,27.8,26.0,28.6,26.4,26.1,27.5,0.0,6500.0,8.6,19.0,11.8,7.3,37.4,False
lucknow,2023-03-06,25.5,62.9,2.5,808.5,1000.8,0.1,62.9,25.7,25.7,32.8,0.0,6.0,3.0,65.0,0.0,25.1,27.8,26.0,24.7,26.4,26.1,0.0,6500.0,8.6,19.0,11.8,5.4,38.1,False
lucknow,2023-03-07,28.2,56.8,1.8,706.1,1001.6,0.9,56.8,29.4,27.1,36.1,0.0,7.0,3.0,66.0,0.0,25.5,25.1,27.8,25.7,24.7,26.4,0.0,6500.0,8.6,19.0,11.8,9.6,42.0,False
lucknow,2023-03-08,25.2,67.1,2.2,701.0,997.1,0.9,67.1,25.5,25.3,33.1,0.0,8.0,3.0,67.0,0.0,28.2,25.5,25.1,27.1,25.7,24.7,0.0,6500.0,8.6,19.0,11.8,7.0,36.4,False
lucknow,2023-03-09,28.0,55.3,1.3,697.7,1002.9,0.8,55.3,29.0,26.7,35.8,0.0,9.0,3.0,68.0,0.0,25.2,28.2,25.5,25.3,27.1,25.7,0.0,6500.0,8.6,19.0,11.8,5.8,35.9,False
lucknow,2023-03-10,26.3,60.7,2.1,722.0,999.4,0.3,60.7,26.6,25.8,33.8,0.0,10.0,3.0,69.0,0.0,28.0,25.2,28.2,26.7,25.3,27.1,0.0,6500.0,8.6,19.0,11.8,8.1,45.3,False
lucknow,2023-03-11,27.2,61.2,2.7,803.2,999.6,0.2,61.2,28.4,27.1,34.9,0.0,11.0,3.0,70.0,0.0,26.3,28.0,25.2,25.8,26.7,25.3,0.0,6500.0,8.6,19.0,11.8,5.7,32.9,False
lucknow,2023-03-12,25.4,56.4,3.3,779.5,1000.5,0.3,56.4,25.5,24.8,31.2,0.0,12.0,3.0,71.0,0.0,27.2,26.3,28.0,27.1,25.8,26.7,0.0,6500.0,8.6,19.0,11.8,5.2,43.8,False
lucknow,2023-03-13,27.2,63.0,2.5,810.8,999.5,0.4,63.0,28.6,27.3,35.3,0.0,13.0,3.0,72.0,0.0,25.4,27.2,26.3,24.8,27.1,25.8,0.0,6500.0,8.6,19.0,11.8,5.8,44.8,False
lucknow,2023-03-14,27.4,61.6,1.6,806.2,1003.5,0.3,61.6,28.7,27.4,35.9,0.0,14.0,3.0,73.0,0.0,27.2,25.4,27.2,27.3,24.8,27.1,0.0,6500.0,8.6,19.0,11.8,8.9,41.6,False
lucknow,2023-03-15,26.7,55.7,2.4,766.3,1002.8,0.9,55.7,27.5,25.9,33.4,0.0,15.0,3.0,74.0,0.0,27.4,27.2,25.4,27.4,27.3,24.8,0.0,6500.0,8.6,19.0,11.8,8.9,44.8,False
lucknow,2023-03-16,28.3,57.9,3.4,864.7,1000.8,0.1,57.9,29.6,28.0,35.5,0.0,16.0,3.0,75.0,0.0,26.7,27.4,27.2,25.9,27.4,27.3,0.0,6500.0,8.6,19.0,11.8,7.3,47.4,False
lucknow,2023-03-17,26.3,57.7,2.1,804.4,1001.6,1.1,57.7,26.5,25.9,33.3,0.0,17.0,3.0,76.0,0.0,28.3,26.7,27.4,28.0,25.9,27.4,0.0,6500.0,8.6,19.0,11.8,8.7,54.7,False
lucknow,2023-03-18,27.8,62.8,2.8,793.9,1003.5,0.5,62.8,29.5,27.8,36.0,0.0,18.0,3.0,77.0,0.0,26.3,28.3,26.7,25.9,28.0,25.9,0.0,6500.0,8.6,19.0,11.8,8.6,38.1,False
lucknow,2023-03-19,25.6,64.1,3.0,743.9,1001.8,0.8,64.1,25.9,25.6,32.8,0.0,19.0,3.0,78.0,0.0,27.8,26.3,28.3,27.8,25.9,28.0,0.0,6500.0,8.6,19.0,11.8,6.5,40.9,False
lucknow,2023-03-20,28.3,56.6,2.8,794.3,999.3,0.9,56.6,29.5,27.5,35.6,0.0,20.0,3.0,79.0,0.0,25.6,27.8,26.3,25.6,27.8,25.9,0.0,6500.0,8.6,19.0,11.8,8.6,45.6,False
lucknow,2023-03-21,28.1,61.7,2.0,813.0,1000.5,0.8,61.7,29.8,28.1,36.7,0.0,21.0,3.0,80.0,0.0,28.3,25.6,27.8,27.5,25.6,27.8,0.0,6500.0,8.6,19.0,11.8,8.8,54.5,False
lucknow,2023-03-22,28.1,54.1,3.9,793.4,999.5,0.5,54.1,29.0,27.0,34.2,0.0,22.0,3.0,81.0,0.0,28.1,28.3,25.6,28.1,27.5,25.6,0.0,6500.0,8.6,19.0,11.8,7.0,43.7,False
lucknow,2023-03-23,27.5,60.1,1.7,720.6,1002.4,0.7,60.1,28.7,26.9,35.7,0.0,23.0,3.0,82.0,0.0,28.1,28.1,28.3,27.0,28.1,27.5,0.0,6500.0,8.6,19.0,11.8,7.9,36.7,False
lucknow,2023-03-24,27.9,58.2,1.5,834.3,1002.5,0.1,58.2,29.1,27.6,36.1,0.0,24.0,3.0,83.0,0.0,27.5,28.1,28.1,26.9,27.0,28.1,0.0,6500.0,8.6,19.0,11.8,7.5,37.0,False
lucknow,2023-03-25,27.8,61.6,1.6,730.9,1000.6,0.8,61.6,29.3,27.4,36.5,0.0,25.0,3.0,84.0,0.0,27.9,27.5,28.1,27.6,26.9,27.0,0.0,6500.0,8.6,19.0,11.8,6.2,36.5,False
lucknow,2023-03-26,28.3,59.6,1.8,788.7,1000.8,0.9,59.6,29.9,27.9,36.8,0.0,26.0,3.0,85.0,0.0,27.8,27.9,27.5,27.4,27.6,26.9,0.0,6500.0,8.6,19.0,11.8,7.7,48.3,False
lucknow,2023-03-27,29.6,57.6,2.2,871.5,1003.7,0.2,57.6,31.7,29.3,38.1,0.0,27.0,3.0,86.0,0.0,28.3,27.8,27.9,27.9,27.4,27.6,0.0,6500.0,8.6,19.0,11.8,15.4,93.7,False
lucknow,2023-03-28,29.5,49.7,1.6,768.4,1001.5,0.0,49.7,30.3,27.8,36.6,0.0,28.0,3.0,87.0,0.0,29.6,28.3,27.8,29.3,27.9,27.4,0.0,6500.0,8.6,19.0,11.8,9.3,40.2,False
lucknow,2023-03-29,26.5,63.3,1.4,783.1,1000.6,0.2,63.3,27.7,26.6,34.9,0.0,29.0,3.0,88.0,0.0,29.5,29.6,28.3,27.8,29.3,27.9,0.0,6500.0,8.6,19.0,11.8,6.8,41.9,False
lucknow,2023-03-30,28.1,57.6,1.9,831.1,1003.9,0.3,57.6,29.3,27.7,36.0,0.0,30.0,3.0,89.0,0.0,26.5,29.5,29.6,26.6,27.8,29.3,0.0,6500.0,8.6,19.0,11.8,5.8,29.8,False
lucknow,2023-03-31,29.5,49.5,2.9,769.7,997.3,0.3,49.5,30.3,27.7,35.8,0.0,31.0,3.0,90.0,0.0,28.1,26.5,29.5,27.7,26.6,27.8,0.0,6500.0,8.6,19.0,11.8,8.6,43.9,False
lucknow,2023-04-01,26.8,55.0,3.0,811.4,1001.6,1.0,55.0,27.5,26.1,33.1,0.0,1.0,4.0,91.0,0.0,29.5,28.1,26.5,27.7,27.7,26.6,0.0,6500.0,8.6,19.0,11.8,9.3,45.1,False
lucknow,2023-04-02,26.9,56.9,2.4,837.4,1000.4,0.7,56.9,27.7,26.5,33.8,0.0,2.0,4.0,92.0,0.0,26.8,29.5,28.1,26.1,27.7,27.7,0.0,6500.0,8.6,19.0,11.8,8.1,43.3,False
lucknow,2023-04-03,28.1,61.2,3.1,791.3,998.0,0.3,61.2,29.7,27.8,36.0,0.0,3.0,4.0,93.0,0.0,26.9,26.8,29.5,26.5,26.1,27.7,0.0,6500.0,8.6,19.0,11.8,7.6,36.9,False
lucknow,2023-04-04,27.8,62.0,2.9,802.8,1000.5,0.7,62.0,29.4,27.7,35.8,0.0,4.0,4.0,94.0,0.0,28.1,26.9,26.8,27.8,26.5,26.1,0.0,6500.0,8.6,19.0,11.8,7.2,44.1,False
lucknow,2023-04-05,29.5,55.1,2.6,882.8,1000.6,0.0,55.1,31.1,28.9,37.2,0.0,5.0,4.0,95.0,0.0,27.8,28.1,26.9,27.7,27.8,26.5,0.0,6500.0,8.6,19.0,11.8,11.8,82.8,False
lucknow,2023-04-06,30.3,54.1,3.3,838.0,999.2,0.1,54.1,32.2,29.3,37.7,0.0,6.0,4.0,96.0,0.0,29.5,27.8,28.1,28.9,27.7,27.8,0.0,6500.0,8.6,19.0,11.8,15.6,100.2,False
lucknow,2023-04-07,28.2,57.6,3.6,872.7,1000.8,0.2,57.6,29.5,27.9,35.2,0.0,7.0,4.0,97.0,0.0,30.3,29.5,27.8,29.3,28.9,27.7,0.0,6500.0,8.6,19.0,11.8,7.8,39.0,False
lucknow,2023-04-08,28.2,57.0,3.3,834.9,998.4,0.1,57.0,29.4,27.7,35.2,0.0,8.0,4.0,98.0,0.0,28.2,30.3,29.5,27.9,29.3,28.9,0.0,6500.0,8.6,19.0,11.8,10.6,51.1,False
lucknow,2023-04-09,29.4,58.4,2.1,740.4,1002.1,0.0,58.4,31.5,28.5,38.0,0.0,9.0,4.0,99.0,0.0,28.2,28.2,30.3,27.7,27.9,29.3,0.0,6500.0,8.6,19.0,11.8,11.1,57.7,False
lucknow,2023-04-10,29.1,50.9,4.5,831.0,1001.6,0.3,50.9,29.9,27.7,34.6,0.0,10.0,4.0,100.0,0.0,29.4,28.2,28.2,28.5,27.7,27.9,0.0,6500.0,8.6,19.0,11.8,7.3,45.2,False
lucknow,2023-04-11,30.5,55.4,1.8,864.7,1000.2,1.1,55.4,32.8,29.8,39.3,0.0,11.0,4.0,101.0,0.0,29.1,29.4,28.2,27.7,28.5,27.7,0.0,6500.0,8.6,19.0,11.8,20.1,128.5,False
lucknow,2023-04-12,28.5,54.4,1.8,812.5,996.1,0.2,54.4,29.5,27.6,36.0,0.0,12.0,4.0,102.0,0.0,30.5,29.1,29.4,29.8,27.7,28.5,0.0,6500.0,8.6,19.0,11.8,9.9,44.7,False
lucknow,2023-04-13,28.7,51.6,2.2,786.0,1000.6,1.5,51.6,29.5,27.3,35.5,0.0,13.0,4.0,103.0,0.0,28.5,30.5,29.1,27.6,29.8,27.7,0.0,6500.0,8.6,19.0,11.8,8.6,49.7,False
lucknow,2023-04-14,28.9,53.8,1.9,769.2,999.0,0.2,53.8,30.0,27.7,36.4,0.0,14.0,4.0,104.0,0.0,28.7,28.5,30.5,27.3,27.6,29.8,0.0,6500.0,8.6,19.0,11.8,7.9,45.6,False
lucknow,2023-04-15,28.1,57.9,2.8,729.8,997.6,0.8,57.9,29.4,27.2,35.5,0.0,15.0,4.0,105.0,0.0,28.9,28.7,28.5,27.7,27.3,27.6,0.0,6500.0,8.6,19.0,11.8,5.2,29.1,False
lucknow,2023-04-16,32.8,55.6,1.6,808.8,1003.1,0.2,55.6,37.6,31.7,43.3,0.0,16.0,4.0,106.0,0.0,28.1,28.9,28.7,27.2,27.7,27.3,0.0,6500.0,8.6,19.0,11.8,28.4,191.3,False
lucknow,2023-04-17,33.2,47.4,3.0,838.9,997.2,0.4,47.4,35.9,31.1,40.6,0.0,17.0,4.0,107.0,0.0,32.8,28.1,28.9,31.7,27.2,27.7,0.0,6500.0,8.6,19.0,11.8,25.3,167.1,False
lucknow,2023-04-18,34.0,46.7,2.6,757.9,998.2,0.2,46.7,37.3,31.3,41.9,0.0,18.0,4.0,108.0,0.0,33.2,32.8,28.1,31.1,31.7,27.2,0.0,6500.0,8.6,19.0,11.8,27.2,170.9,False
lucknow,2023-04-19,34.2,54.5,2.2,803.9,1000.9,0.5,54.5,40.5,32.8,44.9,0.0,19.0,4.0,109.0,0.0,34.0,33.2,32.8,31.3,31.1,31.7,0.0,6500.0,8.6,19.0,11.8,32.0,226.7,False
lucknow,2023-04-20,33.9,47.7,3.7,832.8,1002.0,0.2,47.7,37.4,31.7,41.2,0.0,20.0,4.0,110.0,0.0,34.2,34.0,33.2,32.8,31.3,31.1,0.0,6500.0,8.6,19.0,11.8,29.5,197.6,False
lucknow,2023-04-21,31.9,54.3,2.1,757.7,999.7,0.5,54.3,35.2,30.4,41.0,0.0,21.0,4.0,111.0,0.0,33.9,34.2,34.0,31.7,32.8,31.3,0.0,6500.0,8.6,19.0,11.8,20.3,124.7,False
lucknow,2023-04-22,33.4,61.1,2.6,846.7,999.4,0.0,61.1,41.0,33.1,45.1,0.0,22.0,4.0,112.0,0.0,31.9,33.9,34.2,30.4,31.7,32.8,0.0,6500.0,8.6,19.0,11.8,36.4,240.2,False
lucknow,2023-04-23,32.1,51.7,1.3,863.7,997.4,0.2,51.7,35.0,30.9,41.3,0.0,23.0,4.0,113.0,0.0,33.4,31.9,33.9,33.1,30.4,31.7,0.0,6500.0,8.6,19.0,11.8,23.1,145.5,False
lucknow,2023-04-24,31.1,53.9,3.0,857.7,997.7,0.7,53.9,33.6,30.1,39.1,0.0,24.0,4.0,114.0,0.0,32.1,33.4,31.9,30.9,33.1,30.4,0.0,6500.0,8.6,19.0,11.8,18.5,116.0,False
lucknow,2023-04-25,32.4,53.6,2.3,863.8,998.4,0.3,53.6,36.1,31.3,41.5,0.0,25.0,4.0,115.0,0.0,31.1,32.1,33.4,30.1,30.9,33.1,0.0,6500.0,8.6,19.0,11.8,26.3,173.2,False
lucknow,2023-04-26,30.8,60.6,3.2,892.3,1000.7,0.2,60.6,34.6,30.8,40.0,0.0,26.0,4.0,116.0,0.0,32.4,31.1,32.1,31.3,30.1,30.9,0.0,6500.0,8.6,19.0,11.8,23.2,157.5,False
lucknow,2023-04-27,32.3,53.6,2.7,822.7,997.8,2.7,53.6,35.9,31.0,41.1,0.0,27.0,4.0,117.0,0.0,30.8,32.4,31.1,30.8,31.3,30.1,0.0,6500.0,8.6,19.0,11.8,25.1,160.7,False
lucknow,2023-04-28,31.1,57.9,1.9,813.0,997.0,0.5,57.9,34.5,30.4,40.8,0.0,28.0,4.0,118.0,0.0,32.3,30.8,32.4,31.0,30.8,31.3,0.0,6500.0,8.6,19.0,11.8,21.8,128.5,False
lucknow,2023-04-29,29.5,56.8,2.4,991.7,999.8,1.5,56.8,31.4,29.7,37.7,0.0,29.0,4.0,119.0,0.0,31.1,32.3,30.8,30.4,31.0,30.8,0.0,6500.0,8.6,19.0,11.8,17.7,112.5,False
lucknow,2023-04-30,30.3,52.3,2.1,884.5,1002.1,0.1,52.3,31.9,29.4,38.1,0.0,30.0,4.0,120.0,0.0,29.5,31.1,32.3,29.7,30.4,31.0,0.0,6500.0,8.6,19.0,11.8,14.0,88.3,False
lucknow,2023-05-01,29.1,55.4,2.8,802.8,999.3,0.2,55.4,30.5,28.2,36.5,0.0,1.0,5.0,121.0,0.0,30.3,29.5,31.1,29.4,29.7,30.4,0.0,6500.0,8.6,19.0,11.8,8.4,35.7,False
lucknow,2023-05-02,30.5,44.3,2.9,788.6,996.4,0.1,44.3,30.9,28.0,36.0,0.0,2.0,5.0,122.0,0.0,29.1,30.3,29.5,28.2,29.4,29.7,0.0,6500.0,8.6,19.0,11.8,8.0,37.1,False
lucknow,2023-05-03,29.4,52.4,2.2,762.6,1000.6,0.6,52.4,30.5,27.9,36.7,0.0,3.0,5.0,123.0,0.0,30.5,29.1,30.3,28.0,28.2,29.4,0.0,6500.0,8.6,19.0,11.8,8.6,52.8,False
lucknow,2023-05-04,28.2,50.5,2.8,844.4,998.7,1.7,50.5,28.7,27.0,34.3,0.0,4.0,5.0,124.0,0.0,29.4,30.5,29.1,27.9,28.0,28.2,0.0,6500.0,8.6,19.0,11.8,10.2,41.1,False
lucknow,2023-05-05,28.7,57.3,1.8,779.9,1001.8,0.5,57.3,30.2,28.0,36.9,0.0,5.0,5.0,125.0,0.0,28.2,29.4,30.5,27.0,27.9,28.0,0.0,6500.0,8.6,19.0,11.8,7.1,47.0,False
lucknow,2023-05-06,30.2,53.7,2.7,877.6,999.2,0.2,53.7,32.0,29.4,37.9,0.0,6.0,5.0,126.0,0.0,28.7,28.2,29.4,28.0,27.0,27.9,0.0,6500.0,8.6,19.0,11.8,15.9,103.6,False
lucknow,2023-05-07,28.6,57.2,2.5,895.7,996.9,0.1,57.2,30.0,28.4,36.3,0.0,7.0,5.0,127.0,0.0,30.2,28.7,28.2,29.4,28.0,27.0,0.0,6500.0,8.6,19.0,11.8,11.7,72.3,False
lucknow,2023-05-08,29.1,62.3,2.6,848.2,995.5,2.4,62.3,31.6,29.2,38.1,0.0,8.0,5.0,128.0,0.0,28.6,30.2,28.7,28.4,29.4,28.0,0.0,6500.0,8.6,19.0,11.8,12.9,92.7,False
lucknow,2023-05-09,29.9,61.4,2.6,903.2,1001.0,3.0,61.4,32.9,30.1,39.2,0.0,9.0,5.0,129.0,0.0,29.1,28.6,30.2,29.2,28.4,29.4,0.0,6500.0,8.6,19.0,11.8,22.1,133.9,False
lucknow,2023-05-10,29.2,61.1,2.9,864.4,998.4,0.3,61.1,31.6,29.2,37.8,0.0,10.0,5.0,130.0,0.0,29.9,29.1,28.6,30.1,29.2,28.4,0.0,6500.0,8.6,19.0,11.8,14.2,84.3,False
lucknow,2023-05-11,29.5,53.5,3.2,920.2,999.5,0.8,53.5,30.8,28.9,36.5,0.0,11.0,5.0,131.0,0.0,29.2,29.9,29.1,29.2,30.1,29.2,0.0,6500.0,8.6,19.0,11.8,12.6,77.8,False
lucknow,2023-05-12,30.8,51.8,2.5,842.7,1000.7,0.2,51.8,32.6,29.5,38.4,0.0,12.0,5.0,132.0,0.0,29.5,29.2,29.9,28.9,29.2,30.1,0.0,6500.0,8.6,19.0,11.8,12.9,80.1,False
lucknow,2023-05-13,31.6,54.8,1.6,919.8,999.4,1.0,54.8,34.8,31.0,41.1,0.0,13.0,5.0,133.0,0.0,30.8,29.5,29.2,29.5,28.9,29.2,0.0,6500.0,8.6,19.0,11.8,25.9,173.1,False
lucknow,2023-05-14,32.0,54.7,1.7,853.9,999.5,0.2,54.7,35.6,31.1,41.6,0.0,14.0,5.0,134.0,0.0,31.6,30.8,29.5,31.0,29.5,28.9,0.0,6500.0,8.6,19.0,11.8,23.9,156.3,False
lucknow,2023-05-15,33.2,54.9,3.2,935.8,997.1,0.1,54.9,38.2,32.5,42.5,0.0,15.0,5.0,135.0,0.0,32.0,31.6,30.8,31.1,31.0,29.5,0.0,6500.0,8.6,19.0,11.8,34.2,231.9,False
lucknow,2023-05-16,34.0,47.3,1.8,788.6,999.7,0.3,47.3,37.5,31.6,42.6,0.0,16.0,5.0,136.0,0.0,33.2,32.0,31.6,32.5,31.1,31.0,0.0,6500.0,8.6,19.0,11.8,28.6,192.9,False
lucknow,2023-05-17,35.1,45.6,2.4,899.2,1001.1,0.8,45.6,39.3,32.8,43.4,0.0,17.0,5.0,137.0,0.0,34.0,33.2,32.0,31.6,32.5,31.1,0.0,6500.0,8.6,19.0,11.8,34.5,231.0,False
lucknow,2023-05-18,36.2,44.8,1.9,822.1,996.2,0.3,44.8,41.4,33.3,45.3,0.0,18.0,5.0,138.0,0.0,35.1,34.0,33.2,32.8,31.6,32.5,0.0,6500.0,8.6,19.0,11.8,37.5,257.3,False
lucknow,2023-05-19,36.2,45.2,2.2,917.7,998.5,1.0,45.2,41.6,33.9,45.2,0.0,19.0,5.0,139.0,0.0,36.2,35.1,34.0,33.3,32.8,31.6,0.0,6500.0,8.6,19.0,11.8,40.9,282.1,False
lucknow,2023-05-20,37.0,47.0,2.3,923.1,995.9,0.3,47.0,44.3,34.9,47.1,0.0,20.0,5.0,140.0,0.0,36.2,36.2,35.1,33.9,33.3,32.8,0.0,6500.0,8.6,19.0,11.8,48.6,316.7,False
lucknow,2023-05-21,38.6,44.3,3.5,832.2,999.4,0.0,44.3,47.1,35.3,47.7,0.0,21.0,5.0,141.0,0.0,37.0,36.2,36.2,34.9,33.9,33.3,0.0,6500.0,8.6,19.0,11.8,50.9,354.6,False
lucknow,2023-05-22,39.1,38.3,4.6,953.3,996.8,0.0,38.3,45.1,35.4,45.0,0.0,22.0,5.0,142.0,0.0,38.6,37.0,36.2,35.3,34.9,33.9,0.0,6500.0,8.6,19.0,11.8,51.1,361.1,False
lucknow,2023-05-23,39.0,45.8,1.6,902.6,994.8,0.0,45.8,49.0,36.4,50.9,0.0,23.0,5.0,143.0,0.0,39.1,38.6,37.0,35.4,35.3,34.9,0.0,6500.0,8.6,19.0,11.8,58.5,406.2,False
lucknow,2023-05-24,41.1,32.2,3.6,804.8,995.1,0.0,32.2,46.5,35.2,45.9,0.0,24.0,5.0,144.0,1.0,39.0,39.1,38.6,36.4,35.4,35.3,6.1,6500.0,8.6,19.0,11.8,58.9,422.9,False
lucknow,2023-05-25,38.2,37.3,2.7,914.3,997.8,0.0,37.3,42.7,34.3,44.8,0.0,25.0,5.0,145.0,0.0,41.1,39.0,39.1,35.2,36.4,35.4,0.0,6500.0,8.6,19.0,11.8,43.0,306.9,False
lucknow,2023-05-26,39.7,43.7,2.6,838.4,998.8,0.0,43.7,49.7,36.3,50.2,0.0,26.0,5.0,146.0,0.0,38.2,41.1,39.0,34.3,35.2,36.4,0.0,6500.0,8.6,19.0,11.8,59.0,415.9,False
lucknow,2023-05-27,39.8,32.5,1.2,940.5,996.3,0.0,32.5,43.9,35.0,46.3,0.0,27.0,5.0,147.0,0.0,39.7,38.2,41.1,36.3,34.3,35.2,0.0,6500.0,8.6,19.0,11.8,52.2,368.1,False
lucknow,2023-05-28,39.0,43.2,2.5,906.6,996.2,0.0,43.2,47.5,35.9,48.8,0.0,28.0,5.0,148.0,0.0,39.8,39.7,38.2,35.0,36.3,34.3,0.0,6500.0,8.6,19.0,11.8,55.4,391.1,False
lucknow,2023-05-29,38.6,45.8,2.5,935.1,997.8,0.0,45.8,47.9,36.1,49.2,0.0,29.0,5.0,149.0,0.0,39.0,39.8,39.7,35.9,35.0,36.3,0.0,6500.0,8.6,19.0,11.8,54.6,382.9,False
lucknow,2023-05-30,40.1,40.8,2.9,881.6,1000.6,0.0,40.8,49.0,36.4,49.2,0.0,30.0,5.0,150.0,1.0,38.6,39.0,39.8,36.1,35.9,35.0,5.1,6500.0,8.6,19.0,11.8,65.2,454.7,False
lucknow,2023-05-31,38.5,46.2,2.0,812.5,997.6,0.0,46.2,47.8,35.5,49.7,0.0,31.0,5.0,151.0,0.0,40.1,38.6,39.0,36.4,36.1,35.9,0.0,6500.0,8.6,19.0,11.8,52.8,369.2,False
lucknow,2023-06-01,38.1,43.0,2.9,890.1,998.4,0.0,43.0,45.1,35.0,46.8,0.0,1.0,6.0,152.0,0.0,38.5,40.1,38.6,35.5,36.4,36.1,0.0,6500.0,8.6,19.0,11.8,46.6,328.4,False
lucknow,2023-06-02,38.5,45.5,2.3,1001.3,998.3,0.0,45.5,47.4,36.4,49.1,0.0,2.0,6.0,153.0,0.0,38.1,38.5,40.1,35.0,35.5,36.4,0.0,6500.0,8.6,19.0,11.8,55.7,383.9,False
lucknow,2023-06-03,37.2,44.7,1.9,892.1,997.0,0.3,44.7,43.7,34.6,46.9,0.0,3.0,6.0,154.0,0.0,38.5,38.1,38.5,36.4,35.0,35.5,0.0,6500.0,8.6,19.0,11.8,43.7,300.5,False
lucknow,2023-06-04,35.1,47.5,2.4,832.6,997.9,0.5,47.5,39.9,32.8,44.0,0.0,4.0,6.0,155.0,0.0,37.2,38.5,38.1,34.6,36.4,35.0,0.0,6500.0,8.6,19.0,11.8,33.7,234.5,False
lucknow,2023-06-05,36.8,48.7,2.4,891.8,1000.7,0.2,48.7,44.6,34.8,47.3,0.0,5.0,6.0,156.0,0.0,35.1,37.2,38.5,32.8,34.6,36.4,0.0,6500.0,8.6,19.0,11.8,45.3,309.3,False
lucknow,2023-06-06,35.7,46.2,1.4,990.7,997.1,0.6,46.2,40.8,34.0,45.4,0.0,6.0,6.0,157.0,0.0,36.8,35.1,37.2,34.8,32.8,34.6,0.0,6500.0,8.6,19.0,11.8,41.4,276.7,False
lucknow,2023-06-07,35.5,45.6,2.1,983.9,995.0,0.2,45.6,40.1,33.6,44.3,0.0,7.0,6.0,158.0,0.0,35.7,36.8,35.1,34.0,34.8,32.8,0.0,6500.0,8.6,19.0,11.8,39.1,269.2,False
lucknow,2023-06-08,36.4,47.9,3.0,892.1,998.4,1.0,47.9,43.2,34.3,45.8,0.0,8.0,6.0,159.0,0.0,35.5,35.7,36.8,33.6,34.0,34.8,0.0,6500.0,8.6,19.0,11.8,40.5,290.7,False
lucknow,2023-06-09,36.2,46.7,2.1,838.8,997.2,0.3,46.7,42.2,33.7,45.8,0.0,9.0,6.0,160.0,0.0,36.4,35.5,35.7,34.3,33.6,34.0,0.0,6500.0,8.6,19.0,11.8,37.2,265.3,False
lucknow,2023-06-10,33.8,43.8,1.1,861.3,995.3,0.2,43.8,36.1,31.3,41.8,0.0,10.0,6.0,161.0,0.0,36.2,36.4,35.5,33.7,34.3,33.6,0.0,6500.0,8.6,19.0,11.8,25.5,166.2,False
lucknow,2023-06-11,34.7,48.9,1.8,941.3,994.2,1.4,48.9,39.6,33.2,44.3,0.0,11.0,6.0,162.0,0.0,33.8,36.2,36.4,31.3,33.7,34.3,0.0,6500.0,8.6,19.0,11.8,34.8,252.3,False
lucknow,2023-06-12,34.3,44.4,2.7,912.9,997.9,0.0,44.4,37.2,32.0,41.5,0.0,12.0,6.0,163.0,0.0,34.7,33.8,36.2,33.2,31.3,33.7,0.0,6500.0,8.6,19.0,11.8,28.3,189.8,False
lucknow,2023-06-13,35.4,43.8,3.5,850.2,997.8,0.6,43.8,39.3,32.5,42.4,0.0,13.0,6.0,164.0,0.0,34.3,34.7,33.8,32.0,33.2,31.3,0.0,6500.0,8.6,19.0,11.8,31.1,213.8,False
lucknow,2023-06-14,34.9,49.6,1.7,981.8,992.0,0.0,49.6,40.3,33.7,44.9,0.0,14.0,6.0,165.0,0.0,35.4,34.3,34.7,32.5,32.0,33.2,0.0,6500.0,8.6,19.0,11.8,38.9,269.3,False
lucknow,2023-06-15,35.3,46.2,2.8,883.5,998.9,0.4,46.2,39.9,33.0,43.6,0.0,15.0,6.0,166.0,0.0,34.9,35.4,34.3,33.7,32.5,32.0,0.0,6500.0,8.6,19.0,11.8,37.1,247.8,False
lucknow,2023-06-16,37.0,38.1,2.2,933.8,994.8,0.2,38.1,40.5,33.5,43.8,0.0,16.0,6.0,167.0,0.0,35.3,34.9,35.4,33.0,33.7,32.5,0.0,6500.0,8.6,19.0,11.8,35.9,254.0,False
lucknow,2023-06-17,37.9,41.3,3.5,892.7,997.8,0.6,41.3,43.8,34.6,45.3,0.0,17.0,6.0,168.0,0.0,37.0,35.3,34.9,33.5,33.0,33.7,0.0,6500.0,8.6,19.0,11.8,42.2,294.0,False
lucknow,2023-06-18,38.4,41.4,3.4,942.7,993.6,0.0,41.4,45.0,35.3,46.2,0.0,18.0,6.0,169.0,0.0,37.9,37.0,35.3,34.6,33.5,33.0,0.0,6500.0,8.6,19.0,11.8,49.1,338.4,False
lucknow,2023-06-19,37.7,42.2,2.7,978.7,995.4,0.3,42.2,43.7,35.0,46.0,0.0,19.0,6.0,170.0,0.0,38.4,37.9,37.0,35.3,34.6,33.5,0.0,6500.0,8.6,19.0,11.8,48.1,324.2,False
lucknow,2023-06-20,37.5,43.1,4.5,855.2,996.1,1.5,43.1,43.7,34.3,44.6,0.0,20.0,6.0,171.0,0.0,37.7,38.4,37.9,35.0,35.3,34.6,0.0,6500.0,8.6,19.0,11.8,43.7,304.1,False
lucknow,2023-06-21,40.0,40.6,2.3,881.1,996.7,0.0,40.6,48.6,36.3,49.5,0.0,21.0,6.0,172.0,1.0,37.5,37.7,38.4,34.3,35.0,35.3,5.0,6500.0,8.6,19.0,11.8,63.0,433.6,False
lucknow,2023-06-22,42.2,37.3,1.9,955.0,995.3,0.0,37.3,52.3,38.0,52.1,0.0,22.0,6.0,173.0,2.0,40.0,37.5,37.7,36.3,34.3,35.0,14.4,6500.0,8.6,19.0,11.8,83.5,480.0,False
lucknow,2023-06-23,42.4,34.5,1.7,904.3,997.9,0.0,34.5,50.9,37.4,51.0,0.0,23.0,6.0,174.0,3.0,42.2,40.0,37.5,38.0,36.3,34.3,22.2,6500.0,8.6,19.0,11.8,82.8,480.0,False
lucknow,2023-06-24,42.6,32.4,3.0,901.2,995.4,0.0,32.4,50.0,37.0,48.8,0.0,24.0,6.0,175.0,4.0,42.4,42.2,40.0,37.4,38.0,36.3,30.4,6500.0,8.6,19.0,11.8,81.8,480.0,False
lucknow,2023-06-25,44.6,37.3,3.4,998.1,995.5,0.0,37.3,59.1,40.2,54.8,0.0,25.0,6.0,176.0,5.0,42.6,42.4,42.2,37.0,37.4,38.0,48.0,6500.0,8.6,19.0,11.8,98.0,480.0,False
lucknow,2023-06-26,43.6,35.4,2.4,851.4,996.8,0.0,35.4,54.7,38.3,52.9,0.0,26.0,6.0,177.0,6.0,44.6,42.6,42.4,40.2,37.0,37.4,51.6,6500.0,8.6,19.0,11.8,97.9,480.0,False
lucknow,2023-06-27,44.5,34.6,2.6,860.5,995.5,0.0,34.6,56.5,38.9,53.7,0.0,27.0,6.0,178.0,7.0,43.6,44.6,42.6,38.3,40.2,37.0,66.5,6500.0,8.6,19.0,11.8,98.0,480.0,False
lucknow,2023-06-28,45.9,34.8,2.9,976.9,997.3,0.0,34.8,60.7,40.7,56.1,0.0,28.0,6.0,179.0,8.0,44.5,43.6,44.6,38.9,38.3,40.2,87.2,6500.0,8.6,19.0,11.8,98.0,480.0,False
lucknow,2024-03-01,28.4,60.5,2.4,780.9,1002.8,1.6,60.5,30.1,28.0,36.7,0.0,1.0,3.0,61.0,0.0,45.9,44.5,43.6,40.7,38.9,38.3,0.0,6500.0,8.6,19.0,11.8,6.5,42.3,False
lucknow,2024-03-02,27.4,55.4,2.4,736.1,1001.9,1.6,55.4,28.2,26.3,34.3,0.0,2.0,3.0,62.0,0.0,28.4,45.9,44.5,28.0,40.7,38.9,0.0,6500.0,8.6,19.0,11.8,9.7,49.0,False
lucknow,2024-03-03,25.9,61.6,2.1,683.8,1003.5,0.4,61.6,26.2,25.3,33.3,0.0,3.0,3.0,63.0,0.0,27.4,28.4,45.9,26.3,28.0,40.7,0.0,6500.0,8.6,19.0,11.8,7.4,47.3,False
lucknow,2024-03-04,26.6,64.3,2.6,678.4,1001.8,0.8,64.3,27.8,26.2,34.6,0.0,4.0,3.0,64.0,0.0,25.9,27.4,28.4,25.3,26.3,28.0,0.0,6500.0,8.6,19.0,11.8,8.3,43.2,False
lucknow,2024-03-05,26.1,58.8,2.0,756.2,1001.8,0.1,58.8,26.3,25.6,33.2,0.0,5.0,3.0,65.0,0.0,26.6,25.9,27.4,26.2,25.3,26.3,0.0,6500.0,8.6,19.0,11.8,7.0,27.3,False
lucknow,2024-03-06,26.3,61.5,1.7,808.0,1004.1,0.3,61.5,26.6,26.4,34.2,0.0,6.0,3.0,66.0,0.0,26.1,26.6,25.9,25.6,26.2,25.3,0.0,6500.0,8.6,19.0,11.8,7.8,36.6,False
lucknow,2024-03-07,26.8,63.7,1.6,708.2,1005.3,0.3,63.7,28.1,26.6,35.3,0.0,7.0,3.0,67.0,0.0,26.3,26.1,26.6,26.4,25.6,26.2,0.0,6500.0,8.6,19.0,11.8,8.3,44.3,False
lucknow,2024-03-08,27.8,59.2,3.6,661.7,1001.3,0.5,59.2,29.1,26.7,34.9,0.0,8.0,3.0,68.0,0.0,26.8,26.3,26.1,26.6,26.4,25.6,0.0,6500.0,8.6,19.0,11.8,7.8,52.5,False
lucknow,2024-03-09,26.5,62.1,3.5,707.9,1000.9,1.7,62.1,27.6,26.0,33.5,0.0,9.0,3.0,69.0,0.0,27.8,26.8,26.3,26.7,26.6,26.4,0.0,6500.0,8.6,19.0,11.8,5.5,36.5,False
lucknow,2024-03-10,27.1,63.2,3.3,711.7,1002.1,0.4,63.2,28.5,26.7,34.7,0.0,10.0,3.0,70.0,0.0,26.5,27.8,26.8,26.0,26.7,26.6,0.0,6500.0,8.6,19.0,11.8,6.5,33.7,False
lucknow,2024-03-11,27.2,68.6,2.4,835.4,1001.3,0.1,68.6,29.1,28.0,36.4,0.0,11.0,3.0,71.0,0.0,27.1,26.5,27.8,26.7,26.0,26.7,0.0,6500.0,8.6,19.0,11.8,6.1,33.9,False
lucknow,2024-03-12,26.9,57.4,1.3,750.0,1003.3,0.4,57.4,27.8,26.2,34.5,0.0,12.0,3.0,72.0,0.0,27.2,27.1,26.5,28.0,26.7,26.0,0.0,6500.0,8.6,19.0,11.8,4.3,33.8,False
lucknow,2024-03-13,26.6,68.9,2.4,720.0,1004.8,0.3,68.9,28.1,26.9,35.4,0.0,13.0,3.0,73.0,0.0,26.9,27.2,27.1,26.2,28.0,26.7,0.0,6500.0,8.6,19.0,11.8,8.8,42.8,False
lucknow,2024-03-14,27.5,62.9,2.9,781.3,1003.2,0.2,62.9,29.0,27.4,35.5,0.0,14.0,3.0,74.0,0.0,26.6,26.9,27.2,26.9,26.2,28.0,0.0,6500.0,8.6,19.0,11.8,7.1,34.7,False
lucknow,2024-03-15,25.7,62.2,2.6,749.2,1000.0,0.4,62.2,25.9,25.5,32.9,0.0,15.0,3.0,75.0,0.0,27.5,26.6,26.9,27.4,26.9,26.2,0.0,6500.0,8.6,19.0,11.8,9.0,40.1,False
lucknow,2024-03-16,26.8,63.0,0.8,814.4,1000.5,1.0,63.0,28.0,27.1,35.7,0.0,16.0,3.0,76.0,0.0,25.7,27.5,26.6,25.5,27.4,26.9,0.0,6500.0,8.6,19.0,11.8,6.1,44.0,False
lucknow,2024-03-17,29.3,57.8,2.4,765.7,997.8,0.0,57.8,31.2,28.5,37.6,0.0,17.0,3.0,77.0,0.0,26.8,25.7,27.5,27.1,25.5,27.4,0.0,6500.0,8.6,19.0,11.8,10.1,64.3,False
lucknow,2024-03-18,26.0,60.7,2.6,779.3,1003.5,1.6,60.7,26.2,25.8,33.1,0.0,18.0,3.0,78.0,0.0,29.3,26.8,25.7,28.5,27.1,25.5,0.0,6500.0,8.6,19.0,11.8,8.7,45.1,False
lucknow,2024-03-19,29.1,46.6,3.0,822.8,998.6,0.8,46.6,29.4,27.2,34.6,0.0,19.0,3.0,79.0,0.0,26.0,29.3,26.8,25.8,28.5,27.1,0.0,6500.0,8.6,19.0,11.8,10.6,57.5,False
lucknow,2024-03-20,27.6,63.1,3.0,795.5,1001.9,0.6,63.1,29.2,27.6,35.6,0.0,20.0,3.0,80.0,0.0,29.1,26.0,29.3,27.2,25.8,28.5,0.0,6500.0,8.6,19.0,11.8,8.3,36.3,False
lucknow,2024-03-21,26.4,64.7,2.3,753.4,1001.9,1.2,64.7,27.6,26.5,34.5,0.0,21.0,3.0,81.0,0.0,27.6,29.1,26.0,27.6,27.2,25.8,0.0,6500.0,8.6,19.0,11.8,8.3,36.6,False
lucknow,2024-03-22,26.1,53.9,1.5,726.0,1003.7,0.0,53.9,26.2,25.0,32.7,0.0,22.0,3.0,82.0,0.0,26.4,27.6,29.1,26.5,27.6,27.2,0.0,6500.0,8.6,19.0,11.8,5.6,32.7,False
lucknow,2024-03-23,27.5,56.8,2.3,715.6,1002.3,2.3,56.8,28.5,26.5,34.7,0.0,23.0,3.0,83.0,0.0,26.1,26.4,27.6,25.0,26.5,27.6,0.0,6500.0,8.6,19.0,11.8,5.5,44.3,False
lucknow,2024-03-24,28.3,56.7,3.1,762.3,999.2,0.3,56.7,29.5,27.4,35.4,0.0,24.0,3.0,84.0,0.0,27.5,26.1,26.4,26.5,25.0,26.5,0.0,6500.0,8.6,19.0,11.8,8.5,41.0,False
lucknow,2024-03-25,27.8,57.9,1.6,729.9,1000.1,0.6,57.9,28.9,27.0,35.8,0.0,25.0,3.0,85.0,0.0,28.3,27.5,26.1,27.4,26.5,25.0,0.0,6500.0,8.6,19.0,11.8,5.9,42.1,False
lucknow,2024-03-26,28.9,63.7,2.6,752.2,1004.9,0.0,63.7,31.4,28.7,38.0,0.0,26.0,3.0,86.0,0.0,27.8,28.3,27.5,27.0,27.4,26.5,0.0,6500.0,8.6,19.0,11.8,10.5,64.3,False
lucknow,2024-03-27,26.6,58.9,2.8,809.6,1001.2,1.5,58.9,27.5,26.3,33.5,0.0,27.0,3.0,87.0,0.0,28.9,27.8,28.3,28.7,27.0,27.4,0.0,6500.0,8.6,19.0,11.8,4.2,30.1,False
lucknow,2024-03-28,27.9,56.4,2.5,819.5,1000.4,0.1,56.4,28.9,27.3,35.1,0.0,28.0,3.0,88.0,0.0,26.6,28.9,27.8,26.3,28.7,27.0,0.0,6500.0,8.6,19.0,11.8,6.3,39.8,False
lucknow,2024-03-29,28.8,53.9,1.4,774.1,998.6,0.9,53.9,29.9,27.7,36.6,0.0,29.0,3.0,89.0,0.0,27.9,26.6,28.9,27.3,26.3,28.7,0.0,6500.0,8.6,19.0,11.8,8.7,42.1,False
lucknow,2024-03-30,26.6,64.0,1.4,795.7,998.7,0.2,64.0,27.8,26.8,35.2,0.0,30.0,3.0,90.0,0.0,28.8,27.9,26.6,27.7,27.3,26.3,0.0,6500.0,8.6,19.0,11.8,7.3,42.2,False
lucknow,2024-03-31,28.2,53.9,0.7,761.5,998.0,1.1,53.9,29.1,27.1,36.2,0.0,31.0,3.0,91.0,0.0,26.6,28.8,27.9,26.8,27.7,27.3,0.0,6500.0,8.6,19.0,11.8,6.0,32.4,False
lucknow,2024-04-01,26.8,52.9,1.9,846.1,999.3,0.1,52.9,27.4,26.1,33.3,0.0,1.0,4.0,92.0,0.0,28.2,26.6,28.8,27.1,26.8,27.7,0.0,6500.0,8.6,19.0,11.8,6.5,42.6,False
lucknow,2024-04-02,28.1,61.8,2.7,740.3,996.5,1.5,61.8,29.8,27.7,36.3,0.0,2.0,4.0,93.0,0.0,26.8,28.2,26.6,26.1,27.1,26.8,0.0,6500.0,8.6,19.0,11.8,9.4,49.5,False
lucknow,2024-04-03,28.7,56.8,2.9,815.4,999.7,0.2,56.8,30.1,28.0,36.1,0.0,3.0,4.0,94.0,0.0,28.1,26.8,28.2,27.7,26.1,27.1,0.0,6500.0,8.6,19.0,11.8,7.7,35.0,False
lucknow,2024-04-04,28.2,62.2,1.8,728.6,1001.8,0.3,62.2,30.0,27.8,37.1,0.0,4.0,4.0,95.0,0.0,28.7,28.1,26.8,28.0,27.7,26.1,0.0,6500.0,8.6,19.0,11.8,6.4,41.3,False
lucknow,2024-04-05,28.2,59.4,2.3,773.7,1001.2,0.5,59.4,29.7,27.7,36.3,0.0,5.0,4.0,96.0,0.0,28.2,28.7,28.1,27.8,28.0,27.7,0.0,6500.0,8.6,19.0,11.8,9.1,50.3,False
lucknow,2024-04-06,29.1,51.9,2.0,824.1,1001.3,0.3,51.9,30.0,27.9,36.3,0.0,6.0,4.0,97.0,0.0,28.2,28.2,28.7,27.7,27.8,28.0,0.0,6500.0,8.6,19.0,11.8,6.3,32.3,False
lucknow,2024-04-07,29.7,51.3,2.9,840.5,1000.3,0.5,51.3,30.8,28.4,36.5,0.0,7.0,4.0,98.0,0.0,29.1,28.2,28.2,27.9,27.7,27.8,0.0,6500.0,8.6,19.0,11.8,10.8,57.2,False
lucknow,2024-04-08,27.0,60.7,2.2,791.9,998.2,1.1,60.7,28.1,26.8,34.8,0.0,8.0,4.0,99.0,0.0,29.7,29.1,28.2,28.4,27.9,27.7,0.0,6500.0,8.6,19.0,11.8,7.7,27.8,False
lucknow,2024-04-09,28.3,50.6,1.5,935.2,1001.2,0.3,50.6,28.9,27.6,35.2,0.0,9.0,4.0,100.0,0.0,27.0,29.7,29.1,26.8,28.4,27.9,0.0,6500.0,8.6,19.0,11.8,7.4,44.1,False
lucknow,2024-04-10,27.3,61.7,2.2,829.6,1001.1,0.1,61.7,28.6,27.4,35.4,0.0,10.0,4.0,101.0,0.0,28.3,27.0,29.7,27.6,26.8,28.4,0.0,6500.0,8.6,19.0,11.8,7.0,40.9,False
lucknow,2024-04-11,29.2,50.7,2.6,866.4,998.9,0.2,50.7,30.0,28.0,35.8,0.0,11.0,4.0,102.0,0.0,27.3,28.3,27.0,27.4,27.6,26.8,0.0,6500.0,8.6,19.0,11.8,9.7,54.7,False
lucknow,2024-04-12,30.7,54.0,2.6,720.4,998.1,0.2,54.0,32.9,29.1,38.7,0.0,12.0,4.0,103.0,0.0,29.2,27.3,28.3,28.0,27.4,27.6,0.0,6500.0,8.6,19.0,11.8,14.6,95.2,False
lucknow,2024-04-13,30.6,59.9,2.5,873.6,999.8,0.7,59.9,34.0,30.5,40.0,0.0,13.0,4.0,104.0,0.0,30.7,29.2,27.3,29.1,28.0,27.4,0.0,6500.0,8.6,19.0,11.8,20.2,128.8,False
lucknow,2024-04-14,30.2,55.9,2.5,757.0,999.1,0.6,55.9,32.4,29.0,38.5,0.0,14.0,4.0,105.0,0.0,30.6,30.7,29.2,30.5,29.1,28.0,0.0,6500.0,8.6,19.0,11.8,12.4,79.9,False
lucknow,2024-04-15,28.9,59.5,1.9,863.6,999.4,0.1,59.5,30.8,28.8,37.6,0.0,15.0,4.0,106.0,0.0,30.2,30.6,30.7,29.0,30.5,29.1,0.0,6500.0,8.6,19.0,11.8,12.3,78.2,False
lucknow,2024-04-16,33.5,46.1,1.5,779.0,997.4,0.3,46.1,36.2,30.9,41.7,0.0,16.0,4.0,107.0,0.0,28.9,30.2,30.6,28.8,29.0,30.5,0.0,6500.0,8.6,19.0,11.8,28.1,180.0,False
lucknow,2024-04-17,33.7,47.3,3.3,808.1,1000.2,0.6,47.3,36.9,31.3,41.1,0.0,17.0,4.0,108.0,0.0,33.5,28.9,30.2,30.9,28.8,29.0,0.0,6500.0,8.6,19.0,11.8,24.6,169.0,False
lucknow,2024-04-18,33.3,50.8,1.6,756.3,997.0,0.4,50.8,37.1,31.3,42.7,0.0,18.0,4.0,109.0,0.0,33.7,33.5,28.9,31.3,30.9,28.8,0.0,6500.0,8.6,19.0,11.8,25.9,176.5,False
lucknow,2024-04-19,33.7,49.9,3.1,785.3,1000.3,0.1,49.9,37.7,31.6,42.0,0.0,19.0,4.0,110.0,0.0,33.3,33.7,33.5,31.3,31.3,30.9,0.0,6500.0,8.6,19.0,11.8,28.1,190.3,False
lucknow,2024-04-20,34.0,43.8,2.3,860.0,994.8,0.2,43.8,36.5,31.4,41.2,0.0,20.0,4.0,111.0,0.0,33.7,33.3,33.7,31.6,31.3,31.3,0.0,6500.0,8.6,19.0,11.8,24.9,169.8,False
lucknow,2024-04-21,33.3,44.8,2.3,819.5,997.4,0.1,44.8,35.4,30.7,40.5,0.0,21.0,4.0,112.0,0.0,34.0,33.7,33.3,31.4,31.6,31.3,0.0,6500.0,8.6,19.0,11.8,21.0,142.1,False
lucknow,2024-04-22,32.6,52.0,3.7,849.6,999.6,0.1,52.0,36.0,31.2,40.4,0.0,22.0,4.0,113.0,0.0,33.3,34.0,33.7,30.7,31.4,31.6,0.0,6500.0,8.6,19.0,11.8,25.8,172.2,False
lucknow,2024-04-23,32.3,50.5,1.3,908.5,1000.7,0.2,50.5,35.1,31.1,41.3,0.0,23.0,4.0,114.0,0.0,32.6,33.3,34.0,31.2,30.7,31.4,0.0,6500.0,8.6,19.0,11.8,22.5,160.5,False
lucknow,2024-04-24,32.4,47.5,3.3,749.3,1002.6,0.1,47.5,34.5,29.9,39.2,0.0,24.0,4.0,115.0,0.0,32.3,32.6,33.3,31.1,31.2,30.7,0.0,6500.0,8.6,19.0,11.8,21.7,136.9,False
lucknow,2024-04-25,31.5,50.5,1.0,898.3,999.2,0.5,50.5,33.6,30.4,40.2,0.0,25.0,4.0,116.0,0.0,32.4,32.3,32.6,29.9,31.1,31.2,0.0,6500.0,8.6,19.0,11.8,21.2,139.8,False
lucknow,2024-04-26,32.8,50.0,3.9,835.6,1001.5,0.1,50.0,35.9,31.0,40.0,0.0,26.0,4.0,117.0,0.0,31.5,32.4,32.3,30.4,29.9,31.1,0.0,6500.0,8.6,19.0,11.8,24.1,161.5,False
lucknow,2024-04-27,29.8,51.4,2.8,799.6,999.0,0.5,51.4,31.0,28.3,36.7,0.0,27.0,4.0,118.0,0.0,32.8,31.5,32.4,31.0,30.4,29.9,0.0,6500.0,8.6,19.0,11.8,10.1,59.8,False
lucknow,2024-04-28,31.2,55.4,2.6,912.9,1002.0,0.4,55.4,34.1,30.7,39.9,0.0,28.0,4.0,119.0,0.0,29.8,32.8,31.5,28.3,31.0,30.4,0.0,6500.0,8.6,19.0,11.8,21.1,136.8,False
lucknow,2024-04-29,30.9,60.2,0.9,872.3,1000.3,0.1,60.2,34.7,30.9,41.8,0.0,29.0,4.0,120.0,0.0,31.2,29.8,32.8,30.7,28.3,31.0,0.0,6500.0,8.6,19.0,11.8,25.6,154.2,False
lucknow,2024-04-30,29.3,56.3,3.7,891.4,1000.6,0.3,56.3,31.0,28.9,36.4,0.0,30.0,4.0,121.0,0.0,30.9,31.2,29.8,30.9,30.7,28.3,0.0,6500.0,8.6,19.0,11.8,12.1,74.1,False
lucknow,2024-05-01,28.2,59.4,2.4,791.4,1002.6,0.8,59.4,29.7,27.8,36.2,0.0,1.0,5.0,122.0,0.0,29.3,30.9,31.2,28.9,30.9,30.7,0.0,6500.0,8.6,19.0,11.8,6.3,32.3,False
lucknow,2024-05-02,27.4,65.3,3.0,906.9,1000.7,0.3,65.3,29.1,28.2,35.7,0.0,2.0,5.0,123.0,0.0,28.2,29.3,30.9,27.8,28.9,30.9,0.0,6500.0,8.6,19.0,11.8,8.6,51.7,False
lucknow,2024-05-03,28.6,57.3,3.5,813.7,1002.3,0.5,57.3,30.0,28.0,35.7,0.0,3.0,5.0,124.0,0.0,27.4,28.2,29.3,28.2,27.8,28.9,0.0,6500.0,8.6,19.0,11.8,7.2,32.1,False
lucknow,2024-05-04,29.2,57.2,4.1,832.5,1001.5,0.0,57.2,30.9,28.6,36.2,0.0,4.0,5.0,125.0,0.0,28.6,27.4,28.2,28.0,28.2,27.8,0.0,6500.0,8.6,19.0,11.8,11.2,73.1,False
lucknow,2024-05-05,26.9,58.2,2.1,889.1,998.8,0.2,58.2,27.8,26.9,34.2,0.0,5.0,5.0,126.0,0.0,29.2,28.6,27.4,28.6,28.0,28.2,0.0,6500.0,8.6,19.0,11.8,4.1,27.4,False
lucknow,2024-05-06,29.4,56.8,1.5,771.3,1001.0,0.7,56.8,31.2,28.5,38.1,0.0,6.0,5.0,127.0,0.0,26.9,29.2,28.6,26.9,28.6,28.0,0.0,6500.0,8.6,19.0,11.8,8.1,51.7,False
lucknow,2024-05-07,29.7,57.2,2.7,872.9,999.6,0.5,57.2,31.8,29.3,37.9,0.0,7.0,5.0,128.0,0.0,29.4,26.9,29.2,28.5,26.9,28.6,0.0,6500.0,8.6,19.0,11.8,13.0,87.6,False
lucknow,2024-05-08,28.7,52.7,2.7,804.9,999.4,0.0,52.7,29.6,27.5,35.5,0.0,8.0,5.0,129.0,0.0,29.7,29.4,26.9,29.3,28.5,26.9,0.0,6500.0,8.6,19.0,11.8,11.1,47.6,False
lucknow,2024-05-09,28.2,58.3,2.1,812.8,999.5,1.3,58.3,29.6,27.8,36.2,0.0,9.0,5.0,130.0,0.0,28.7,29.7,29.4,27.5,29.3,28.5,0.0,6500.0,8.6,19.0,11.8,6.9,42.4,False
lucknow,2024-05-10,26.8,55.8,3.4,841.2,998.1,0.3,55.8,27.6,26.3,33.0,0.0,10.0,5.0,131.0,0.0,28.2,28.7,29.7,27.8,27.5,29.3,0.0,6500.0,8.6,19.0,11.8,6.4,42.8,False
lucknow,2024-05-11,30.2,53.6,2.3,811.4,999.3,0.0,53.6,32.0,29.0,38.1,0.0,11.0,5.0,132.0,0.0,26.8,28.2,28.7,26.3,27.8,27.5,0.0,6500.0,8.6,19.0,11.8,11.2,72.6,False
lucknow,2024-05-12,29.7,52.4,2.6,826.4,1001.0,0.8,52.4,31.0,28.5,36.9,0.0,12.0,5.0,133.0,0.0,30.2,26.8,28.2,29.0,26.3,27.8,0.0,6500.0,8.6,19.0,11.8,9.0,61.3,False
lucknow,2024-05-13,30.9,51.6,3.0,905.2,997.0,0.1,51.6,32.8,29.9,38.2,0.0,13.0,5.0,134.0,0.0,29.7,30.2,26.8,28.5,29.0,26.3,0.0,6500.0,8.6,19.0,11.8,19.5,124.6,False
lucknow,2024-05-14,32.5,53.6,2.4,893.5,998.4,0.5,53.6,36.3,31.5,41.6,0.0,14.0,5.0,135.0,0.0,30.9,29.7,30.2,29.9,28.5,29.0,0.0,6500.0,8.6,19.0,11.8,24.8,184.9,False
lucknow,2024-05-15,32.0,55.0,0.5,875.0,999.5,0.1,55.0,35.6,31.3,42.6,0.0,15.0,5.0,136.0,0.0,32.5,30.9,29.7,31.5,29.9,28.5,0.0,6500.0,8.6,19.0,11.8,24.9,175.7,False
lucknow,2024-05-16,33.6,48.5,2.7,844.4,1000.1,0.4,48.5,37.1,31.6,41.7,0.0,16.0,5.0,137.0,0.0,32.0,32.5,30.9,31.3,31.5,29.9,0.0,6500.0,8.6,19.0,11.8,27.2,189.3,False
lucknow,2024-05-17,34.1,53.7,2.9,826.3,999.0,0.6,53.7,39.9,32.7,43.9,0.0,17.0,5.0,138.0,0.0,33.6,32.0,32.5,31.6,31.3,31.5,0.0,6500.0,8.6,19.0,11.8,32.5,213.7,False
lucknow,2024-05-18,35.6,49.2,1.2,944.7,997.9,0.5,49.2,41.8,34.1,46.4,0.0,18.0,5.0,139.0,0.0,34.1,33.6,32.0,32.7,31.6,31.3,0.0,6500.0,8.6,19.0,11.8,40.0,271.6,False
lucknow,2024-05-19,35.2,50.8,2.0,873.7,999.6,1.1,50.8,41.5,33.6,45.6,0.0,19.0,5.0,140.0,0.0,35.6,34.1,33.6,34.1,32.7,31.6,0.0,6500.0,8.6,19.0,11.8,37.7,258.6,False
lucknow,2024-05-20,37.1,42.8,2.5,963.8,1002.6,1.1,42.8,42.6,34.5,45.5,0.0,20.0,5.0,141.0,0.0,35.2,35.6,34.1,33.6,34.1,32.7,0.0,6500.0,8.6,19.0,11.8,41.8,296.0,False
lucknow,2024-05-21,37.3,46.1,3.2,887.8,1002.9,0.4,46.1,44.6,34.8,46.5,0.0,21.0,5.0,142.0,0.0,37.1,35.2,35.6,34.5,33.6,34.1,0.0,6500.0,8.6,19.0,11.8,46.3,311.2,False
lucknow,2024-05-22,37.7,37.6,3.7,831.2,997.5,0.1,37.6,41.7,33.5,43.4,0.0,22.0,5.0,143.0,0.0,37.3,37.1,35.2,34.8,34.5,33.6,0.0,6500.0,8.6,19.0,11.8,37.9,268.0,False
lucknow,2024-05-23,39.5,39.5,4.2,912.9,995.9,0.0,39.5,46.7,35.7,46.5,0.0,23.0,5.0,144.0,0.0,37.7,37.3,37.1,33.5,34.8,34.5,0.0,6500.0,8.6,19.0,11.8,56.3,394.5,False
lucknow,2024-05-24,38.5,38.0,2.6,872.0,1000.8,0.0,38.0,43.6,34.5,45.7,0.0,24.0,5.0,145.0,0.0,39.5,37.7,37.3,35.7,33.5,34.8,0.0,6500.0,8.6,19.0,11.8,46.6,315.7,False
lucknow,2024-05-25,39.8,45.4,1.4,840.5,997.7,0.0,45.4,51.0,36.7,52.4,0.0,25.0,5.0,146.0,0.0,38.5,39.5,37.7,34.5,35.7,33.5,0.0,6500.0,8.6,19.0,11.8,62.6,438.5,False
lucknow,2024-05-26,39.2,39.9,2.8,950.0,996.7,0.0,39.9,46.2,35.8,47.4,0.0,26.0,5.0,147.0,0.0,39.8,38.5,39.5,36.7,34.5,35.7,0.0,6500.0,8.6,19.0,11.8,58.9,408.8,False
lucknow,2024-05-27,40.8,41.3,4.1,880.5,996.0,0.0,41.3,51.2,37.0,49.5,0.0,27.0,5.0,148.0,1.0,39.2,39.8,38.5,35.8,36.7,34.5,5.8,6500.0,8.6,19.0,11.8,69.4,480.0,False
lucknow,2024-05-28,39.5,41.9,2.7,896.0,997.9,0.0,41.9,48.1,36.1,48.9,0.0,28.0,5.0,149.0,0.0,40.8,39.2,39.8,37.0,35.8,36.7,0.0,6500.0,8.6,19.0,11.8,60.7,418.8,False
lucknow,2024-05-29,40.1,40.6,1.2,807.6,1001.7,0.0,40.6,48.9,36.1,50.8,0.0,29.0,5.0,150.0,1.0,39.5,40.8,39.2,36.1,37.0,35.8,5.1,6500.0,8.6,19.0,11.8,61.8,433.0,False
lucknow,2024-05-30,39.2,43.4,3.0,988.7,1000.5,0.0,43.4,48.1,36.5,48.8,0.0,30.0,5.0,151.0,0.0,40.1,39.5,40.8,36.1,36.1,37.0,0.0,6500.0,8.6,19.0,11.8,57.9,414.2,False
lucknow,2024-05-31,38.2,42.1,1.6,817.0,997.4,0.0,42.1,44.9,34.7,47.8,0.0,31.0,5.0,152.0,0.0,39.2,40.1,39.5,36.5,36.1,36.1,0.0,6500.0,8.6,19.0,11.8,44.0,314.0,False
lucknow,2024-06-01,37.9,44.4,3.6,829.1,996.0,0.9,44.4,45.3,34.7,46.5,0.0,1.0,6.0,153.0,0.0,38.2,39.2,40.1,34.7,36.5,36.1,0.0,6500.0,8.6,19.0,11.8,44.9,314.8,False
lucknow,2024-06-02,38.0,43.5,3.4,898.7,1000.0,0.1,43.5,45.1,35.0,46.4,0.0,2.0,6.0,154.0,0.0,37.9,38.2,39.2,34.7,34.7,36.5,0.0,6500.0,8.6,19.0,11.8,46.7,324.6,False
lucknow,2024-06-03,36.3,40.5,2.3,1005.0,995.7,0.4,40.5,39.9,33.6,43.5,0.0,3.0,6.0,155.0,0.0,38.0,37.9,38.2,35.0,34.7,34.7,0.0,6500.0,8.6,19.0,11.8,40.4,275.4,False
lucknow,2024-06-04,37.6,49.7,3.0,889.8,995.2,1.0,49.7,47.3,35.6,48.6,0.0,4.0,6.0,156.0,0.0,36.3,38.0,37.9,33.6,35.0,34.7,0.0,6500.0,8.6,19.0,11.8,49.5,347.7,False
lucknow,2024-06-05,36.2,44.5,1.9,871.4,1002.5,0.1,44.5,41.3,33.5,45.2,0.0,5.0,6.0,157.0,0.0,37.6,36.3,38.0,35.6,33.6,35.0,0.0,6500.0,8.6,19.0,11.8,37.8,261.6,False
lucknow,2024-06-06,36.8,45.4,2.5,943.5,997.5,0.2,45.4,43.1,34.5,46.0,0.0,6.0,6.0,158.0,0.0,36.2,37.6,36.3,33.5,35.6,33.6,0.0,6500.0,8.6,19.0,11.8,43.7,293.4,False
lucknow,2024-06-07,34.0,49.2,2.2,1007.9,996.6,1.9,49.2,38.1,32.9,42.9,0.0,7.0,6.0,159.0,0.0,36.8,36.2,37.6,34.5,33.5,35.6,0.0,6500.0,8.6,19.0,11.8,37.7,248.8,False
lucknow,2024-06-08,34.8,53.0,2.4,945.6,998.2,0.0,53.0,41.4,33.8,45.3,0.0,8.0,6.0,160.0,0.0,34.0,36.8,36.2,32.9,34.5,33.5,0.0,6500.0,8.6,19.0,11.8,39.0,273.4,False
lucknow,2024-06-09,36.7,44.4,2.2,904.3,1000.2,0.4,44.4,42.4,34.1,45.7,0.0,9.0,6.0,161.0,0.0,34.8,34.0,36.8,33.8,32.9,34.5,0.0,6500.0,8.6,19.0,11.8,42.7,278.5,False
lucknow,2024-06-10,36.1,46.7,1.7,926.6,999.8,0.3,46.7,41.9,34.1,46.0,0.0,10.0,6.0,162.0,0.0,36.7,34.8,34.0,34.1,33.8,32.9,0.0,6500.0,8.6,19.0,11.8,39.5,282.7,False
lucknow,2024-06-11,35.8,47.6,2.9,974.9,995.9,0.5,47.6,41.6,34.1,44.8,0.0,11.0,6.0,163.0,0.0,36.1,36.7,34.8,34.1,34.1,33.8,0.0,6500.0,8.6,19.0,11.8,42.6,298.3,False
lucknow,2024-06-12,36.3,43.4,1.9,959.0,993.7,1.8,43.4,41.0,33.9,44.9,0.0,12.0,6.0,164.0,0.0,35.8,36.1,36.7,34.1,34.1,34.1,0.0,6500.0,8.6,19.0,11.8,42.0,281.6,False
lucknow,2024-06-13,35.0,48.3,1.8,887.2,999.0,0.5,48.3,40.0,33.1,44.6,0.0,13.0,6.0,165.0,0.0,36.3,35.8,36.1,33.9,34.1,34.1,0.0,6500.0,8.6,19.0,11.8,35.1,244.5,False
lucknow,2024-06-14,36.9,41.3,1.9,947.1,997.9,0.0,41.3,41.5,34.0,45.1,0.0,14.0,6.0,166.0,0.0,35.0,36.3,35.8,33.1,33.9,34.1,0.0,6500.0,8.6,19.0,11.8,40.6,275.6,False
lucknow,2024-06-15,37.2,43.8,1.8,949.5,995.2,0.1,43.8,43.3,34.7,46.6,0.0,15.0,6.0,167.0,0.0,36.9,35.0,36.3,34.0,33.1,33.9,0.0,6500.0,8.6,19.0,11.8,43.3,309.1,False
lucknow,2024-06-16,35.5,49.3,2.1,828.6,996.0,0.3,49.3,41.6,33.4,45.5,0.0,16.0,6.0,168.0,0.0,37.2,36.9,35.0,34.7,34.0,33.1,0.0,6500.0,8.6,19.0,11.8,37.7,267.2,False
lucknow,2024-06-17,37.6,56.5,2.8,941.8,992.3,0.0,56.5,51.3,36.8,51.4,0.0,17.0,6.0,169.0,0.0,35.5,37.2,36.9,33.4,34.7,34.0,0.0,6500.0,8.6,19.0,11.8,56.9,389.2,False
lucknow,2024-06-18,38.7,42.6,2.2,916.3,996.5,0.0,42.6,46.4,35.6,48.3,0.0,18.0,6.0,170.0,0.0,37.6,35.5,37.2,36.8,33.4,34.7,0.0,6500.0,8.6,19.0,11.8,52.8,362.8,False
lucknow,2024-06-19,37.9,42.1,2.6,1013.6,994.9,0.0,42.1,44.2,35.3,46.4,0.0,19.0,6.0,171.0,0.0,38.7,37.6,35.5,35.6,36.8,33.4,0.0,6500.0,8.6,19.0,11.8,45.5,318.0,False
lucknow,2024-06-20,40.8,42.2,3.6,992.3,997.6,0.0,42.2,51.8,37.7,50.5,0.0,20.0,6.0,172.0,1.0,37.9,38.7,37.6,35.3,35.6,36.8,5.8,6500.0,8.6,19.0,11.8,72.3,480.0,False
lucknow,2024-06-21,39.3,40.0,3.1,974.5,997.5,0.0,40.0,46.5,36.0,47.3,0.0,21.0,6.0,173.0,0.0,40.8,37.9,38.7,37.7,35.3,35.6,0.0,6500.0,8.6,19.0,11.8,56.2,391.6,False
lucknow,2024-06-22,43.6,34.4,2.4,902.7,996.8,0.0,34.4,53.9,38.3,52.2,0.0,22.0,6.0,174.0,1.0,39.3,40.8,37.9,36.0,37.7,35.3,8.6,6500.0,8.6,19.0,11.8,88.3,480.0,False
lucknow,2024-06-23,42.4,43.5,2.0,942.2,995.0,0.0,43.5,57.5,39.2,55.9,0.0,23.0,6.0,175.0,2.0,43.6,39.3,40.8,38.3,36.0,37.7,14.8,6500.0,8.6,19.0,11.8,91.0,480.0,False
lucknow,2024-06-24,42.3,30.7,2.6,963.2,1000.0,0.0,30.7,48.3,36.8,47.8,0.0,24.0,6.0,176.0,3.0,42.4,43.6,39.3,39.2,38.3,36.0,21.9,6500.0,8.6,19.0,11.8,79.9,480.0,False
lucknow,2024-06-25,42.4,31.5,1.5,1037.2,996.8,0.0,31.5,49.0,37.4,49.4,0.0,25.0,6.0,177.0,4.0,42.3,42.4,43.6,36.8,39.2,38.3,29.6,6500.0,8.6,19.0,11.8,84.2,480.0,False
lucknow,2024-06-26,43.7,32.0,3.6,943.5,993.3,0.0,32.0,52.4,38.1,49.7,0.0,26.0,6.0,178.0,5.0,42.4,42.3,42.4,37.4,36.8,39.2,43.5,6500.0,8.6,19.0,11.8,98.0,480.0,False
lucknow,2024-06-27,44.6,38.3,2.8,923.2,993.6,0.0,38.3,60.0,40.0,56.2,0.0,27.0,6.0,179.0,6.0,43.7,42.4,42.3,38.1,37.4,36.8,57.6,6500.0,8.6,19.0,11.8,98.0,480.0,False
lucknow,2024-06-28,45.9,31.9,2.4,946.4,993.9,0.0,31.9,58.0,39.9,54.5,0.0,28.0,6.0,180.0,7.0,44.6,43.7,42.4,40.0,38.1,37.4,76.3,6500.0,8.6,19.0,11.8,98.0,480.0,False
lucknow,2025-03-01,26.6,59.4,2.6,805.9,1000.2,0.4,59.4,27.6,26.3,33.7,0.0,1.0,3.0,60.0,0.0,45.9,44.6,43.7,39.9,40.0,38.1,0.0,6500.0,8.6,19.0,11.8,10.0,45.3,False
lucknow,2025-03-02,27.3,60.2,2.2,774.3,1003.8,0.1,60.2,28.5,26.9,35.1,0.0,2.0,3.0,61.0,0.0,26.6,45.9,44.6,26.3,39.9,40.0,0.0,6500.0,8.6,19.0,11.8,8.2,42.8,False
lucknow,2025-03-03,27.7,56.2,2.7,746.7,1000.7,0.1,56.2,28.7,26.7,34.7,0.0,3.0,3.0,62.0,0.0,27.3,26.6,45.9,26.9,26.3,39.9,0.0,6500.0,8.6,19.0,11.8,8.6,56.9,False
lucknow,2025-03-04,25.6,64.7,1.1,787.9,1007.2,0.6,64.7,25.9,26.0,34.0,0.0,4.0,3.0,63.0,0.0,27.7,27.3,26.6,26.7,26.9,26.3,0.0,6500.0,8.6,19.0,11.8,9.0,48.0,False
lucknow,2025-03-05,26.6,60.0,3.7,811.1,1005.7,0.2,60.0,27.6,26.4,33.2,0.0,5.0,3.0,64.0,0.0,25.6,27.7,27.3,26.0,26.7,26.9,0.0,6500.0,8.6,19.0,11.8,8.2,45.8,False
lucknow,2025-03-06,25.9,60.1,1.2,595.1,999.4,0.5,60.1,26.1,24.8,33.6,0.0,6.0,3.0,65.0,0.0,26.6,25.6,27.7,26.4,26.0,26.7,0.0,6500.0,8.6,19.0,11.8,7.0,47.7,False
lucknow,2025-03-07,25.7,66.0,2.0,693.8,1005.1,0.5,66.0,26.0,25.7,33.8,0.0,7.0,3.0,66.0,0.0,25.9,26.6,25.6,24.8,26.4,26.0,0.0,6500.0,8.6,19.0,11.8,9.2,45.5,False
lucknow,2025-03-08,27.4,55.8,2.7,873.0,1004.2,0.1,55.8,28.3,27.0,34.2,0.0,8.0,3.0,67.0,0.0,25.7,25.9,26.6,25.7,24.8,26.4,0.0,6500.0,8.6,19.0,11.8,9.6,46.8,False
lucknow,2025-03-09,26.7,55.4,2.5,801.3,1003.2,0.1,55.4,27.4,26.0,33.3,0.0,9.0,3.0,68.0,0.0,27.4,25.7,25.9,27.0,25.7,24.8,0.0,6500.0,8.6,19.0,11.8,8.6,48.6,False
lucknow,2025-03-10,26.2,56.9,1.2,750.6,1004.0,1.3,56.9,26.4,25.5,33.5,0.0,10.0,3.0,69.0,0.0,26.7,27.4,25.7,26.0,27.0,25.7,0.0,6500.0,8.6,19.0,11.8,6.3,44.9,False
lucknow,2025-03-11,27.1,56.5,1.4,702.2,1000.8,0.7,56.5,28.0,26.0,34.6,0.0,11.0,3.0,70.0,0.0,26.2,26.7,27.4,25.5,26.0,27.0,0.0,6500.0,8.6,19.0,11.8,10.7,47.3,False
lucknow,2025-03-12,26.7,62.5,2.5,739.4,1002.6,0.2,62.5,27.9,26.4,34.5,0.0,12.0,3.0,71.0,0.0,27.1,26.2,26.7,26.0,25.5,26.0,0.0,6500.0,8.6,19.0,11.8,6.5,33.1,False
lucknow,2025-03-13,25.1,68.4,2.7,735.7,1001.8,0.4,68.4,25.5,25.5,32.9,0.0,13.0,3.0,72.0,0.0,26.7,27.1,26.2,26.4,26.0,25.5,0.0,6500.0,8.6,19.0,11.8,6.6,34.1,False
lucknow,2025-03-14,27.1,55.5,4.1,856.7,998.2,0.5,55.5,27.9,26.6,33.0,0.0,14.0,3.0,73.0,0.0,25.1,26.7,27.1,25.5,26.4,26.0,0.0,6500.0,8.6,19.0,11.8,9.0,41.0,False
lucknow,2025-03-15,28.6,58.9,3.0,795.6,998.3,0.9,58.9,30.2,28.1,36.3,0.0,15.0,3.0,74.0,0.0,27.1,25.1,26.7,26.6,25.5,26.4,0.0,6500.0,8.6,19.0,11.8,6.6,38.8,False
lucknow,2025-03-16,25.6,56.2,2.2,721.5,1002.9,1.4,56.2,25.7,24.7,32.0,0.0,16.0,3.0,75.0,0.0,28.6,27.1,25.1,28.1,26.6,25.5,0.0,6500.0,8.6,19.0,11.8,10.0,44.3,False
lucknow,2025-03-17,28.3,55.3,2.6,788.0,1001.6,1.0,55.3,29.4,27.4,35.4,0.0,17.0,3.0,76.0,0.0,25.6,28.6,27.1,24.7,28.1,26.6,0.0,6500.0,8.6,19.0,11.8,8.8,40.8,False
lucknow,2025-03-18,27.9,55.0,2.7,739.7,1004.5,0.1,55.0,28.8,26.7,34.8,0.0,18.0,3.0,77.0,0.0,28.3,25.6,28.6,27.4,24.7,28.1,0.0,6500.0,8.6,19.0,11.8,8.1,44.6,False
lucknow,2025-03-19,28.4,62.6,2.8,805.9,1001.3,0.3,62.6,30.4,28.4,36.9,0.0,19.0,3.0,78.0,0.0,27.9,28.3,25.6,26.7,27.4,24.7,0.0,6500.0,8.6,19.0,11.8,11.2,62.3,False
lucknow,2025-03-20,27.9,52.9,3.7,850.6,1002.8,0.5,52.9,28.6,27.0,33.8,0.0,20.0,3.0,79.0,0.0,28.4,27.9,28.3,28.4,26.7,27.4,0.0,6500.0,8.6,19.0,11.8,5.0,32.9,False
lucknow,2025-03-21,28.2,58.7,2.8,790.1,998.8,0.8,58.7,29.6,27.7,35.8,0.0,21.0,3.0,80.0,0.0,27.9,28.4,27.9,27.0,28.4,26.7,0.0,6500.0,8.6,19.0,11.8,11.4,53.3,False
lucknow,2025-03-22,26.4,52.9,2.3,751.1,1000.5,0.1,52.9,26.5,25.2,32.5,0.0,22.0,3.0,81.0,0.0,28.2,27.9,28.4,27.7,27.0,28.4,0.0,6500.0,8.6,19.0,11.8,9.5,45.3,False
lucknow,2025-03-23,27.0,55.2,2.6,750.8,1002.9,0.9,55.2,27.7,26.0,33.6,0.0,23.0,3.0,82.0,0.0,26.4,28.2,27.9,25.2,27.7,27.0,0.0,6500.0,8.6,19.0,11.8,8.3,40.5,False
lucknow,2025-03-24,27.2,58.1,2.6,786.1,998.6,0.1,58.1,28.2,26.7,34.4,0.0,24.0,3.0,83.0,0.0,27.0,26.4,28.2,26.0,25.2,27.7,0.0,6500.0,8.6,19.0,11.8,8.3,50.7,False
lucknow,2025-03-25,26.9,68.8,2.9,714.0,999.1,0.4,68.8,28.6,27.1,35.6,0.0,25.0,3.0,84.0,0.0,27.2,27.0,26.4,26.7,26.0,25.2,0.0,6500.0,8.6,19.0,11.8,10.0,49.1,False
lucknow,2025-03-26,28.0,49.8,3.0,756.6,1001.4,0.0,49.8,28.4,26.3,33.8,0.0,26.0,3.0,85.0,0.0,26.9,27.2,27.0,27.1,26.7,26.0,0.0,6500.0,8.6,19.0,11.8,9.1,53.7,False
lucknow,2025-03-27,27.9,62.0,4.0,806.7,1000.3,0.1,62.0,29.5,27.8,35.3,0.0,27.0,3.0,86.0,0.0,28.0,26.9,27.2,26.3,27.1,26.7,0.0,6500.0,8.6,19.0,11.8,7.7,38.2,False
lucknow,2025-03-28,26.7,54.0,2.2,845.3,1001.0,0.3,54.0,27.4,26.1,33.2,0.0,28.0,3.0,87.0,0.0,27.9,28.0,26.9,27.8,26.3,27.1,0.0,6500.0,8.6,19.0,11.8,6.1,36.2,False
lucknow,2025-03-29,26.1,55.6,3.1,781.2,1004.2,0.1,55.6,26.2,25.3,32.1,0.0,29.0,3.0,88.0,0.0,26.7,27.9,28.0,26.1,27.8,26.3,0.0,6500.0,8.6,19.0,11.8,8.5,48.8,False
lucknow,2025-03-30,28.4,54.0,2.1,814.7,999.1,0.1,54.0,29.3,27.5,35.6,0.0,30.0,3.0,89.0,0.0,26.1,26.7,27.9,25.3,26.1,27.8,0.0,6500.0,8.6,19.0,11.8,9.1,48.9,False
lucknow,2025-03-31,27.3,60.4,1.0,866.2,997.9,1.3,60.4,28.5,27.5,35.9,0.0,31.0,3.0,90.0,0.0,28.4,26.1,26.7,27.5,25.3,26.1,0.0,6500.0,8.6,19.0,11.8,6.1,33.1,False
lucknow,2025-04-01,28.6,49.2,2.3,746.3,997.7,0.5,49.2,29.1,26.7,34.8,0.0,1.0,4.0,91.0,0.0,27.3,28.4,26.1,27.5,27.5,25.3,0.0,6500.0,8.6,19.0,11.8,5.6,33.8,False
lucknow,2025-04-02,27.0,64.4,1.6,881.2,1002.5,0.4,64.4,28.4,27.7,35.8,0.0,2.0,4.0,92.0,0.0,28.6,27.3,28.4,26.7,27.5,27.5,0.0,6500.0,8.6,19.0,11.8,9.7,47.3,False
lucknow,2025-04-03,30.2,54.4,2.4,760.7,1003.2,0.0,54.4,32.1,28.9,38.2,0.0,3.0,4.0,93.0,0.0,27.0,28.6,27.3,27.7,26.7,27.5,0.0,6500.0,8.6,19.0,11.8,13.6,85.9,False
lucknow,2025-04-04,26.9,58.4,2.4,747.5,1000.1,0.4,58.4,27.8,26.2,34.1,0.0,4.0,4.0,94.0,0.0,30.2,27.0,28.6,28.9,27.7,26.7,0.0,6500.0,8.6,19.0,11.8,8.0,43.5,False
lucknow,2025-04-05,28.9,63.5,2.1,825.2,1002.7,1.0,63.5,31.4,29.1,38.3,0.0,5.0,4.0,95.0,0.0,26.9,30.2,27.0,26.2,28.9,27.7,0.0,6500.0,8.6,19.0,11.8,15.8,93.3,False
lucknow,2025-04-06,28.6,59.6,3.8,885.6,1001.4,0.0,59.6,30.3,28.6,36.0,0.0,6.0,4.0,96.0,0.0,28.9,26.9,30.2,29.1,26.2,28.9,0.0,6500.0,8.6,19.0,11.8,11.9,73.3,False
lucknow,2025-04-07,29.4,60.2,3.3,808.2,999.0,0.9,60.2,31.8,29.0,37.6,0.0,7.0,4.0,97.0,0.0,28.6,28.9,26.9,28.6,29.1,26.2,0.0,6500.0,8.6,19.0,11.8,15.3,91.0,False
lucknow,2025-04-08,29.5,61.3,3.1,859.1,999.3,2.5,61.3,32.1,29.5,38.1,0.0,8.0,4.0,98.0,0.0,29.4,28.6,28.9,29.0,28.6,29.1,0.0,6500.0,8.6,19.0,11.8,18.3,112.2,False
lucknow,2025-04-09,30.4,55.5,3.5,713.4,1000.7,0.1,55.5,32.7,28.9,38.0,0.0,9.0,4.0,99.0,0.0,29.5,29.4,28.6,29.5,29.0,28.6,0.0,6500.0,8.6,19.0,11.8,16.8,94.8,False
lucknow,2025-04-10,29.2,55.7,3.5,947.2,998.7,1.1,55.7,30.7,29.0,36.3,0.0,10.0,4.0,100.0,0.0,30.4,29.5,29.4,28.9,29.5,29.0,0.0,6500.0,8.6,19.0,11.8,13.2,87.1,False
lucknow,2025-04-11,27.7,64.1,3.9,751.7,1000.2,0.2,64.1,29.4,27.5,35.4,0.0,11.0,4.0,101.0,0.0,29.2,30.4,29.5,29.0,28.9,29.5,0.0,6500.0,8.6,19.0,11.8,10.0,50.8,False
lucknow,2025-04-12,27.8,57.0,2.7,787.7,997.9,0.6,57.0,28.9,27.1,35.0,0.0,12.0,4.0,102.0,0.0,27.7,29.2,30.4,27.5,29.0,28.9,0.0,6500.0,8.6,19.0,11.8,7.5,41.4,False
lucknow,2025-04-13,27.9,59.9,2.3,800.4,997.0,1.6,59.9,29.3,27.6,35.9,0.0,13.0,4.0,103.0,0.0,27.8,27.7,29.2,27.1,27.5,29.0,0.0,6500.0,8.6,19.0,11.8,9.5,41.5,False
lucknow,2025-04-14,28.7,55.6,3.1,834.3,1004.1,0.5,55.6,29.9,28.0,35.8,0.0,14.0,4.0,104.0,0.0,27.9,27.8,27.7,27.6,27.1,27.5,0.0,6500.0,8.6,19.0,11.8,6.6,46.9,False
lucknow,2025-04-15,28.2,54.9,1.4,879.5,999.4,0.2,54.9,29.2,27.8,35.9,0.0,15.0,4.0,105.0,0.0,28.7,27.9,27.8,28.0,27.6,27.1,0.0,6500.0,8.6,19.0,11.8,6.0,38.6,False
lucknow,2025-04-16,34.3,43.5,2.3,905.5,1001.0,0.1,43.5,36.9,31.9,41.6,0.0,16.0,4.0,106.0,0.0,28.2,28.7,27.9,27.8,28.0,27.6,0.0,6500.0,8.6,19.0,11.8,28.9,201.0,False
lucknow,2025-04-17,34.9,49.3,2.6,781.8,1001.8,0.2,49.3,40.2,32.6,44.1,0.0,17.0,4.0,107.0,0.0,34.3,28.2,28.7,31.9,27.8,28.0,0.0,6500.0,8.6,19.0,11.8,32.6,223.1,False
lucknow,2025-04-18,34.9,51.3,2.6,889.5,997.7,0.7,51.3,40.9,33.4,44.8,0.0,18.0,4.0,108.0,0.0,34.9,34.3,28.2,32.6,31.9,27.8,0.0,6500.0,8.6,19.0,11.8,39.1,266.5,False
lucknow,2025-04-19,33.5,47.8,1.8,908.8,999.5,0.7,47.8,36.7,31.8,42.0,0.0,19.0,4.0,109.0,0.0,34.9,34.9,34.3,33.4,32.6,31.9,0.0,6500.0,8.6,19.0,11.8,28.0,189.1,False
lucknow,2025-04-20,33.5,42.0,0.6,898.4,997.9,1.5,42.0,35.1,31.0,41.2,0.0,20.0,4.0,110.0,0.0,33.5,34.9,34.9,31.8,33.4,32.6,0.0,6500.0,8.6,19.0,11.8,27.1,175.4,False
lucknow,2025-04-21,32.0,46.0,3.1,746.0,997.1,0.1,46.0,33.5,29.3,38.4,0.0,21.0,4.0,111.0,0.0,33.5,33.5,34.9,31.0,31.8,33.4,0.0,6500.0,8.6,19.0,11.8,11.4,78.8,False
lucknow,2025-04-22,32.9,45.5,1.7,825.6,1000.1,0.6,45.5,34.9,30.5,40.5,0.0,22.0,4.0,112.0,0.0,32.0,33.5,33.5,29.3,31.0,31.8,0.0,6500.0,8.6,19.0,11.8,20.2,148.2,False
lucknow,2025-04-23,33.3,55.3,2.2,829.0,1000.2,0.4,55.3,38.6,32.2,43.6,0.0,23.0,4.0,113.0,0.0,32.9,32.0,33.5,30.5,29.3,31.0,0.0,6500.0,8.6,19.0,11.8,29.3,199.7,False
lucknow,2025-04-24,31.8,48.8,2.8,844.1,1002.1,0.0,48.8,33.7,30.0,39.0,0.0,24.0,4.0,114.0,0.0,33.3,32.9,32.0,32.2,30.5,29.3,0.0,6500.0,8.6,19.0,11.8,22.5,135.6,False
lucknow,2025-04-25,32.6,50.4,1.5,812.8,998.6,0.5,50.4,35.6,30.9,41.6,0.0,25.0,4.0,115.0,0.0,31.8,33.3,32.9,30.0,32.2,30.5,0.0,6500.0,8.6,19.0,11.8,24.0,157.3,False
lucknow,2025-04-26,31.4,49.1,2.6,799.3,999.5,1.0,49.1,33.1,29.5,38.6,0.0,26.0,4.0,116.0,0.0,32.6,31.8,33.3,30.9,30.0,32.2,0.0,6500.0,8.6,19.0,11.8,18.1,106.1,False
lucknow,2025-04-27,31.5,47.1,2.1,837.9,1000.5,0.5,47.1,32.9,29.5,38.6,0.0,27.0,4.0,117.0,0.0,31.4,32.6,31.8,29.5,30.9,30.0,0.0,6500.0,8.6,19.0,11.8,17.4,110.5,False
lucknow,2025-04-28,29.3,60.1,2.9,941.2,999.5,0.2,60.1,31.6,29.6,37.7,0.0,28.0,4.0,118.0,0.0,31.5,31.4,32.6,29.5,29.5,30.9,0.0,6500.0,8.6,19.0,11.8,16.5,99.0,False
lucknow,2025-04-29,29.4,54.5,2.2,889.1,999.3,0.2,54.5,30.8,28.8,37.1,0.0,29.0,4.0,119.0,0.0,29.3,31.5,31.4,29.6,29.5,29.5,0.0,6500.0,8.6,19.0,11.8,13.2,68.4,False
lucknow,2025-04-30,29.9,54.2,2.4,731.8,1002.0,0.4,54.2,31.6,28.4,37.7,0.0,30.0,4.0,120.0,0.0,29.4,29.3,31.5,28.8,29.6,29.5,0.0,6500.0,8.6,19.0,11.8,10.3,56.8,False
lucknow,2025-05-01,28.5,59.4,4.5,883.5,997.3,0.0,59.4,30.1,28.4,35.4,0.0,1.0,5.0,121.0,0.0,29.9,29.4,29.3,28.4,28.8,29.6,0.0,6500.0,8.6,19.0,11.8,8.8,49.4,False
lucknow,2025-05-02,28.5,52.3,3.8,949.7,998.0,0.1,52.3,29.3,28.0,34.5,0.0,2.0,5.0,122.0,0.0,28.5,29.9,29.4,28.4,28.4,28.8,0.0,6500.0,8.6,19.0,11.8,5.7,31.0,False
lucknow,2025-05-03,29.5,53.0,3.6,861.8,999.7,0.0,53.0,30.8,28.5,36.1,0.0,3.0,5.0,123.0,0.0,28.5,28.5,29.9,28.0,28.4,28.4,0.0,6500.0,8.6,19.0,11.8,11.9,67.4,False
lucknow,2025-05-04,28.3,54.1,3.4,908.9,998.0,0.2,54.1,29.2,27.8,34.8,0.0,4.0,5.0,124.0,0.0,29.5,28.5,28.5,28.5,28.0,28.4,0.0,6500.0,8.6,19.0,11.8,7.6,36.1,False
lucknow,2025-05-05,28.8,54.5,3.0,858.6,998.2,0.6,54.5,29.9,28.1,35.8,0.0,5.0,5.0,125.0,0.0,28.3,29.5,28.5,27.8,28.5,28.0,0.0,6500.0,8.6,19.0,11.8,10.3,49.4,False
lucknow,2025-05-06,27.0,58.6,2.7,834.5,1000.2,0.4,58.6,28.0,26.8,34.1,0.0,6.0,5.0,126.0,0.0,28.8,28.3,29.5,28.1,27.8,28.5,0.0,6500.0,8.6,19.0,11.8,7.5,34.7,False
lucknow,2025-05-07,27.2,60.2,1.7,928.1,999.4,0.1,60.2,28.4,27.6,35.3,0.0,7.0,5.0,127.0,0.0,27.0,28.8,28.3,26.8,28.1,27.8,0.0,6500.0,8.6,19.0,11.8,7.0,37.9,False
lucknow,2025-05-08,28.2,50.8,2.6,877.7,997.3,0.1,50.8,28.8,27.2,34.4,0.0,8.0,5.0,128.0,0.0,27.2,27.0,28.8,27.6,26.8,28.1,0.0,6500.0,8.6,19.0,11.8,9.5,44.0,False
lucknow,2025-05-09,28.3,50.4,3.3,929.6,996.6,0.5,50.4,28.8,27.5,34.1,0.0,9.0,5.0,129.0,0.0,28.2,27.2,27.0,27.2,27.6,26.8,0.0,6500.0,8.6,19.0,11.8,8.8,41.8,False
lucknow,2025-05-10,28.5,51.5,3.4,859.9,997.3,0.6,51.5,29.2,27.4,34.5,0.0,10.0,5.0,130.0,0.0,28.3,28.2,27.2,27.5,27.2,27.6,0.0,6500.0,8.6,19.0,11.8,7.6,44.4,False
lucknow,2025-05-11,30.8,55.1,2.7,868.3,995.7,2.6,55.1,33.3,30.0,39.1,0.0,11.0,5.0,131.0,0.0,28.5,28.3,28.2,27.4,27.5,27.2,0.0,6500.0,8.6,19.0,11.8,20.0,128.0,False
lucknow,2025-05-12,30.2,56.8,2.7,900.6,998.2,1.4,56.8,32.6,29.8,38.5,0.0,12.0,5.0,132.0,0.0,30.8,28.5,28.3,30.0,27.4,27.5,0.0,6500.0,8.6,19.0,11.8,18.9,111.1,False
lucknow,2025-05-13,31.6,48.8,2.1,876.0,1000.3,0.5,48.8,33.4,30.0,39.2,0.0,13.0,5.0,133.0,0.0,30.2,30.8,28.5,29.8,30.0,27.4,0.0,6500.0,8.6,19.0,11.8,18.9,126.3,False
lucknow,2025-05-14,32.1,55.5,3.2,936.0,997.4,0.2,55.5,36.0,31.6,40.9,0.0,14.0,5.0,134.0,0.0,31.6,30.2,30.8,30.0,29.8,30.0,0.0,6500.0,8.6,19.0,11.8,25.8,179.9,False
lucknow,2025-05-15,32.6,51.2,2.6,847.0,998.4,0.1,51.2,35.8,31.1,41.0,0.0,15.0,5.0,135.0,0.0,32.1,31.6,30.2,31.6,30.0,29.8,0.0,6500.0,8.6,19.0,11.8,25.4,167.6,False
lucknow,2025-05-16,33.9,52.4,4.3,966.0,1000.5,0.8,52.4,39.0,32.9,42.1,0.0,16.0,5.0,136.0,0.0,32.6,32.1,31.6,31.1,31.6,30.0,0.0,6500.0,8.6,19.0,11.8,37.0,247.1,False
lucknow,2025-05-17,34.3,48.5,3.2,837.2,998.5,0.3,48.5,38.5,32.2,42.4,0.0,17.0,5.0,137.0,0.0,33.9,32.6,32.1,32.9,31.1,31.6,0.0,6500.0,8.6,19.0,11.8,32.4,212.1,False
lucknow,2025-05-18,36.2,42.9,3.8,795.0,999.1,0.6,42.9,40.6,32.8,43.1,0.0,18.0,5.0,138.0,0.0,34.3,33.9,32.6,32.2,32.9,31.1,0.0,6500.0,8.6,19.0,11.8,32.3,234.0,False
lucknow,2025-05-19,38.3,42.8,2.9,891.4,999.0,0.0,42.8,45.5,35.2,47.1,0.0,19.0,5.0,139.0,0.0,36.2,34.3,33.9,32.8,32.2,32.9,0.0,6500.0,8.6,19.0,11.8,49.2,348.1,False
lucknow,2025-05-20,37.6,39.8,3.0,919.9,996.4,1.7,39.8,42.4,34.2,44.7,0.0,20.0,5.0,140.0,0.0,38.3,36.2,34.3,35.2,32.8,32.2,0.0,6500.0,8.6,19.0,11.8,40.6,282.6,False
lucknow,2025-05-21,38.6,40.6,2.8,859.1,997.0,0.0,40.6,45.1,34.9,46.7,0.0,21.0,5.0,141.0,0.0,37.6,38.3,36.2,34.2,35.2,32.8,0.0,6500.0,8.6,19.0,11.8,45.7,327.6,False
lucknow,2025-05-22,38.8,43.5,2.7,848.6,999.8,0.0,43.5,47.1,35.5,48.4,0.0,22.0,5.0,142.0,0.0,38.6,37.6,38.3,34.9,34.2,35.2,0.0,6500.0,8.6,19.0,11.8,53.6,364.4,False
lucknow,2025-05-23,39.4,44.4,2.1,873.5,998.9,0.0,44.4,49.3,36.3,50.5,0.0,23.0,5.0,143.0,0.0,38.8,38.6,37.6,35.5,34.9,34.2,0.0,6500.0,8.6,19.0,11.8,56.5,397.7,False
lucknow,2025-05-24,38.2,35.5,3.4,790.6,998.5,0.0,35.5,41.9,33.3,43.5,0.0,24.0,5.0,144.0,0.0,39.4,38.8,38.6,36.3,35.5,34.9,0.0,6500.0,8.6,19.0,11.8,39.0,261.9,False
lucknow,2025-05-25,38.7,42.9,2.5,941.8,992.5,0.0,42.9,46.6,35.8,48.2,0.0,25.0,5.0,145.0,0.0,38.2,39.4,38.8,33.3,36.3,35.5,0.0,6500.0,8.6,19.0,11.8,52.0,370.0,False
lucknow,2025-05-26,39.6,43.6,2.7,886.6,997.1,0.0,43.6,49.3,36.4,49.9,0.0,26.0,5.0,146.0,0.0,38.7,38.2,39.4,35.8,33.3,36.3,0.0,6500.0,8.6,19.0,11.8,63.6,441.2,False
lucknow,2025-05-27,40.0,40.3,2.9,936.3,998.5,0.0,40.3,48.4,36.5,48.8,0.0,27.0,5.0,147.0,1.0,39.6,38.7,38.2,36.4,35.8,33.3,5.0,6500.0,8.6,19.0,11.8,63.2,456.6,False
lucknow,2025-05-28,39.7,48.5,2.6,884.4,1000.4,0.0,48.5,52.8,37.3,52.4,0.0,28.0,5.0,148.0,0.0,40.0,39.6,38.7,36.5,36.4,35.8,0.0,6500.0,8.6,19.0,11.8,65.9,461.9,False
lucknow,2025-05-29,38.0,45.6,2.1,875.9,996.6,0.1,45.6,46.2,35.3,48.5,0.0,29.0,5.0,149.0,0.0,39.7,40.0,39.6,37.3,36.5,36.4,0.0,6500.0,8.6,19.0,11.8,47.4,327.9,False
lucknow,2025-05-30,39.9,40.9,3.5,787.5,996.5,0.0,40.9,48.5,35.7,48.4,0.0,30.0,5.0,150.0,0.0,38.0,39.7,40.0,35.3,37.3,36.5,0.0,6500.0,8.6,19.0,11.8,56.3,396.2,False
lucknow,2025-05-31,37.6,37.2,3.0,872.0,998.6,0.2,37.2,41.4,33.5,43.7,0.0,31.0,5.0,151.0,0.0,39.9,38.0,39.7,35.7,35.3,37.3,0.0,6500.0,8.6,19.0,11.8,39.2,264.3,False
lucknow,2025-06-01,37.9,43.6,2.4,803.3,996.4,0.2,43.6,44.9,34.5,47.2,0.0,1.0,6.0,152.0,0.0,37.6,39.9,38.0,33.5,35.7,35.3,0.0,6500.0,8.6,19.0,11.8,44.9,302.4,False
lucknow,2025-06-02,37.3,47.1,2.5,898.2,995.5,0.0,47.1,45.1,35.0,47.5,0.0,2.0,6.0,153.0,0.0,37.9,37.6,39.9,34.5,33.5,35.7,0.0,6500.0,8.6,19.0,11.8,47.3,330.7,False
lucknow,2025-06-03,37.0,52.1,2.4,948.1,1001.2,0.4,52.1,46.9,35.7,49.0,0.0,3.0,6.0,154.0,0.0,37.3,37.9,37.6,35.0,34.5,33.5,0.0,6500.0,8.6,19.0,11.8,50.4,346.7,False
lucknow,2025-06-04,35.8,45.7,1.8,862.1,997.8,0.5,45.7,40.8,33.3,45.0,0.0,4.0,6.0,155.0,0.0,37.0,37.3,37.9,35.7,35.0,34.5,0.0,6500.0,8.6,19.0,11.8,36.5,255.3,False
lucknow,2025-06-05,36.7,44.0,2.0,925.8,1000.6,0.4,44.0,42.2,34.2,45.7,0.0,5.0,6.0,156.0,0.0,35.8,37.0,37.3,33.3,35.7,35.0,0.0,6500.0,8.6,19.0,11.8,40.6,289.9,False
lucknow,2025-06-06,37.9,40.7,3.3,976.1,996.2,0.1,40.7,43.5,34.9,45.3,0.0,6.0,6.0,157.0,0.0,36.7,35.8,37.0,34.2,33.3,35.7,0.0,6500.0,8.6,19.0,11.8,46.2,317.7,False
lucknow,2025-06-07,33.1,48.6,1.6,938.0,996.7,0.4,48.6,36.1,31.7,41.8,0.0,7.0,6.0,158.0,0.0,37.9,36.7,35.8,34.9,34.2,33.3,0.0,6500.0,8.6,19.0,11.8,27.2,196.3,False
lucknow,2025-06-08,36.5,38.9,2.7,902.9,997.4,0.1,38.9,39.8,33.0,42.9,0.0,8.0,6.0,159.0,0.0,33.1,37.9,36.7,31.7,34.9,34.2,0.0,6500.0,8.6,19.0,11.8,34.0,241.4,False
lucknow,2025-06-09,33.0,50.2,0.8,921.6,998.7,0.5,50.2,36.3,31.8,42.7,0.0,9.0,6.0,160.0,0.0,36.5,33.1,37.9,33.0,31.7,34.9,0.0,6500.0,8.6,19.0,11.8,29.1,204.2,False
lucknow,2025-06-10,36.7,50.5,2.5,974.1,997.5,0.0,50.5,45.2,35.3,47.7,0.0,10.0,6.0,161.0,0.0,33.0,36.5,33.1,31.8,33.0,31.7,0.0,6500.0,8.6,19.0,11.8,47.1,337.8,False
lucknow,2025-06-11,35.9,52.0,2.5,857.2,997.8,0.7,52.0,43.8,34.2,46.8,0.0,11.0,6.0,162.0,0.0,36.7,33.0,36.5,35.3,31.8,33.0,0.0,6500.0,8.6,19.0,11.8,39.4,280.2,False
lucknow,2025-06-12,34.1,42.8,3.2,923.1,998.1,0.1,42.8,36.4,31.6,40.4,0.0,12.0,6.0,163.0,0.0,35.9,36.7,33.0,34.2,35.3,31.8,0.0,6500.0,8.6,19.0,11.8,27.8,181.4,False
lucknow,2025-06-13,34.0,47.1,2.6,900.5,994.7,0.5,47.1,37.4,32.1,42.0,0.0,13.0,6.0,164.0,0.0,34.1,35.9,36.7,31.6,34.2,35.3,0.0,6500.0,8.6,19.0,11.8,30.8,207.6,False
lucknow,2025-06-14,35.6,44.6,2.2,1029.9,994.8,1.0,44.6,40.0,33.8,44.0,0.0,14.0,6.0,165.0,0.0,34.0,34.1,35.9,32.1,31.6,34.2,0.0,6500.0,8.6,19.0,11.8,39.5,264.5,False
lucknow,2025-06-15,35.2,55.3,1.3,914.1,996.7,0.4,55.3,43.4,34.4,47.8,0.0,15.0,6.0,166.0,0.0,35.6,34.0,34.1,33.8,32.1,31.6,0.0,6500.0,8.6,19.0,11.8,43.5,299.1,False
lucknow,2025-06-16,34.9,44.5,2.0,830.6,999.1,1.1,44.5,38.5,32.2,43.0,0.0,16.0,6.0,167.0,0.0,35.2,35.6,34.0,34.4,33.8,32.1,0.0,6500.0,8.6,19.0,11.8,31.6,214.5,False
lucknow,2025-06-17,38.3,37.7,3.2,930.8,995.8,0.0,37.7,43.1,34.5,44.7,0.0,17.0,6.0,168.0,0.0,34.9,35.2,35.6,32.2,34.4,33.8,0.0,6500.0,8.6,19.0,11.8,43.0,306.2,False
lucknow,2025-06-18,36.8,46.9,4.0,980.7,999.3,0.7,46.9,43.7,34.9,45.3,0.0,18.0,6.0,169.0,0.0,38.3,34.9,35.2,34.5,32.2,34.4,0.0,6500.0,8.6,19.0,11.8,45.2,307.3,False
lucknow,2025-06-19,38.3,38.0,3.3,988.9,994.5,0.0,38.0,43.2,34.8,44.8,0.0,19.0,6.0,170.0,0.0,36.8,38.3,34.9,34.9,34.5,32.2,0.0,6500.0,8.6,19.0,11.8,48.0,321.3,False
lucknow,2025-06-20,40.8,38.2,2.9,1007.5,997.6,0.0,38.2,49.2,37.1,49.1,0.0,20.0,6.0,171.0,1.0,38.3,36.8,38.3,34.8,34.9,34.5,5.8,6500.0,8.6,19.0,11.8,70.5,480.0,False
lucknow,2025-06-21,39.2,33.5,3.4,871.0,998.2,0.0,33.5,43.1,34.2,44.1,0.0,21.0,6.0,172.0,0.0,40.8,38.3,36.8,37.1,34.8,34.9,0.0,6500.0,8.6,19.0,11.8,46.7,323.0,False
lucknow,2025-06-22,40.1,38.0,2.5,948.3,994.5,0.0,38.0,47.4,36.2,48.3,0.0,22.0,6.0,173.0,1.0,39.2,40.8,38.3,34.2,37.1,34.8,5.1,6500.0,8.6,19.0,11.8,64.2,450.7,False
lucknow,2025-06-23,42.5,34.5,3.2,971.1,992.4,0.0,34.5,51.2,37.7,49.7,0.0,23.0,6.0,174.0,2.0,40.1,39.2,40.8,36.2,34.2,37.1,15.0,6500.0,8.6,19.0,11.8,83.0,480.0,False
lucknow,2025-06-24,43.8,38.9,1.9,947.9,995.9,0.0,38.9,58.1,39.6,56.0,0.0,24.0,6.0,175.0,3.0,42.5,40.1,39.2,37.7,36.2,34.2,26.4,6500.0,8.6,19.0,11.8,98.0,480.0,False
lucknow,2025-06-25,42.5,36.5,1.9,972.6,996.1,0.0,36.5,52.6,38.2,52.1,0.0,25.0,6.0,176.0,4.0,43.8,42.5,40.1,39.6,37.7,36.2,30.0,6500.0,8.6,19.0,11.8,86.9,480.0,False
lucknow,2025-06-26,44.9,30.8,2.2,883.6,996.0,0.0,30.8,54.5,38.6,52.2,0.0,26.0,6.0,177.0,5.0,42.5,43.8,42.5,38.2,39.6,37.7,49.5,6500.0,8.6,19.0,11.8,98.0,480.0,False
lucknow,2025-06-27,45.2,32.4,3.5,888.7,996.4,0.0,32.4,56.6,39.1,52.5,0.0,27.0,6.0,178.0,6.0,44.9,42.5,43.8,38.6,38.2,39.6,61.2,6500.0,8.6,19.0,11.8,98.0,480.0,False
lucknow,2025-06-28,46.8,23.2,3.4,966.3,996.3,0.0,23.2,52.9,38.6,48.2,0.0,28.0,6.0,179.0,7.0,45.2,44.9,42.5,39.1,38.6,38.2,82.6,6500.0,8.6,19.0,11.8,98.0,480.0,False
lucknow,2026-03-01,25.5,57.7,2.9,725.3,1000.3,3.4,57.7,25.6,24.7,31.8,0.0,1.0,3.0,60.0,0.0,46.8,45.2,44.9,38.6,39.1,38.6,0.0,6500.0,8.6,19.0,11.8,6.4,33.2,False
lucknow,2026-03-02,25.0,66.9,2.1,698.2,1000.4,0.3,66.9,25.3,25.1,32.8,0.0,2.0,3.0,61.0,0.0,25.5,46.8,45.2,24.7,38.6,39.1,0.0,6500.0,8.6,19.0,11.8,7.7,42.1,False
lucknow,2026-03-03,25.3,57.2,3.1,691.8,1003.5,0.4,57.2,25.4,24.3,31.3,0.0,3.0,3.0,62.0,0.0,25.0,25.5,46.8,25.1,24.7,38.6,0.0,6500.0,8.6,19.0,11.8,5.5,30.4,False
lucknow,2026-03-04,26.0,67.1,3.3,774.2,999.6,2.0,67.1,26.4,26.4,33.7,0.0,4.0,3.0,63.0,0.0,25.3,25.0,25.5,24.3,25.1,24.7,0.0,6500.0,8.6,19.0,11.8,7.8,38.2,False
lucknow,2026-03-05,25.8,59.9,1.9,756.0,1001.0,0.7,59.9,26.0,25.4,33.0,0.0,5.0,3.0,64.0,0.0,26.0,25.3,25.0,26.4,24.3,25.1,0.0,6500.0,8.6,19.0,11.8,7.9,27.6,False
lucknow,2026-03-06,26.0,58.9,1.6,787.1,1000.2,0.1,58.9,26.2,25.7,33.3,0.0,6.0,3.0,65.0,0.0,25.8,26.0,25.3,25.4,26.4,24.3,0.0,6500.0,8.6,19.0,11.8,5.6,38.2,False
lucknow,2026-03-07,27.4,67.1,3.9,720.1,1004.2,0.7,67.1,29.3,27.4,35.5,0.0,7.0,3.0,66.0,0.0,26.0,25.8,26.0,25.7,25.4,26.4,0.0,6500.0,8.6,19.0,11.8,7.3,45.7,False
lucknow,2026-03-08,27.0,60.0,3.5,767.2,1000.2,0.2,60.0,28.1,26.5,33.9,0.0,8.0,3.0,67.0,0.0,27.4,26.0,25.8,27.4,25.7,25.4,0.0,6500.0,8.6,19.0,11.8,11.0,56.6,False
lucknow,2026-03-09,28.3,62.1,1.9,779.5,1002.6,0.3,62.1,30.2,28.1,37.2,0.0,9.0,3.0,68.0,0.0,27.0,27.4,26.0,26.5,27.4,25.7,0.0,6500.0,8.6,19.0,11.8,6.6,37.5,False
lucknow,2026-03-10,27.3,60.1,1.4,677.8,1001.6,0.3,60.1,28.5,26.5,35.6,0.0,10.0,3.0,69.0,0.0,28.3,27.0,27.4,28.1,26.5,27.4,0.0,6500.0,8.6,19.0,11.8,8.1,39.0,False
lucknow,2026-03-11,26.6,62.6,1.6,748.5,1002.1,1.7,62.6,27.7,26.5,34.8,0.0,11.0,3.0,70.0,0.0,27.3,28.3,27.0,26.5,28.1,26.5,0.0,6500.0,8.6,19.0,11.8,6.7,42.9,False
lucknow,2026-03-12,26.9,58.5,2.3,722.4,1004.3,0.2,58.5,27.9,26.1,34.2,0.0,12.0,3.0,71.0,0.0,26.6,27.3,28.3,26.5,26.5,28.1,0.0,6500.0,8.6,19.0,11.8,6.0,41.9,False
lucknow,2026-03-13,25.3,64.6,2.0,821.8,1000.6,0.8,64.6,25.6,25.8,33.0,0.0,13.0,3.0,72.0,0.0,26.9,26.6,27.3,26.1,26.5,26.5,0.0,6500.0,8.6,19.0,11.8,7.9,36.6,False
lucknow,2026-03-14,27.6,55.8,1.8,841.5,1005.8,0.2,55.8,28.5,27.1,35.0,0.0,14.0,3.0,73.0,0.0,25.3,26.9,26.6,25.8,26.1,26.5,0.0,6500.0,8.6,19.0,11.8,8.8,47.5,False
lucknow,2026-03-15,27.0,57.3,3.8,859.2,1001.5,0.5,57.3,27.9,26.7,33.3,0.0,15.0,3.0,74.0,0.0,27.6,25.3,26.9,27.1,25.8,26.1,0.0,6500.0,8.6,19.0,11.8,6.8,36.3,False
lucknow,2026-03-16,26.2,64.7,2.1,785.8,998.5,0.8,64.7,26.6,26.5,34.3,0.0,16.0,3.0,75.0,0.0,27.0,27.6,25.3,26.7,27.1,25.8,0.0,6500.0,8.6,19.0,11.8,8.6,50.0,False
lucknow,2026-03-17,28.1,55.6,3.2,828.3,1001.8,0.7,55.6,29.1,27.4,34.9,0.0,17.0,3.0,76.0,0.0,26.2,27.0,27.6,26.5,26.7,27.1,0.0,6500.0,8.6,19.0,11.8,8.0,43.8,False
lucknow,2026-03-18,28.5,61.5,1.6,827.6,1003.5,1.5,61.5,30.4,28.5,37.6,0.0,18.0,3.0,77.0,0.0,28.1,26.2,27.0,27.4,26.5,26.7,0.0,6500.0,8.6,19.0,11.8,10.0,59.6,False
lucknow,2026-03-19,28.1,59.4,3.2,754.0,1003.3,0.0,59.4,29.5,27.4,35.6,0.0,19.0,3.0,78.0,0.0,28.5,28.1,26.2,28.5,27.4,26.5,0.0,6500.0,8.6,19.0,11.8,6.9,45.5,False
lucknow,2026-03-20,28.5,65.2,2.4,790.5,1001.7,1.6,65.2,30.9,28.7,37.8,0.0,20.0,3.0,79.0,0.0,28.1,28.5,28.1,27.4,28.5,27.4,0.0,6500.0,8.6,19.0,11.8,13.8,65.0,False
lucknow,2026-03-21,27.3,57.1,1.8,706.9,1000.6,1.2,57.1,28.2,26.3,34.8,0.0,21.0,3.0,80.0,0.0,28.5,28.1,28.5,28.7,27.4,28.5,0.0,6500.0,8.6,19.0,11.8,8.9,51.7,False
lucknow,2026-03-22,27.3,51.2,2.7,676.6,998.0,0.2,51.2,27.8,25.4,33.2,0.0,22.0,3.0,81.0,0.0,27.3,28.5,28.1,26.3,28.7,27.4,0.0,6500.0,8.6,19.0,11.8,6.5,34.6,False
lucknow,2026-03-23,28.7,50.9,3.7,746.4,998.4,0.2,50.9,29.4,27.0,34.5,0.0,23.0,3.0,82.0,0.0,27.3,27.3,28.5,25.4,26.3,28.7,0.0,6500.0,8.6,19.0,11.8,7.6,37.1,False
lucknow,2026-03-24,28.3,55.8,1.6,810.6,1003.1,1.6,55.8,29.4,27.6,36.1,0.0,24.0,3.0,83.0,0.0,28.7,27.3,27.3,27.0,25.4,26.3,0.0,6500.0,8.6,19.0,11.8,7.7,39.4,False
lucknow,2026-03-25,29.7,66.6,1.8,736.4,1000.9,0.6,66.6,33.6,29.7,40.5,0.0,25.0,3.0,84.0,0.0,28.3,28.7,27.3,27.6,27.0,25.4,0.0,6500.0,8.6,19.0,11.8,13.8,101.1,False
lucknow,2026-03-26,27.8,58.5,2.5,735.6,997.7,0.6,58.5,29.0,27.0,35.4,0.0,26.0,3.0,85.0,0.0,29.7,28.3,28.7,29.7,27.6,27.0,0.0,6500.0,8.6,19.0,11.8,8.1,45.1,False
lucknow,2026-03-27,28.5,60.5,3.4,754.2,1001.0,0.4,60.5,30.3,27.9,36.3,0.0,27.0,3.0,86.0,0.0,27.8,29.7,28.3,27.0,29.7,27.6,0.0,6500.0,8.6,19.0,11.8,10.0,53.6,False
lucknow,2026-03-28,28.5,61.6,2.0,766.5,1002.0,0.6,61.6,30.4,28.2,37.4,0.0,28.0,3.0,87.0,0.0,28.5,27.8,29.7,27.9,27.0,29.7,0.0,6500.0,8.6,19.0,11.8,10.2,55.7,False
lucknow,2026-03-29,29.1,56.4,3.0,819.5,999.5,0.1,56.4,30.7,28.4,36.6,0.0,29.0,3.0,88.0,0.0,28.5,28.5,27.8,28.2,27.9,27.0,0.0,6500.0,8.6,19.0,11.8,8.7,50.1,False
lucknow,2026-03-30,28.5,57.9,2.4,832.9,1001.3,0.1,57.9,29.9,28.1,36.4,0.0,30.0,3.0,89.0,0.0,29.1,28.5,28.5,28.4,28.2,27.9,0.0,6500.0,8.6,19.0,11.8,6.0,34.1,False
lucknow,2026-03-31,27.3,58.1,0.9,856.7,1000.6,0.7,58.1,28.3,27.2,35.5,0.0,31.0,3.0,90.0,0.0,28.5,29.1,28.5,28.1,28.4,28.2,0.0,6500.0,8.6,19.0,11.8,7.6,41.2,False
lucknow,2026-04-01,29.5,47.7,4.0,836.3,1000.7,0.5,47.7,30.0,27.7,34.8,0.0,1.0,4.0,91.0,0.0,27.3,28.5,29.1,27.2,28.1,28.4,0.0,6500.0,8.6,19.0,11.8,7.6,43.1,False
lucknow,2026-04-02,28.7,55.2,2.0,835.4,1001.3,0.1,55.2,29.9,28.0,36.4,0.0,2.0,4.0,92.0,0.0,29.5,27.3,28.5,27.7,27.2,28.1,0.0,6500.0,8.6,19.0,11.8,10.0,54.0,False
lucknow,2026-04-03,28.4,63.3,2.5,805.0,1001.7,0.2,63.3,30.5,28.4,37.2,0.0,3.0,4.0,93.0,0.0,28.7,29.5,27.3,28.0,27.7,27.2,0.0,6500.0,8.6,19.0,11.8,11.0,62.9,False
lucknow,2026-04-04,28.1,53.0,2.5,745.5,1001.6,0.3,53.0,28.8,26.7,34.8,0.0,4.0,4.0,94.0,0.0,28.4,28.7,29.5,28.4,28.0,27.7,0.0,6500.0,8.6,19.0,11.8,7.9,47.5,False
lucknow,2026-04-05,28.7,61.6,1.5,770.0,1002.6,0.1,61.6,30.8,28.4,38.0,0.0,5.0,4.0,95.0,0.0,28.1,28.4,28.7,26.7,28.4,28.0,0.0,6500.0,8.6,19.0,11.8,6.7,46.5,False
lucknow,2026-04-06,29.8,55.3,3.0,837.5,999.6,0.4,55.3,31.6,29.0,37.4,0.0,6.0,4.0,96.0,0.0,28.7,28.1,28.4,28.4,26.7,28.4,0.0,6500.0,8.6,19.0,11.8,9.7,71.5,False
lucknow,2026-04-07,29.1,56.9,3.0,835.6,999.2,0.4,56.9,30.7,28.5,36.7,0.0,7.0,4.0,97.0,0.0,29.8,28.7,28.1,29.0,28.4,26.7,0.0,6500.0,8.6,19.0,11.8,11.3,67.2,False
lucknow,2026-04-08,29.0,53.4,3.0,812.1,998.2,1.1,53.4,30.1,27.9,35.8,0.0,8.0,4.0,98.0,0.0,29.1,29.8,28.7,28.5,29.0,28.4,0.0,6500.0,8.6,19.0,11.8,6.8,40.9,False
lucknow,2026-04-09,28.1,60.2,1.1,750.1,1003.7,1.8,60.2,29.6,27.6,37.0,0.0,9.0,4.0,99.0,0.0,29.0,29.1,29.8,27.9,28.5,29.0,0.0,6500.0,8.6,19.0,11.8,7.4,35.9,False
lucknow,2026-04-10,31.0,49.4,1.8,806.9,999.8,0.2,49.4,32.5,29.3,38.6,0.0,10.0,4.0,100.0,0.0,28.1,29.0,29.1,27.6,27.9,28.5,0.0,6500.0,8.6,19.0,11.8,15.3,85.9,False
lucknow,2026-04-11,28.8,55.1,2.1,911.1,997.6,0.5,55.1,30.0,28.4,36.4,0.0,11.0,4.0,101.0,0.0,31.0,28.1,29.0,29.3,27.6,27.9,0.0,6500.0,8.6,19.0,11.8,12.1,59.8,False
lucknow,2026-04-12,29.6,53.9,2.1,773.6,1005.0,0.4,53.9,31.1,28.4,37.4,0.0,12.0,4.0,102.0,0.0,28.8,31.0,28.1,28.4,29.3,27.6,0.0,6500.0,8.6,19.0,11.8,9.1,52.0,False
lucknow,2026-04-13,28.4,63.4,4.0,813.2,999.4,0.1,63.4,30.5,28.4,36.3,0.0,13.0,4.0,103.0,0.0,29.6,28.8,31.0,28.4,28.4,29.3,0.0,6500.0,8.6,19.0,11.8,12.7,67.4,False
lucknow,2026-04-14,28.4,57.0,1.5,812.5,998.4,0.3,57.0,29.7,27.8,36.6,0.0,14.0,4.0,104.0,0.0,28.4,29.6,28.8,28.4,28.4,28.4,0.0,6500.0,8.6,19.0,11.8,8.6,39.9,False
lucknow,2026-04-15,30.3,55.0,1.9,831.0,998.5,0.7,55.0,32.4,29.4,38.8,0.0,15.0,4.0,105.0,0.0,28.4,28.4,29.6,27.8,28.4,28.4,0.0,6500.0,8.6,19.0,11.8,15.3,86.9,False
lucknow,2026-04-16,33.5,52.9,3.3,892.2,998.4,1.4,52.9,38.3,32.3,42.4,0.0,16.0,4.0,106.0,0.0,30.3,28.4,28.4,29.4,27.8,28.4,0.0,6500.0,8.6,19.0,11.8,30.9,215.6,False
lucknow,2026-04-17,33.6,46.8,2.2,866.8,996.4,0.9,46.8,36.6,31.5,41.6,0.0,17.0,4.0,107.0,0.0,33.5,30.3,28.4,32.3,29.4,27.8,0.0,6500.0,8.6,19.0,11.8,28.2,184.6,False
lucknow,2026-04-18,34.6,43.8,1.8,877.1,999.5,0.0,43.8,37.6,32.1,42.5,0.0,18.0,4.0,108.0,0.0,33.6,33.5,30.3,31.5,32.3,29.4,0.0,6500.0,8.6,19.0,11.8,30.0,208.7,False
lucknow,2026-04-19,34.7,47.6,2.5,845.1,1002.3,0.6,47.6,39.1,32.5,43.3,0.0,19.0,4.0,109.0,0.0,34.6,33.6,33.5,32.1,31.5,32.3,0.0,6500.0,8.6,19.0,11.8,31.9,225.9,False
lucknow,2026-04-20,34.0,47.3,3.5,824.3,996.6,0.1,47.3,37.5,31.7,41.4,0.0,20.0,4.0,110.0,0.0,34.7,34.6,33.6,32.5,32.1,31.5,0.0,6500.0,8.6,19.0,11.8,27.7,190.3,False
lucknow,2026-04-21,35.0,46.7,0.5,756.8,1000.0,0.2,46.7,39.4,32.3,45.1,0.0,21.0,4.0,111.0,0.0,34.0,34.7,34.6,31.7,32.5,32.1,0.0,6500.0,8.6,19.0,11.8,30.2,201.2,False
lucknow,2026-04-22,31.8,52.3,1.2,763.2,999.8,0.1,52.3,34.5,30.2,41.0,0.0,22.0,4.0,112.0,0.0,35.0,34.0,34.7,32.3,31.7,32.5,0.0,6500.0,8.6,19.0,11.8,19.0,132.5,False
lucknow,2026-04-23,32.3,49.2,2.2,782.9,996.8,0.3,49.2,34.7,30.3,40.3,0.0,23.0,4.0,113.0,0.0,31.8,35.0,34.0,30.2,32.3,31.7,0.0,6500.0,8.6,19.0,11.8,18.6,118.3,False
lucknow,2026-04-24,31.3,56.3,2.5,820.6,997.9,0.1,56.3,34.6,30.4,40.3,0.0,24.0,4.0,114.0,0.0,32.3,31.8,35.0,30.3,30.2,32.3,0.0,6500.0,8.6,19.0,11.8,20.9,129.4,False
lucknow,2026-04-25,31.8,52.1,2.5,839.6,998.5,2.1,52.1,34.5,30.4,40.0,0.0,25.0,4.0,115.0,0.0,31.3,32.3,31.8,30.4,30.3,30.2,0.0,6500.0,8.6,19.0,11.8,18.9,136.7,False
lucknow,2026-04-26,31.2,51.7,3.0,785.5,996.1,0.0,51.7,33.3,29.6,38.7,0.0,26.0,4.0,116.0,0.0,31.8,31.3,32.3,30.4,30.4,30.3,0.0,6500.0,8.6,19.0,11.8,17.5,111.7,False
lucknow,2026-04-27,32.2,49.8,3.1,803.9,999.8,0.2,49.8,34.7,30.3,39.6,0.0,27.0,4.0,117.0,0.0,31.2,31.8,31.3,29.6,30.4,30.4,0.0,6500.0,8.6,19.0,11.8,22.0,141.8,False
lucknow,2026-04-28,31.2,50.7,1.6,913.1,999.2,0.5,50.7,33.1,30.1,39.4,0.0,28.0,4.0,118.0,0.0,32.2,31.2,31.8,30.3,29.6,30.4,0.0,6500.0,8.6,19.0,11.8,21.0,116.5,False
lucknow,2026-04-29,29.4,54.0,3.1,825.8,1001.2,0.1,54.0,30.8,28.4,36.5,0.0,29.0,4.0,119.0,0.0,31.2,32.2,31.2,30.1,30.3,29.6,0.0,6500.0,8.6,19.0,11.8,9.2,56.4,False
lucknow,2026-04-30,28.4,56.8,2.2,853.8,1001.9,0.3,56.8,29.7,28.0,36.1,0.0,30.0,4.0,120.0,0.0,29.4,31.2,32.2,28.4,30.1,30.3,0.0,6500.0,8.6,19.0,11.8,9.5,46.6,False
lucknow,2026-05-01,26.9,63.7,3.3,752.7,997.5,0.9,63.7,28.2,26.8,34.5,0.0,1.0,5.0,121.0,0.0,28.4,29.4,31.2,28.0,28.4,30.1,0.0,6500.0,8.6,19.0,11.8,9.0,45.4,False
lucknow,2026-05-02,28.3,54.3,0.6,782.1,996.7,1.0,54.3,29.2,27.4,36.5,0.0,2.0,5.0,122.0,0.0,26.9,28.4,29.4,26.8,28.0,28.4,0.0,6500.0,8.6,19.0,11.8,8.5,49.2,False
lucknow,2026-05-03,28.4,58.0,0.5,813.3,1000.3,0.1,58.0,29.8,28.0,37.4,0.0,3.0,5.0,123.0,0.0,28.3,26.9,28.4,27.4,26.8,28.0,0.0,6500.0,8.6,19.0,11.8,8.1,52.7,False
lucknow,2026-05-04,28.1,51.5,4.0,836.6,1001.7,1.1,51.5,28.7,26.9,33.7,0.0,4.0,5.0,124.0,0.0,28.4,28.3,26.9,28.0,27.4,26.8,0.0,6500.0,8.6,19.0,11.8,8.8,36.1,False
lucknow,2026-05-05,27.4,57.7,1.9,840.8,1001.3,0.2,57.7,28.4,27.1,35.0,0.0,5.0,5.0,125.0,0.0,28.1,28.4,28.3,26.9,28.0,27.4,0.0,6500.0,8.6,19.0,11.8,7.3,43.4,False
lucknow,2026-05-06,26.9,62.5,1.6,872.4,1000.9,0.1,62.5,28.1,27.3,35.3,0.0,6.0,5.0,126.0,0.0,27.4,28.1,28.4,27.1,26.9,28.0,0.0,6500.0,8.6,19.0,11.8,6.0,34.1,False
lucknow,2026-05-07,29.1,51.9,2.0,850.6,998.4,0.2,51.9,30.0,28.1,36.3,0.0,7.0,5.0,127.0,0.0,26.9,27.4,28.1,27.3,27.1,26.9,0.0,6500.0,8.6,19.0,11.8,9.0,52.6,False
lucknow,2026-05-08,27.3,58.0,1.7,809.1,995.5,0.7,58.0,28.3,26.9,35.0,0.0,8.0,5.0,128.0,0.0,29.1,26.9,27.4,28.1,27.3,27.1,0.0,6500.0,8.6,19.0,11.8,5.4,33.0,False
lucknow,2026-05-09,29.1,60.7,4.0,873.0,998.2,0.2,60.7,31.3,29.1,36.8,0.0,9.0,5.0,129.0,0.0,27.3,29.1,26.9,26.9,28.1,27.3,0.0,6500.0,8.6,19.0,11.8,12.2,70.8,False
lucknow,2026-05-10,30.3,47.0,1.3,833.2,997.9,0.6,47.0,31.0,28.5,37.4,0.0,10.0,5.0,130.0,0.0,29.1,27.3,29.1,29.1,26.9,28.1,0.0,6500.0,8.6,19.0,11.8,11.5,61.5,False
lucknow,2026-05-11,28.4,60.5,1.9,869.1,1000.5,0.3,60.5,30.1,28.5,37.0,0.0,11.0,5.0,131.0,0.0,30.3,29.1,27.3,28.5,29.1,26.9,0.0,6500.0,8.6,19.0,11.8,10.1,61.9,False
lucknow,2026-05-12,30.7,62.5,3.5,975.4,999.3,1.1,62.5,34.8,31.3,40.1,0.0,12.0,5.0,132.0,0.0,28.4,30.3,29.1,28.5,28.5,29.1,0.0,6500.0,8.6,19.0,11.8,27.3,177.3,False
lucknow,2026-05-13,32.7,52.3,1.7,822.2,998.6,0.0,52.3,36.3,31.2,42.1,0.0,13.0,5.0,133.0,0.0,30.7,28.4,30.3,31.3,28.5,28.5,0.0,6500.0,8.6,19.0,11.8,27.2,181.8,False
lucknow,2026-05-14,33.6,50.8,2.5,929.5,1000.2,1.1,50.8,37.8,32.4,42.5,0.0,14.0,5.0,134.0,0.0,32.7,30.7,28.4,31.2,31.3,28.5,0.0,6500.0,8.6,19.0,11.8,30.7,217.7,False
lucknow,2026-05-15,34.1,44.9,1.7,890.6,1000.2,0.1,44.9,37.0,31.8,42.1,0.0,15.0,5.0,135.0,0.0,33.6,32.7,30.7,32.4,31.2,31.3,0.0,6500.0,8.6,19.0,11.8,31.7,205.6,False
lucknow,2026-05-16,34.9,43.0,2.5,871.1,996.4,0.1,43.0,38.0,32.1,42.1,0.0,16.0,5.0,136.0,0.0,34.1,33.6,32.7,31.8,32.4,31.2,0.0,6500.0,8.6,19.0,11.8,31.0,209.5,False
lucknow,2026-05-17,35.8,40.4,2.5,921.8,994.4,0.1,40.4,38.9,32.8,42.6,0.0,17.0,5.0,137.0,0.0,34.9,34.1,33.6,32.1,31.8,32.4,0.0,6500.0,8.6,19.0,11.8,30.4,217.0,False
lucknow,2026-05-18,34.9,47.4,2.5,897.2,999.3,0.1,47.4,39.5,32.9,43.6,0.0,18.0,5.0,138.0,0.0,35.8,34.9,34.1,32.8,32.1,31.8,0.0,6500.0,8.6,19.0,11.8,36.5,238.3,False
lucknow,2026-05-19,35.5,52.8,3.9,852.1,1000.2,0.1,52.8,43.1,33.9,45.2,0.0,19.0,5.0,139.0,0.0,34.9,35.8,34.9,32.9,32.8,32.1,0.0,6500.0,8.6,19.0,11.8,42.9,290.0,False
lucknow,2026-05-20,38.3,41.2,2.6,909.7,1000.4,0.0,41.2,44.7,35.0,46.7,0.0,20.0,5.0,140.0,0.0,35.5,34.9,35.8,33.9,32.9,32.8,0.0,6500.0,8.6,19.0,11.8,47.2,330.7,False
lucknow,2026-05-21,38.6,45.8,2.3,949.1,995.1,0.0,45.8,47.9,36.2,49.4,0.0,21.0,5.0,141.0,0.0,38.3,35.5,34.9,35.0,33.9,32.9,0.0,6500.0,8.6,19.0,11.8,53.5,381.6,False
lucknow,2026-05-22,38.9,40.7,2.1,865.2,996.1,0.0,40.7,45.9,35.3,47.9,0.0,22.0,5.0,142.0,0.0,38.6,38.3,35.5,36.2,35.0,33.9,0.0,6500.0,8.6,19.0,11.8,51.3,349.7,False
lucknow,2026-05-23,40.0,41.5,3.5,896.4,997.8,0.0,41.5,49.2,36.4,48.8,0.0,23.0,5.0,143.0,1.0,38.9,38.6,38.3,35.3,36.2,35.0,5.0,6500.0,8.6,19.0,11.8,64.0,445.1,False
lucknow,2026-05-24,37.9,39.2,2.2,845.8,1000.5,1.0,39.2,42.8,34.0,45.6,0.0,24.0,5.0,144.0,0.0,40.0,38.9,38.6,36.4,35.3,36.2,0.0,6500.0,8.6,19.0,11.8,39.8,281.2,False
lucknow,2026-05-25,40.7,42.0,3.2,787.8,997.1,0.0,42.0,51.4,36.6,50.6,0.0,25.0,5.0,145.0,1.0,37.9,40.0,38.9,34.0,36.4,35.3,5.7,6500.0,8.6,19.0,11.8,69.0,474.5,False
lucknow,2026-05-26,39.6,42.7,2.9,911.8,998.9,0.0,42.7,48.8,36.4,49.3,0.0,26.0,5.0,146.0,0.0,40.7,37.9,40.0,36.6,34.0,36.4,0.0,6500.0,8.6,19.0,11.8,60.4,414.7,False
lucknow,2026-05-27,40.0,41.1,1.3,964.0,998.7,0.0,41.1,48.9,36.8,50.8,0.0,27.0,5.0,147.0,1.0,39.6,40.7,37.9,36.4,36.6,34.0,5.0,6500.0,8.6,19.0,11.8,64.0,452.5,False
lucknow,2026-05-28,38.8,39.5,2.7,847.8,999.9,0.0,39.5,45.0,34.9,46.7,0.0,28.0,5.0,148.0,0.0,40.0,39.6,40.7,36.8,36.4,36.6,0.0,6500.0,8.6,19.0,11.8,50.4,347.9,False
lucknow,2026-05-29,39.3,44.8,2.3,862.1,999.9,0.0,44.8,49.2,36.3,50.3,0.0,29.0,5.0,149.0,0.0,38.8,40.0,39.6,34.9,36.8,36.4,0.0,6500.0,8.6,19.0,11.8,58.9,407.0,False
lucknow,2026-05-30,38.5,39.3,4.1,900.2,997.8,0.0,39.3,44.2,34.8,44.9,0.0,30.0,5.0,150.0,0.0,39.3,38.8,40.0,36.3,34.9,36.8,0.0,6500.0,8.6,19.0,11.8,48.2,324.6,False
lucknow,2026-05-31,39.7,38.0,4.0,886.0,999.5,0.0,38.0,46.4,35.5,46.3,0.0,31.0,5.0,151.0,0.0,38.5,39.3,38.8,34.8,36.3,34.9,0.0,6500.0,8.6,19.0,11.8,51.8,368.6,False
lucknow,2026-06-01,37.9,35.0,3.0,919.0,995.4,0.2,35.0,41.1,33.6,43.2,0.0,1.0,6.0,152.0,0.0,39.7,38.5,39.3,35.5,34.8,36.3,0.0,6500.0,8.6,19.0,11.8,39.2,258.3,False
lucknow,2026-06-02,39.1,42.3,2.9,880.7,998.7,0.0,42.3,47.3,35.7,48.2,0.0,2.0,6.0,153.0,0.0,37.9,39.7,38.5,33.6,35.5,34.8,0.0,6500.0,8.6,19.0,11.8,53.5,377.0,False
lucknow,2026-06-03,37.4,48.4,3.0,875.3,998.5,0.1,48.4,46.0,35.1,47.7,0.0,3.0,6.0,154.0,0.0,39.1,37.9,39.7,35.7,33.6,35.5,0.0,6500.0,8.6,19.0,11.8,46.3,325.7,False
lucknow,2026-06-04,36.0,44.6,2.2,969.7,997.7,0.2,44.6,40.9,33.8,44.6,0.0,4.0,6.0,155.0,0.0,37.4,39.1,37.9,35.1,35.7,33.6,0.0,6500.0,8.6,19.0,11.8,40.3,277.4,False
lucknow,2026-06-05,38.2,46.7,2.4,889.8,995.8,0.0,46.7,47.3,35.7,49.0,0.0,5.0,6.0,156.0,0.0,36.0,37.4,39.1,33.8,35.1,35.7,0.0,6500.0,8.6,19.0,11.8,50.2,343.7,False
lucknow,2026-06-06,34.7,50.6,3.7,914.4,995.7,0.0,50.6,40.2,33.2,43.3,0.0,6.0,6.0,157.0,0.0,38.2,36.0,37.4,35.7,33.8,35.1,0.0,6500.0,8.6,19.0,11.8,36.5,257.0,False
lucknow,2026-06-07,33.3,49.3,1.6,815.3,994.7,0.8,49.3,36.7,31.4,42.3,0.0,7.0,6.0,158.0,0.0,34.7,38.2,36.0,33.2,35.7,33.8,0.0,6500.0,8.6,19.0,11.8,26.6,175.4,False
lucknow,2026-06-08,35.0,44.8,1.5,855.5,994.8,0.8,44.8,38.8,32.5,43.7,0.0,8.0,6.0,159.0,0.0,33.3,34.7,38.2,31.4,33.2,35.7,0.0,6500.0,8.6,19.0,11.8,32.0,221.5,False
lucknow,2026-06-09,35.4,43.3,3.1,943.6,997.4,0.2,43.3,39.1,32.9,42.5,0.0,9.0,6.0,160.0,0.0,35.0,33.3,34.7,32.5,31.4,33.2,0.0,6500.0,8.6,19.0,11.8,34.1,234.8,False
lucknow,2026-06-10,34.1,50.8,1.9,952.8,997.9,0.2,50.8,38.9,33.0,43.8,0.0,10.0,6.0,161.0,0.0,35.4,35.0,33.3,32.9,32.5,31.4,0.0,6500.0,8.6,19.0,11.8,38.2,250.1,False
lucknow,2026-06-11,35.6,37.5,1.5,924.6,994.9,0.8,37.5,37.6,32.2,42.1,0.0,11.0,6.0,162.0,0.0,34.1,35.4,35.0,33.0,32.9,32.5,0.0,6500.0,8.6,19.0,11.8,34.0,217.1,False
lucknow,2026-06-12,35.3,54.6,2.4,922.5,993.8,1.4,54.6,43.4,34.4,46.7,0.0,12.0,6.0,163.0,0.0,35.6,34.1,35.4,32.2,33.0,32.9,0.0,6500.0,8.6,19.0,11.8,40.3,295.8,False
lucknow,2026-06-13,35.0,58.3,3.0,912.8,997.7,0.4,58.3,44.2,34.5,46.8,0.0,13.0,6.0,164.0,0.0,35.3,35.6,34.1,34.4,32.2,33.0,0.0,6500.0,8.6,19.0,11.8,40.5,279.7,False
lucknow,2026-06-14,38.0,45.7,2.3,998.8,991.6,0.5,45.7,46.2,35.9,48.3,0.0,14.0,6.0,165.0,0.0,35.0,35.3,35.6,34.5,34.4,32.2,0.0,6500.0,8.6,19.0,11.8,54.5,369.2,False
lucknow,2026-06-15,36.3,46.9,3.5,905.6,998.3,0.1,46.9,42.5,34.1,44.9,0.0,15.0,6.0,166.0,0.0,38.0,35.0,35.3,35.9,34.5,34.4,0.0,6500.0,8.6,19.0,11.8,39.5,271.1,False
lucknow,2026-06-16,37.5,42.0,1.4,880.2,996.0,2.6,42.0,43.2,34.4,46.8,0.0,16.0,6.0,167.0,0.0,36.3,38.0,35.0,34.1,35.9,34.5,0.0,6500.0,8.6,19.0,11.8,44.5,297.5,False
lucknow,2026-06-17,37.4,42.7,3.2,918.5,1002.1,0.1,42.7,43.3,34.5,45.3,0.0,17.0,6.0,168.0,0.0,37.5,36.3,38.0,34.4,34.1,35.9,0.0,6500.0,8.6,19.0,11.8,46.4,314.9,False
lucknow,2026-06-18,37.0,44.5,2.1,1028.5,997.2,0.0,44.5,43.1,35.0,46.3,0.0,18.0,6.0,169.0,0.0,37.4,37.5,36.3,34.5,34.4,34.1,0.0,6500.0,8.6,19.0,11.8,46.3,312.1,False
lucknow,2026-06-19,39.0,37.6,3.6,860.5,996.6,0.0,37.6,44.6,34.7,45.4,0.0,19.0,6.0,170.0,0.0,37.0,37.4,37.5,35.0,34.5,34.4,0.0,6500.0,8.6,19.0,11.8,45.2,314.1,False
lucknow,2026-06-20,38.5,39.5,3.7,933.0,999.0,0.0,39.5,44.3,35.0,45.4,0.0,20.0,6.0,171.0,0.0,39.0,37.0,37.4,34.7,35.0,34.5,0.0,6500.0,8.6,19.0,11.8,47.7,335.9,False
lucknow,2026-06-21,39.5,37.6,1.0,953.5,996.9,0.0,37.6,45.7,35.8,48.5,0.0,21.0,6.0,172.0,0.0,38.5,39.0,37.0,35.0,34.7,35.0,0.0,6500.0,8.6,19.0,11.8,57.6,399.6,False
lucknow,2026-06-22,43.1,36.1,3.3,922.1,994.5,0.0,36.1,53.9,38.3,51.5,0.0,22.0,6.0,173.0,1.0,39.5,38.5,39.0,35.8,35.0,34.7,8.1,6500.0,8.6,19.0,11.8,87.1,480.0,False
lucknow,2026-06-23,42.8,37.2,1.9,993.7,994.6,0.0,37.2,53.9,38.7,53.1,0.0,23.0,6.0,174.0,2.0,43.1,39.5,38.5,38.3,35.8,35.0,15.6,6500.0,8.6,19.0,11.8,90.3,480.0,False
lucknow,2026-06-24,42.5,40.9,2.8,984.3,994.6,0.0,40.9,55.8,39.0,53.7,0.0,24.0,6.0,175.0,3.0,42.8,43.1,39.5,38.7,38.3,35.8,22.5,6500.0,8.6,19.0,11.8,92.3,480.0,False
lucknow,2026-06-25,45.4,23.8,2.2,896.7,997.5,0.0,23.8,50.4,37.4,48.0,0.0,25.0,6.0,176.0,4.0,42.5,42.8,43.1,39.0,38.7,38.3,41.6,6500.0,8.6,19.0,11.8,98.0,480.0,False
lucknow,2026-06-26,47.5,23.2,1.5,900.3,996.4,0.0,23.2,54.4,38.9,51.1,0.0,26.0,6.0,177.0,5.0,45.4,42.5,42.8,37.4,39.0,38.7,62.5,6500.0,8.6,19.0,11.8,98.0,480.0,False
lucknow,2026-06-27,45.9,26.2,1.6,926.7,995.5,0.0,26.2,53.3,38.6,51.1,0.0,27.0,6.0,178.0,6.0,47.5,45.4,42.5,38.9,37.4,39.0,65.4,6500.0,8.6,19.0,11.8,98.0,480.0,False
lucknow,2026-06-28,45.2,34.5,3.1,1019.8,997.0,0.0,34.5,58.4,40.2,54.4,0.0,28.0,6.0,179.0,7.0,45.9,47.5,45.4,38.6,38.9,37.4,71.4,6500.0,8.6,19.0,11.8,98.0,480.0,False
nagpur,2022-03-01,27.5,57.6,1.6,664.8,1004.1,0.0,57.6,28.5,26.3,35.3,0.0,1.0,3.0,60.0,0.0,26.3,25.5,24.5,25.3,24.5,23.8,0.0,4800.0,9.1,17.2,11.5,4.9,34.1,False
nagpur,2022-03-02,28.1,60.9,2.2,782.8,1003.3,0.2,60.9,29.7,27.8,36.5,0.0,2.0,3.0,61.0,0.0,27.5,26.1,25.1,26.3,26.0,25.3,0.0,4800.0,9.1,17.2,11.5,9.5,49.3,False
nagpur,2022-03-03,27.1,57.7,2.7,743.9,1003.8,0.4,57.7,28.0,26.3,34.1,0.0,3.0,3.0,62.0,0.0,28.1,27.5,24.1,27.8,26.3,23.8,0.0,4800.0,9.1,17.2,11.5,5.4,30.5,False
nagpur,2022-03-04,27.6,58.7,1.2,720.2,1001.7,0.7,58.7,28.8,26.9,35.9,0.0,4.0,3.0,63.0,0.0,27.1,28.1,27.5,26.3,27.8,26.3,0.0,4800.0,9.1,17.2,11.5,9.4,41.1,False
nagpur,2022-03-05,28.6,50.4,1.8,696.0,1003.4,1.2,50.4,29.2,26.7,35.4,0.0,5.0,3.0,64.0,0.0,27.6,27.1,28.1,26.9,26.3,27.8,0.0,4800.0,9.1,17.2,11.5,7.6,36.3,False
nagpur,2022-03-06,28.0,54.2,2.2,782.3,1002.0,2.9,54.2,28.8,27.0,35.0,0.0,6.0,3.0,65.0,0.0,28.6,27.6,27.1,26.7,26.9,26.3,0.0,4800.0,9.1,17.2,11.5,9.7,40.3,False
nagpur,2022-03-07,27.3,65.8,2.2,694.3,1002.1,0.1,65.8,29.0,27.1,36.1,0.0,7.0,3.0,66.0,0.0,28.0,28.6,27.6,27.0,26.7,26.9,0.0,4800.0,9.1,17.2,11.5,6.9,35.0,False
nagpur,2022-03-08,27.7,58.4,3.4,849.6,1005.3,0.3,58.4,28.9,27.4,34.7,0.0,8.0,3.0,67.0,0.0,27.3,28.0,28.6,27.1,27.0,26.7,0.0,4800.0,9.1,17.2,11.5,8.6,40.9,False
nagpur,2022-03-09,27.2,61.9,2.3,667.0,1005.2,0.5,61.9,28.5,26.5,35.2,0.0,9.0,3.0,68.0,0.0,27.7,27.3,28.0,27.4,27.1,27.0,0.0,4800.0,9.1,17.2,11.5,7.0,45.7,False
nagpur,2022-03-10,29.1,52.3,1.6,674.4,1000.4,2.1,52.3,30.1,27.2,36.6,0.0,10.0,3.0,69.0,0.0,27.2,27.7,27.3,26.5,27.4,27.1,0.0,4800.0,9.1,17.2,11.5,7.0,41.0,False
nagpur,2022-03-11,27.7,57.2,3.4,772.0,999.8,0.3,57.2,28.7,26.9,34.5,0.0,11.0,3.0,70.0,0.0,29.1,27.2,27.7,27.2,26.5,27.4,0.0,4800.0,9.1,17.2,11.5,8.7,52.0,False
nagpur,2022-03-12,28.3,65.3,2.6,776.4,999.5,0.1,65.3,30.6,28.4,37.4,0.0,12.0,3.0,71.0,0.0,27.7,29.1,27.2,26.9,27.2,26.5,0.0,4800.0,9.1,17.2,11.5,12.8,62.9,False
nagpur,2022-03-13,27.5,55.9,2.6,716.8,1002.2,0.2,55.9,28.4,26.3,34.4,0.0,13.0,3.0,72.0,0.0,28.3,27.7,29.1,28.4,26.9,27.2,0.0,4800.0,9.1,17.2,11.5,8.9,54.5,False
nagpur,2022-03-14,28.8,60.4,3.5,688.8,1005.1,0.5,60.4,30.8,27.9,36.6,0.0,14.0,3.0,73.0,0.0,27.5,28.3,27.7,26.3,28.4,26.9,0.0,4800.0,9.1,17.2,11.5,9.3,46.8,False
nagpur,2022-03-15,28.2,51.6,2.3,723.5,1000.4,0.2,51.6,28.8,26.5,34.8,0.0,15.0,3.0,74.0,0.0,28.8,27.5,28.3,27.9,26.3,28.4,0.0,4800.0,9.1,17.2,11.5,6.0,37.1,False
nagpur,2022-03-16,27.8,56.4,2.0,911.2,1002.5,0.1,56.4,28.8,27.7,35.3,0.0,16.0,3.0,75.0,0.0,28.2,28.8,27.5,26.5,27.9,26.3,0.0,4800.0,9.1,17.2,11.5,6.5,42.6,False
nagpur,2022-03-17,28.7,59.4,3.6,761.2,1000.1,0.2,59.4,30.5,28.0,36.2,0.0,17.0,3.0,76.0,0.0,27.8,28.2,28.8,27.7,26.5,27.9,0.0,4800.0,9.1,17.2,11.5,9.0,45.9,False
nagpur,2022-03-18,27.9,60.6,3.0,781.6,1002.8,0.1,60.6,29.4,27.5,35.6,0.0,18.0,3.0,77.0,0.0,28.7,27.8,28.2,28.0,27.7,26.5,0.0,4800.0,9.1,17.2,11.5,9.8,51.3,False
nagpur,2022-03-19,28.6,56.5,2.8,817.5,1002.3,1.1,56.5,29.9,27.9,36.0,0.0,19.0,3.0,78.0,0.0,27.9,28.7,27.8,27.5,28.0,27.7,0.0,4800.0,9.1,17.2,11.5,7.2,41.6,False
nagpur,2022-03-20,30.1,55.2,1.7,840.5,999.9,0.7,55.2,32.1,29.3,38.7,0.0,20.0,3.0,79.0,0.0,28.6,27.9,28.7,27.9,27.5,28.0,0.0,4800.0,9.1,17.2,11.5,14.2,92.5,False
nagpur,2022-03-21,30.1,60.5,2.5,790.3,1003.2,0.9,60.5,33.1,29.6,39.3,0.0,21.0,3.0,80.0,0.0,30.1,28.6,27.9,29.3,27.9,27.5,0.0,4800.0,9.1,17.2,11.5,14.2,106.5,False
nagpur,2022-03-22,27.7,58.3,3.4,756.7,1000.0,0.0,58.3,28.9,27.0,34.7,0.0,22.0,3.0,81.0,0.0,30.1,30.1,28.6,29.6,29.3,27.9,0.0,4800.0,9.1,17.2,11.5,6.8,39.9,False
nagpur,2022-03-23,27.9,54.0,0.8,847.8,1000.1,0.1,54.0,28.7,27.3,35.7,0.0,23.0,3.0,82.0,0.0,27.7,30.1,30.1,27.0,29.6,29.3,0.0,4800.0,9.1,17.2,11.5,7.9,31.7,False
nagpur,2022-03-24,28.8,55.3,2.4,804.0,1002.1,0.1,55.3,30.1,27.9,36.3,0.0,24.0,3.0,83.0,0.0,27.9,27.7,30.1,27.3,27.0,29.6,0.0,4800.0,9.1,17.2,11.5,6.5,45.9,False
nagpur,2022-03-25,29.9,58.4,2.4,865.7,1000.4,1.3,58.4,32.3,29.6,38.6,0.0,25.0,3.0,84.0,0.0,28.8,27.9,27.7,27.9,27.3,27.0,0.0,4800.0,9.1,17.2,11.5,16.4,98.4,False
nagpur,2022-03-26,29.4,57.3,2.8,776.4,1000.3,1.9,57.3,31.3,28.5,37.4,0.0,26.0,3.0,85.0,0.0,29.9,28.8,27.9,29.6,27.9,27.3,0.0,4800.0,9.1,17.2,11.5,11.5,63.2,False
nagpur,2022-03-27,27.4,58.1,3.0,883.6,998.3,0.8,58.1,28.4,27.3,34.4,0.0,27.0,3.0,86.0,0.0,29.4,29.9,28.8,28.5,29.6,27.9,0.0,4800.0,9.1,17.2,11.5,7.0,34.8,False
nagpur,2022-03-28,28.9,53.1,2.5,777.0,999.6,1.0,53.1,29.9,27.6,35.9,0.0,28.0,3.0,87.0,0.0,27.4,29.4,29.9,27.3,28.5,29.6,0.0,4800.0,9.1,17.2,11.5,5.8,30.2,False
nagpur,2022-03-29,30.9,55.2,2.6,784.2,1001.2,0.6,55.2,33.5,29.7,39.3,0.0,29.0,3.0,88.0,0.0,28.9,27.4,29.4,27.6,27.3,28.5,0.0,4800.0,9.1,17.2,11.5,17.4,110.5,False
nagpur,2022-03-30,29.9,53.3,3.2,809.2,997.8,0.3,53.3,31.4,28.7,37.0,0.0,30.0,3.0,89.0,0.0,30.9,28.9,27.4,29.7,27.6,27.3,0.0,4800.0,9.1,17.2,11.5,12.8,69.7,False
nagpur,2022-03-31,29.0,54.0,3.7,729.0,1000.7,0.3,54.0,30.2,27.5,35.6,0.0,31.0,3.0,90.0,0.0,29.9,30.9,28.9,28.7,29.7,27.6,0.0,4800.0,9.1,17.2,11.5,7.5,40.5,False
nagpur,2022-04-01,30.2,51.9,2.2,802.1,1000.2,0.1,51.9,31.7,28.8,37.8,0.0,1.0,4.0,91.0,0.0,29.0,29.9,30.9,27.5,28.7,29.7,0.0,4800.0,9.1,17.2,11.5,14.2,72.2,False
nagpur,2022-04-02,28.7,54.7,2.2,840.3,1000.1,0.5,54.7,29.8,28.0,36.2,0.0,2.0,4.0,92.0,0.0,30.2,29.0,29.9,28.8,27.5,28.7,0.0,4800.0,9.1,17.2,11.5,8.3,43.0,False
nagpur,2022-04-03,29.4,56.5,3.7,798.8,1001.8,1.0,56.5,31.1,28.5,36.6,0.0,3.0,4.0,93.0,0.0,28.7,30.2,29.0,28.0,28.8,27.5,0.0,4800.0,9.1,17.2,11.5,11.0,63.2,False
nagpur,2022-04-04,29.6,56.6,2.9,744.2,1003.2,1.0,56.6,31.5,28.5,37.4,0.0,4.0,4.0,94.0,0.0,29.4,28.7,30.2,28.5,28.0,28.8,0.0,4800.0,9.1,17.2,11.5,7.6,50.9,False
nagpur,2022-04-05,30.2,48.0,4.2,809.6,996.3,0.2,48.0,31.0,28.3,35.7,0.0,5.0,4.0,95.0,0.0,29.6,29.4,28.7,28.5,28.5,28.0,0.0,4800.0,9.1,17.2,11.5,9.7,62.7,False
nagpur,2022-04-06,30.0,59.2,3.0,788.2,997.4,0.5,59.2,32.7,29.4,38.6,0.0,6.0,4.0,96.0,0.0,30.2,29.6,29.4,28.3,28.5,28.5,0.0,4800.0,9.1,17.2,11.5,15.8,103.7,False
nagpur,2022-04-07,29.5,62.6,2.2,801.1,998.5,2.0,62.6,32.4,29.4,39.0,0.0,7.0,4.0,97.0,0.0,30.0,30.2,29.6,29.4,28.3,28.5,0.0,4800.0,9.1,17.2,11.5,14.7,96.7,False
nagpur,2022-04-08,29.1,51.5,3.5,849.7,1000.2,0.8,51.5,30.0,27.9,35.3,0.0,8.0,4.0,98.0,0.0,29.5,30.0,30.2,29.4,29.4,28.3,0.0,4800.0,9.1,17.2,11.5,10.2,45.4,False
nagpur,2022-04-09,29.9,57.5,2.6,833.3,1002.8,0.5,57.5,32.2,29.3,38.3,0.0,9.0,4.0,99.0,0.0,29.1,29.5,30.0,27.9,29.4,29.4,0.0,4800.0,9.1,17.2,11.5,14.6,96.0,False
nagpur,2022-04-10,29.8,58.6,0.6,765.7,1002.0,0.1,58.6,32.2,29.2,39.8,0.0,10.0,4.0,100.0,0.0,29.9,29.1,29.5,29.3,27.9,29.4,0.0,4800.0,9.1,17.2,11.5,13.9,85.8,False
nagpur,2022-04-11,30.4,56.2,3.7,792.6,1000.2,0.1,56.2,32.8,29.4,38.1,0.0,11.0,4.0,101.0,0.0,29.8,29.9,29.1,29.2,29.3,27.9,0.0,4800.0,9.1,17.2,11.5,15.1,94.1,False
nagpur,2022-04-12,31.4,60.8,3.3,928.6,998.1,0.1,60.8,35.9,31.5,41.0,0.0,12.0,4.0,102.0,0.0,30.4,29.8,29.9,29.4,29.2,29.3,0.0,4800.0,9.1,17.2,11.5,25.7,178.1,False
nagpur,2022-04-13,31.6,50.7,2.1,840.3,1001.0,0.5,50.7,33.8,30.1,39.7,0.0,13.0,4.0,103.0,0.0,31.4,30.4,29.8,31.5,29.4,29.2,0.0,4800.0,9.1,17.2,11.5,16.9,113.7,False
nagpur,2022-04-14,31.4,51.0,1.9,874.3,997.2,0.1,51.0,33.5,30.1,39.6,0.0,14.0,4.0,104.0,0.0,31.6,31.4,30.4,30.1,31.5,29.4,0.0,4800.0,9.1,17.2,11.5,19.3,122.5,False
nagpur,2022-04-15,31.7,52.2,1.9,854.3,1001.0,0.7,52.2,34.3,30.5,40.3,0.0,15.0,4.0,105.0,0.0,31.4,31.6,31.4,30.1,30.1,31.5,0.0,4800.0,9.1,17.2,11.5,20.5,127.3,False
nagpur,2022-04-16,35.1,47.6,2.9,815.3,998.8,0.5,47.6,40.0,32.7,43.6,0.0,16.0,4.0,106.0,0.0,31.7,31.4,31.6,30.5,30.1,30.1,0.0,4800.0,9.1,17.2,11.5,36.5,234.5,False
nagpur,2022-04-17,34.0,53.9,1.9,785.8,1000.1,1.0,53.9,39.8,32.4,44.6,0.0,17.0,4.0,107.0,0.0,35.1,31.7,31.4,32.7,30.5,30.1,0.0,4800.0,9.1,17.2,11.5,32.6,219.7,False
nagpur,2022-04-18,34.0,51.1,4.2,811.0,998.8,0.3,51.1,38.8,32.1,42.0,0.0,18.0,4.0,108.0,0.0,34.0,35.1,31.7,32.4,32.7,30.5,0.0,4800.0,9.1,17.2,11.5,29.4,196.0,False
nagpur,2022-04-19,35.0,51.2,3.8,822.5,998.1,0.1,51.2,41.2,33.1,43.9,0.0,19.0,4.0,109.0,0.0,34.0,34.0,35.1,32.1,32.4,32.7,0.0,4800.0,9.1,17.2,11.5,37.9,245.2,False
nagpur,2022-04-20,33.3,51.1,3.4,754.6,1000.3,0.4,51.1,37.2,31.2,41.5,0.0,20.0,4.0,110.0,0.0,35.0,34.0,34.0,33.1,32.1,32.4,0.0,4800.0,9.1,17.2,11.5,26.1,164.9,False
nagpur,2022-04-21,33.2,49.6,2.6,817.3,1004.4,0.1,49.6,36.6,31.3,41.5,0.0,21.0,4.0,111.0,0.0,33.3,35.0,34.0,31.2,33.1,32.1,0.0,4800.0,9.1,17.2,11.5,26.7,174.3,False
nagpur,2022-04-22,32.1,56.9,2.7,817.7,1001.1,0.4,56.9,36.4,31.2,41.6,0.0,22.0,4.0,112.0,0.0,33.2,33.3,35.0,31.3,31.2,33.1,0.0,4800.0,9.1,17.2,11.5,27.5,186.7,False
nagpur,2022-04-23,32.5,44.5,3.1,906.6,998.9,0.1,44.5,34.0,30.4,38.7,0.0,23.0,4.0,113.0,0.0,32.1,33.2,33.3,31.2,31.3,31.2,0.0,4800.0,9.1,17.2,11.5,22.4,136.6,False
nagpur,2022-04-24,34.5,45.7,2.8,814.5,999.7,0.2,45.7,38.0,31.9,42.2,0.0,24.0,4.0,114.0,0.0,32.5,32.1,33.2,30.4,31.2,31.3,0.0,4800.0,9.1,17.2,11.5,30.4,204.2,False
nagpur,2022-04-25,31.6,53.6,2.5,819.2,993.4,0.6,53.6,34.5,30.3,40.1,0.0,25.0,4.0,115.0,0.0,34.5,32.5,32.1,31.9,30.4,31.2,0.0,4800.0,9.1,17.2,11.5,20.4,131.8,False
nagpur,2022-04-26,32.4,45.8,2.4,918.2,998.0,0.4,45.8,34.1,30.6,39.4,0.0,26.0,4.0,116.0,0.0,31.6,34.5,32.5,30.3,31.9,30.4,0.0,4800.0,9.1,17.2,11.5,21.6,147.2,False
nagpur,2022-04-27,30.4,53.8,1.3,830.2,1000.6,2.4,53.8,32.3,29.4,39.1,0.0,27.0,4.0,117.0,0.0,32.4,31.6,34.5,30.6,30.3,31.9,0.0,4800.0,9.1,17.2,11.5,17.0,106.4,False
nagpur,2022-04-28,31.6,58.7,2.8,911.9,1000.3,0.4,58.7,35.8,31.4,41.2,0.0,28.0,4.0,118.0,0.0,30.4,32.4,31.6,29.4,30.6,30.3,0.0,4800.0,9.1,17.2,11.5,23.6,174.0,False
nagpur,2022-04-29,30.4,55.1,2.3,828.0,998.8,0.2,55.1,32.6,29.5,38.7,0.0,29.0,4.0,119.0,0.0,31.6,30.4,32.4,31.4,29.4,30.6,0.0,4800.0,9.1,17.2,11.5,14.5,97.3,False
nagpur,2022-04-30,30.6,55.7,1.7,769.9,1000.3,0.6,55.7,33.1,29.5,39.6,0.0,30.0,4.0,120.0,0.0,30.4,31.6,30.4,29.5,31.4,29.4,0.0,4800.0,9.1,17.2,11.5,18.1,107.6,False
nagpur,2022-05-01,27.6,51.9,2.0,889.7,1000.5,0.2,51.9,28.2,26.9,34.2,0.0,1.0,5.0,121.0,0.0,30.6,30.4,31.6,29.5,29.5,31.4,0.0,4800.0,9.1,17.2,11.5,4.8,23.5,False
nagpur,2022-05-02,29.7,56.6,2.9,838.2,1004.0,0.1,56.6,31.7,29.0,37.6,0.0,2.0,5.0,122.0,0.0,27.6,30.6,30.4,26.9,29.5,29.5,0.0,4800.0,9.1,17.2,11.5,12.8,82.7,False
nagpur,2022-05-03,29.3,49.0,3.3,892.4,999.3,0.2,49.0,29.9,28.0,35.2,0.0,3.0,5.0,123.0,0.0,29.7,27.6,30.6,29.0,26.9,29.5,0.0,4800.0,9.1,17.2,11.5,8.5,44.4,False
nagpur,2022-05-04,29.9,51.9,3.7,906.3,996.1,0.6,51.9,31.2,29.0,36.4,0.0,4.0,5.0,124.0,0.0,29.3,29.7,27.6,28.0,29.0,26.9,0.0,4800.0,9.1,17.2,11.5,11.5,73.2,False
nagpur,2022-05-05,28.0,57.7,2.9,792.3,999.5,0.8,57.7,29.2,27.4,35.3,0.0,5.0,5.0,125.0,0.0,29.9,29.3,29.7,29.0,28.0,29.0,0.0,4800.0,9.1,17.2,11.5,7.2,40.9,False
nagpur,2022-05-06,29.6,55.7,1.9,845.0,998.7,0.8,55.7,31.3,28.9,37.9,0.0,6.0,5.0,126.0,0.0,28.0,29.9,29.3,27.4,29.0,28.0,0.0,4800.0,9.1,17.2,11.5,10.5,71.7,False
nagpur,2022-05-07,28.7,52.3,1.5,840.7,1002.8,0.8,52.3,29.5,27.7,36.1,0.0,7.0,5.0,127.0,0.0,29.6,28.0,29.9,28.9,27.4,29.0,0.0,4800.0,9.1,17.2,11.5,8.3,41.2,False
nagpur,2022-05-08,30.9,55.3,1.8,805.1,995.7,0.8,55.3,33.5,29.9,39.9,0.0,8.0,5.0,128.0,0.0,28.7,29.6,28.0,27.7,28.9,27.4,0.0,4800.0,9.1,17.2,11.5,18.4,115.4,False
nagpur,2022-05-09,30.8,59.9,2.3,924.0,995.7,0.0,59.9,34.4,30.9,40.5,0.0,9.0,5.0,129.0,0.0,30.9,28.7,29.6,29.9,27.7,28.9,0.0,4800.0,9.1,17.2,11.5,22.0,152.7,False
nagpur,2022-05-10,30.5,58.4,3.1,841.9,998.2,0.2,58.4,33.5,30.0,39.1,0.0,10.0,5.0,130.0,0.0,30.8,30.9,28.7,30.9,29.9,27.7,0.0,4800.0,9.1,17.2,11.5,17.8,120.3,False
nagpur,2022-05-11,31.3,54.0,4.0,853.5,999.7,0.4,54.0,34.0,30.2,38.7,0.0,11.0,5.0,131.0,0.0,30.5,30.8,30.9,30.0,30.9,29.9,0.0,4800.0,9.1,17.2,11.5,13.9,109.3,False
nagpur,2022-05-12,30.8,53.0,2.3,949.4,999.2,0.5,53.0,32.9,30.2,38.9,0.0,12.0,5.0,132.0,0.0,31.3,30.5,30.8,30.2,30.0,30.9,0.0,4800.0,9.1,17.2,11.5,20.0,130.5,False
nagpur,2022-05-13,33.1,55.2,1.2,877.9,995.9,0.1,55.2,38.1,32.3,44.0,0.0,13.0,5.0,133.0,0.0,30.8,31.3,30.5,30.2,30.2,30.0,0.0,4800.0,9.1,17.2,11.5,31.6,221.9,False
nagpur,2022-05-14,32.2,49.3,3.2,890.1,998.7,0.8,49.3,34.6,30.7,39.4,0.0,14.0,5.0,134.0,0.0,33.1,30.8,31.3,32.3,30.2,30.2,0.0,4800.0,9.1,17.2,11.5,21.1,144.6,False
nagpur,2022-05-15,34.6,43.5,2.3,973.7,997.5,0.9,43.5,37.5,32.5,42.0,0.0,15.0,5.0,135.0,0.0,32.2,33.1,30.8,30.7,32.3,30.2,0.0,4800.0,9.1,17.2,11.5,35.9,228.0,False
nagpur,2022-05-16,36.3,40.3,2.6,925.5,994.1,0.1,40.3,39.9,33.2,43.2,0.0,16.0,5.0,136.0,0.0,34.6,32.2,33.1,32.5,30.7,32.3,0.0,4800.0,9.1,17.2,11.5,35.9,250.4,False
nagpur,2022-05-17,35.7,49.5,2.7,856.0,997.5,0.0,49.5,42.2,33.7,45.4,0.0,17.0,5.0,137.0,0.0,36.3,34.6,32.2,33.2,32.5,30.7,0.0,4800.0,9.1,17.2,11.5,39.2,268.9,False
nagpur,2022-05-18,36.0,50.4,2.7,899.7,996.5,0.1,50.4,43.3,34.3,46.3,0.0,18.0,5.0,138.0,0.0,35.7,36.3,34.6,33.7,33.2,32.5,0.0,4800.0,9.1,17.2,11.5,41.6,277.1,False
nagpur,2022-05-19,36.8,41.4,2.1,845.6,1000.0,0.1,41.4,41.3,33.4,44.8,0.0,19.0,5.0,139.0,0.0,36.0,35.7,36.3,34.3,33.7,33.2,0.0,4800.0,9.1,17.2,11.5,37.2,256.0,False
nagpur,2022-05-20,40.7,43.2,3.3,941.8,996.0,0.0,43.2,52.2,37.6,51.1,0.0,20.0,5.0,140.0,1.0,36.8,36.0,35.7,33.4,34.3,33.7,5.7,4800.0,9.1,17.2,11.5,71.1,480.0,False
nagpur,2022-05-21,40.4,37.2,1.5,863.5,997.5,0.0,37.2,47.7,36.0,49.3,0.0,21.0,5.0,141.0,2.0,40.7,36.8,36.0,37.6,33.4,34.3,10.8,4800.0,9.1,17.2,11.5,65.6,460.8,False
nagpur,2022-05-22,38.8,44.5,2.0,878.9,999.3,0.0,44.5,47.7,35.9,49.5,0.0,22.0,5.0,142.0,0.0,40.4,40.7,36.8,36.0,37.6,33.4,0.0,4800.0,9.1,17.2,11.5,53.2,371.7,False
nagpur,2022-05-23,40.6,35.7,2.2,916.1,1002.0,0.0,35.7,47.3,36.1,48.2,0.0,23.0,5.0,143.0,1.0,38.8,40.4,40.7,35.9,36.0,37.6,5.6,4800.0,9.1,17.2,11.5,65.2,457.3,False
nagpur,2022-05-24,40.9,34.4,2.6,888.5,998.4,0.0,34.4,47.3,35.9,47.6,0.0,24.0,5.0,144.0,2.0,40.6,38.8,40.4,36.1,35.9,36.0,11.8,4800.0,9.1,17.2,11.5,66.7,470.4,False
nagpur,2022-05-25,40.3,39.8,1.5,875.7,1000.5,0.0,39.8,48.9,36.4,50.4,0.0,25.0,5.0,145.0,3.0,40.9,40.6,38.8,35.9,36.1,35.9,15.9,4800.0,9.1,17.2,11.5,69.7,480.0,False
nagpur,2022-05-26,42.6,30.7,1.6,979.0,997.8,0.0,30.7,49.0,37.1,49.2,0.0,26.0,5.0,146.0,4.0,40.3,40.9,40.6,36.4,35.9,36.1,30.4,4800.0,9.1,17.2,11.5,83.6,480.0,False
nagpur,2022-05-27,41.2,40.4,1.6,888.0,997.0,0.0,40.4,51.7,37.4,52.3,0.0,27.0,5.0,147.0,5.0,42.6,40.3,40.9,37.1,36.4,35.9,31.0,4800.0,9.1,17.2,11.5,82.9,480.0,False
nagpur,2022-05-28,41.9,40.8,2.2,885.8,997.3,0.0,40.8,54.0,38.0,53.2,0.0,28.0,5.0,148.0,6.0,41.2,42.6,40.3,37.4,37.1,36.4,41.4,4800.0,9.1,17.2,11.5,89.5,480.0,False
nagpur,2022-05-29,40.1,46.3,3.3,945.1,998.3,0.0,46.3,52.5,37.6,51.5,0.0,29.0,5.0,149.0,7.0,41.9,41.2,42.6,38.0,37.4,37.1,35.7,4800.0,9.1,17.2,11.5,82.2,480.0,False
nagpur,2022-05-30,41.1,33.3,3.0,1016.1,999.6,0.0,33.3,47.1,36.5,47.0,0.0,30.0,5.0,150.0,8.0,40.1,41.9,41.2,37.6,38.0,37.4,48.8,4800.0,9.1,17.2,11.5,85.9,480.0,False
nagpur,2022-05-31,40.8,35.9,3.1,934.4,998.0,0.0,35.9,47.9,36.3,47.8,0.0,31.0,5.0,151.0,9.0,41.1,40.1,41.9,36.5,37.6,38.0,52.2,4800.0,9.1,17.2,11.5,86.3,480.0,False
nagpur,2022-06-01,39.2,41.6,1.7,914.7,994.0,0.0,41.6,47.1,35.9,49.2,0.0,1.0,6.0,152.0,0.0,40.8,41.1,40.1,36.3,36.5,37.6,0.0,4800.0,9.1,17.2,11.5,57.2,394.8,False
nagpur,2022-06-02,38.4,39.1,2.3,939.4,998.4,0.0,39.1,43.9,34.9,46.2,0.0,2.0,6.0,153.0,0.0,39.2,40.8,41.1,35.9,36.3,36.5,0.0,4800.0,9.1,17.2,11.5,46.1,319.1,False
nagpur,2022-06-03,39.1,38.5,2.5,912.9,997.9,0.0,38.5,45.2,35.3,46.9,0.0,3.0,6.0,154.0,0.0,38.4,39.2,40.8,34.9,35.9,36.3,0.0,4800.0,9.1,17.2,11.5,53.3,360.8,False
nagpur,2022-06-04,36.1,43.6,3.9,1009.4,1000.9,0.2,43.6,40.7,33.9,43.1,0.0,4.0,6.0,155.0,0.0,39.1,38.4,39.2,35.3,34.9,35.9,0.0,4800.0,9.1,17.2,11.5,36.4,252.6,False
nagpur,2022-06-05,38.7,40.3,4.3,858.3,996.6,0.0,40.3,45.2,34.9,45.5,0.0,5.0,6.0,156.0,0.0,36.1,39.1,38.4,33.9,35.3,34.9,0.0,4800.0,9.1,17.2,11.5,49.1,340.7,False
nagpur,2022-06-06,36.9,42.1,2.7,980.5,998.7,1.0,42.1,41.9,34.3,44.7,0.0,6.0,6.0,157.0,0.0,38.7,36.1,39.1,34.9,33.9,35.3,0.0,4800.0,9.1,17.2,11.5,40.7,282.4,False
nagpur,2022-06-07,37.5,42.8,3.8,938.4,996.1,0.0,42.8,43.5,34.7,45.0,0.0,7.0,6.0,158.0,0.0,36.9,38.7,36.1,34.3,34.9,33.9,0.0,4800.0,9.1,17.2,11.5,44.5,316.9,False
nagpur,2022-06-08,36.8,47.6,1.8,897.0,999.6,0.7,47.6,44.1,34.7,47.4,0.0,8.0,6.0,159.0,0.0,37.5,36.9,38.7,34.7,34.3,34.9,0.0,4800.0,9.1,17.2,11.5,47.0,312.5,False
nagpur,2022-06-09,35.2,40.2,2.1,891.5,998.1,0.3,40.2,37.7,32.1,42.0,0.0,9.0,6.0,160.0,0.0,36.8,37.5,36.9,34.7,34.7,34.3,0.0,4800.0,9.1,17.2,11.5,30.6,203.1,False
nagpur,2022-06-10,35.3,39.8,2.2,957.0,995.2,0.0,39.8,37.7,32.4,41.9,0.0,10.0,6.0,161.0,0.0,35.2,36.8,37.5,32.1,34.7,34.7,0.0,4800.0,9.1,17.2,11.5,34.0,225.2,False
nagpur,2022-06-11,36.8,38.8,3.5,985.1,992.9,0.9,38.8,40.3,33.7,42.7,0.0,11.0,6.0,162.0,0.0,35.3,35.2,36.8,32.4,32.1,34.7,0.0,4800.0,9.1,17.2,11.5,37.9,260.4,False
nagpur,2022-06-12,37.3,44.7,1.8,914.3,996.0,0.7,44.7,43.9,34.8,47.2,0.0,12.0,6.0,163.0,0.0,36.8,35.3,35.2,33.7,32.4,32.1,0.0,4800.0,9.1,17.2,11.5,46.6,313.7,False
nagpur,2022-06-13,35.5,50.0,3.2,965.9,994.2,0.4,50.0,41.9,34.1,44.8,0.0,13.0,6.0,164.0,0.0,37.3,36.8,35.3,34.8,33.7,32.4,0.0,4800.0,9.1,17.2,11.5,40.5,282.7,False
nagpur,2022-06-14,37.3,46.1,1.7,1019.3,993.7,0.7,46.1,44.6,35.5,47.8,0.0,14.0,6.0,165.0,0.0,35.5,37.3,36.8,34.1,34.8,33.7,0.0,4800.0,9.1,17.2,11.5,50.9,347.4,False
nagpur,2022-06-15,37.9,49.1,2.7,913.9,993.3,0.7,49.1,47.8,35.9,49.2,0.0,15.0,6.0,166.0,0.0,37.3,35.5,37.3,35.5,34.1,34.8,0.0,4800.0,9.1,17.2,11.5,51.0,351.9,False
nagpur,2022-06-16,38.0,42.4,2.6,918.1,999.5,0.2,42.4,44.6,35.0,46.7,0.0,16.0,6.0,167.0,0.0,37.9,37.3,35.5,35.9,35.5,34.1,0.0,4800.0,9.1,17.2,11.5,45.7,316.8,False
nagpur,2022-06-17,38.9,49.6,2.6,919.2,996.1,0.0,49.6,51.0,36.9,51.4,0.0,17.0,6.0,168.0,0.0,38.0,37.9,37.3,35.0,35.9,35.5,0.0,4800.0,9.1,17.2,11.5,60.2,417.0,False
nagpur,2022-06-18,39.1,43.2,2.7,954.5,997.4,0.0,43.2,47.8,36.3,48.8,0.0,18.0,6.0,169.0,0.0,38.9,38.0,37.9,36.9,35.0,35.9,0.0,4800.0,9.1,17.2,11.5,54.8,395.7,False
nagpur,2022-06-19,39.0,37.1,1.6,955.0,996.1,0.0,37.1,44.3,35.2,46.9,0.0,19.0,6.0,170.0,0.0,39.1,38.9,38.0,36.3,36.9,35.0,0.0,4800.0,9.1,17.2,11.5,48.5,348.8,False
nagpur,2022-06-20,39.1,41.9,2.7,979.3,1000.0,0.0,41.9,47.0,36.2,48.2,0.0,20.0,6.0,171.0,0.0,39.0,39.1,38.9,35.2,36.3,36.9,0.0,4800.0,9.1,17.2,11.5,54.9,390.6,False
nagpur,2022-06-21,41.1,40.1,2.7,919.0,995.5,0.0,40.1,51.2,37.3,50.8,0.0,21.0,6.0,172.0,1.0,39.1,39.0,39.1,36.2,35.2,36.3,6.1,4800.0,9.1,17.2,11.5,71.1,480.0,False
nagpur,2022-06-22,42.8,39.5,2.3,905.5,994.2,0.0,39.5,55.6,38.6,54.0,0.0,22.0,6.0,173.0,2.0,41.1,39.1,39.0,37.3,36.2,35.2,15.6,4800.0,9.1,17.2,11.5,89.1,480.0,False
nagpur,2022-06-23,45.0,27.3,2.7,1018.3,997.5,0.0,27.3,52.1,38.5,49.4,0.0,23.0,6.0,174.0,3.0,42.8,41.1,39.1,38.6,37.3,36.2,30.0,4800.0,9.1,17.2,11.5,98.0,480.0,False
nagpur,2022-06-24,42.7,39.0,3.7,919.7,994.0,0.0,39.0,54.9,38.5,52.1,0.0,24.0,6.0,175.0,4.0,45.0,42.8,41.1,38.5,38.6,37.3,30.8,4800.0,9.1,17.2,11.5,88.4,480.0,False
nagpur,2022-06-25,44.8,39.2,3.0,958.6,995.4,0.0,39.2,61.4,40.5,56.9,0.0,25.0,6.0,176.0,5.0,42.7,45.0,42.8,38.5,38.5,38.6,49.0,4800.0,9.1,17.2,11.5,98.0,480.0,False
nagpur,2022-06-26,45.9,22.7,2.0,902.1,995.1,0.0,22.7,50.7,37.5,48.0,0.0,26.0,6.0,177.0,6.0,44.8,42.7,45.0,40.5,38.5,38.5,65.4,4800.0,9.1,17.2,11.5,98.0,480.0,False
nagpur,2022-06-27,46.4,35.7,1.9,1039.9,994.8,0.0,35.7,63.1,41.7,59.0,0.0,27.0,6.0,178.0,7.0,45.9,44.8,42.7,37.5,40.5,38.5,79.8,4800.0,9.1,17.2,11.5,98.0,480.0,False
nagpur,2022-06-28,47.2,31.0,2.8,910.7,993.8,0.0,31.0,60.8,40.6,55.7,0.0,28.0,6.0,179.0,8.0,46.4,45.9,44.8,41.7,37.5,40.5,97.6,4800.0,9.1,17.2,11.5,98.0,480.0,False
nagpur,2023-03-01,28.7,50.5,2.3,743.6,1002.9,0.1,50.5,29.3,27.0,35.2,0.0,1.0,3.0,60.0,0.0,47.2,46.4,45.9,40.6,41.7,37.5,0.0,4800.0,9.1,17.2,11.5,3.6,21.1,False
nagpur,2023-03-02,28.2,60.3,2.6,782.1,1000.5,0.0,60.3,29.8,27.8,36.3,0.0,2.0,3.0,61.0,0.0,28.7,47.2,46.4,27.0,40.6,41.7,0.0,4800.0,9.1,17.2,11.5,6.4,35.5,False
nagpur,2023-03-03,27.0,57.6,1.5,661.7,1003.9,1.3,57.6,27.9,25.9,34.6,0.0,3.0,3.0,62.0,0.0,28.2,28.7,47.2,27.8,27.0,40.6,0.0,4800.0,9.1,17.2,11.5,5.7,28.0,False
nagpur,2023-03-04,27.6,61.4,2.1,684.1,1006.4,0.1,61.4,29.0,26.9,35.9,0.0,4.0,3.0,63.0,0.0,27.0,28.2,28.7,25.9,27.8,27.0,0.0,4800.0,9.1,17.2,11.5,5.1,30.2,False
nagpur,2023-03-05,28.1,54.4,2.1,686.3,1002.0,0.2,54.4,29.0,26.6,35.3,0.0,5.0,3.0,64.0,0.0,27.6,27.0,28.2,26.9,25.9,27.8,0.0,4800.0,9.1,17.2,11.5,9.2,49.9,False
nagpur,2023-03-06,27.5,56.4,4.3,725.4,999.5,1.6,56.4,28.4,26.4,33.6,0.0,6.0,3.0,65.0,0.0,28.1,27.6,27.0,26.6,26.9,25.9,0.0,4800.0,9.1,17.2,11.5,3.9,30.3,False
nagpur,2023-03-07,29.6,56.1,1.7,734.3,1005.2,0.6,56.1,31.4,28.4,38.1,0.0,7.0,3.0,66.0,0.0,27.5,28.1,27.6,26.4,26.6,26.9,0.0,4800.0,9.1,17.2,11.5,11.2,60.6,False
nagpur,2023-03-08,29.0,64.5,1.7,789.4,1005.6,0.1,64.5,31.8,29.1,39.0,0.0,8.0,3.0,67.0,0.0,29.6,27.5,28.1,28.4,26.4,26.6,0.0,4800.0,9.1,17.2,11.5,14.8,92.2,False
nagpur,2023-03-09,27.5,70.4,1.5,709.2,1002.1,0.1,70.4,29.8,27.9,37.8,0.0,9.0,3.0,68.0,0.0,29.0,29.6,27.5,29.1,28.4,26.4,0.0,4800.0,9.1,17.2,11.5,10.8,52.4,False
nagpur,2023-03-10,28.4,57.3,1.7,837.7,1005.3,0.8,57.3,29.7,28.0,36.5,0.0,10.0,3.0,69.0,0.0,27.5,29.0,29.6,27.9,29.1,28.4,0.0,4800.0,9.1,17.2,11.5,8.1,44.0,False
nagpur,2023-03-11,28.7,57.2,2.5,826.5,1004.5,0.0,57.2,30.2,28.2,36.5,0.0,11.0,3.0,70.0,0.0,28.4,27.5,29.0,28.0,27.9,29.1,0.0,4800.0,9.1,17.2,11.5,5.9,42.5,False
nagpur,2023-03-12,28.2,56.3,1.4,762.9,1002.8,0.2,56.3,29.3,27.3,36.2,0.0,12.0,3.0,71.0,0.0,28.7,28.4,27.5,28.2,28.0,27.9,0.0,4800.0,9.1,17.2,11.5,9.0,32.5,False
nagpur,2023-03-13,29.4,58.0,3.6,760.1,997.3,0.5,58.0,31.4,28.5,37.0,0.0,13.0,3.0,72.0,0.0,28.2,28.7,28.4,27.3,28.2,28.0,0.0,4800.0,9.1,17.2,11.5,11.1,66.1,False
nagpur,2023-03-14,30.0,51.0,1.7,730.8,1003.1,0.2,51.0,31.2,28.2,37.6,0.0,14.0,3.0,73.0,0.0,29.4,28.2,28.7,28.5,27.3,28.2,0.0,4800.0,9.1,17.2,11.5,6.5,41.9,False
nagpur,2023-03-15,29.5,55.0,1.3,815.3,1004.7,1.8,55.0,31.1,28.6,38.0,0.0,15.0,3.0,74.0,0.0,30.0,29.4,28.2,28.2,28.5,27.3,0.0,4800.0,9.1,17.2,11.5,10.0,60.3,False
nagpur,2023-03-16,29.1,54.7,1.3,813.2,1004.1,0.1,54.7,30.4,28.2,37.3,0.0,16.0,3.0,75.0,0.0,29.5,30.0,29.4,28.6,28.2,28.5,0.0,4800.0,9.1,17.2,11.5,10.0,53.8,False
nagpur,2023-03-17,27.9,62.1,2.9,738.2,1001.3,0.0,62.1,29.5,27.5,36.0,0.0,17.0,3.0,76.0,0.0,29.1,29.5,30.0,28.2,28.6,28.2,0.0,4800.0,9.1,17.2,11.5,5.6,32.8,False
nagpur,2023-03-18,29.1,56.3,2.3,738.2,1001.2,0.1,56.3,30.6,28.0,37.0,0.0,18.0,3.0,77.0,0.0,27.9,29.1,29.5,27.5,28.2,28.6,0.0,4800.0,9.1,17.2,11.5,8.5,43.6,False
nagpur,2023-03-19,29.3,57.7,2.2,773.8,1000.8,0.0,57.7,31.2,28.5,37.7,0.0,19.0,3.0,78.0,0.0,29.1,27.9,29.1,28.0,27.5,28.2,0.0,4800.0,9.1,17.2,11.5,11.2,65.4,False
nagpur,2023-03-20,27.3,64.4,3.1,831.8,1001.9,0.4,64.4,28.8,27.6,35.3,0.0,20.0,3.0,79.0,0.0,29.3,29.1,27.9,28.5,28.0,27.5,0.0,4800.0,9.1,17.2,11.5,8.2,43.0,False
nagpur,2023-03-21,29.7,56.4,2.6,799.0,1000.8,0.0,56.4,31.6,28.8,37.7,0.0,21.0,3.0,80.0,0.0,27.3,29.3,29.1,27.6,28.5,28.0,0.0,4800.0,9.1,17.2,11.5,12.1,70.6,False
nagpur,2023-03-22,28.2,54.3,1.6,732.4,997.2,0.1,54.3,29.1,26.9,35.7,0.0,22.0,3.0,81.0,0.0,29.7,27.3,29.3,28.8,27.6,28.5,0.0,4800.0,9.1,17.2,11.5,7.8,40.5,False
nagpur,2023-03-23,26.4,66.7,3.4,809.0,1004.7,1.5,66.7,27.7,26.9,34.2,0.0,23.0,3.0,82.0,0.0,28.2,29.7,27.3,26.9,28.8,27.6,0.0,4800.0,9.1,17.2,11.5,6.2,34.8,False
nagpur,2023-03-24,30.0,50.7,2.9,805.6,1000.9,0.4,50.7,31.2,28.4,36.8,0.0,24.0,3.0,83.0,0.0,26.4,28.2,29.7,26.9,26.9,28.8,0.0,4800.0,9.1,17.2,11.5,10.2,64.1,False
nagpur,2023-03-25,29.0,54.4,2.0,830.5,999.5,0.1,54.4,30.2,28.2,36.7,0.0,25.0,3.0,84.0,0.0,30.0,26.4,28.2,28.4,26.9,26.9,0.0,4800.0,9.1,17.2,11.5,9.6,50.0,False
nagpur,2023-03-26,29.2,62.7,3.7,833.2,1001.0,0.6,62.7,31.8,29.2,37.6,0.0,26.0,3.0,85.0,0.0,29.0,30.0,26.4,28.2,28.4,26.9,0.0,4800.0,9.1,17.2,11.5,15.8,93.3,False
nagpur,2023-03-27,29.2,50.9,2.6,818.2,1001.7,0.9,50.9,30.0,27.8,35.9,0.0,27.0,3.0,86.0,0.0,29.2,29.0,30.0,29.2,28.2,28.4,0.0,4800.0,9.1,17.2,11.5,9.3,47.1,False
nagpur,2023-03-28,29.2,56.0,1.5,745.0,1002.1,0.0,56.0,30.8,28.1,37.6,0.0,28.0,3.0,87.0,0.0,29.2,29.2,29.0,27.8,29.2,28.2,0.0,4800.0,9.1,17.2,11.5,8.5,46.1,False
nagpur,2023-03-29,28.3,64.0,2.1,740.3,999.7,0.1,64.0,30.4,28.1,37.4,0.0,29.0,3.0,88.0,0.0,29.2,29.2,29.2,28.1,27.8,29.2,0.0,4800.0,9.1,17.2,11.5,5.2,29.7,False
nagpur,2023-03-30,28.6,60.1,3.3,732.8,1003.7,1.2,60.1,30.4,27.9,36.4,0.0,30.0,3.0,89.0,0.0,28.3,29.2,29.2,28.1,28.1,27.8,0.0,4800.0,9.1,17.2,11.5,7.9,34.6,False
nagpur,2023-03-31,29.2,52.8,3.1,928.6,1001.5,1.6,52.8,30.3,28.6,36.0,0.0,31.0,3.0,90.0,0.0,28.6,28.3,29.2,27.9,28.1,28.1,0.0,4800.0,9.1,17.2,11.5,8.0,57.6,False
nagpur,2023-04-01,28.3,53.8,2.6,889.6,1001.6,0.1,53.8,29.2,27.7,35.2,0.0,1.0,4.0,91.0,0.0,29.2,28.6,28.3,28.6,27.9,28.1,0.0,4800.0,9.1,17.2,11.5,6.1,38.5,False
nagpur,2023-04-02,28.1,64.9,1.9,792.2,1001.1,1.4,64.9,30.2,28.3,37.4,0.0,2.0,4.0,92.0,0.0,28.3,29.2,28.6,27.7,28.6,27.9,0.0,4800.0,9.1,17.2,11.5,8.5,58.0,False
nagpur,2023-04-03,30.3,51.4,3.2,742.8,998.9,0.0,51.4,31.7,28.5,37.2,0.0,3.0,4.0,93.0,0.0,28.1,28.3,29.2,28.3,27.7,28.6,0.0,4800.0,9.1,17.2,11.5,10.1,59.4,False
nagpur,2023-04-04,32.0,55.8,1.8,811.7,999.6,0.3,55.8,35.9,31.0,41.8,0.0,4.0,4.0,94.0,0.0,30.3,28.1,28.3,28.5,28.3,27.7,0.0,4800.0,9.1,17.2,11.5,24.0,161.5,False
nagpur,2023-04-05,28.4,58.7,4.0,708.2,997.9,0.9,58.7,29.9,27.4,35.4,0.0,5.0,4.0,95.0,0.0,32.0,30.3,28.1,31.0,28.5,28.3,0.0,4800.0,9.1,17.2,11.5,8.7,40.8,False
nagpur,2023-04-06,29.4,61.9,2.3,716.5,1000.1,0.4,61.9,32.1,28.8,38.6,0.0,6.0,4.0,96.0,0.0,28.4,32.0,30.3,27.4,31.0,28.5,0.0,4800.0,9.1,17.2,11.5,11.9,70.4,False
nagpur,2023-04-07,30.5,51.7,2.3,896.5,1004.1,0.9,51.7,32.1,29.5,38.1,0.0,7.0,4.0,97.0,0.0,29.4,28.4,32.0,28.8,27.4,31.0,0.0,4800.0,9.1,17.2,11.5,15.9,101.9,False
nagpur,2023-04-08,28.9,54.5,2.5,803.6,1002.6,0.4,54.5,30.1,27.9,36.2,0.0,8.0,4.0,98.0,0.0,30.5,29.4,28.4,29.5,28.8,27.4,0.0,4800.0,9.1,17.2,11.5,8.0,43.7,False
nagpur,2023-04-09,30.8,53.0,2.7,836.3,1001.8,0.1,53.0,32.9,29.6,38.6,0.0,9.0,4.0,99.0,0.0,28.9,30.5,29.4,27.9,29.5,28.8,0.0,4800.0,9.1,17.2,11.5,16.4,102.3,False
nagpur,2023-04-10,31.3,48.0,2.2,868.1,1000.6,0.8,48.0,32.7,29.6,38.5,0.0,10.0,4.0,100.0,0.0,30.8,28.9,30.5,29.6,27.9,29.5,0.0,4800.0,9.1,17.2,11.5,16.4,104.1,False
nagpur,2023-04-11,31.2,51.3,1.3,788.9,1000.6,0.2,51.3,33.2,29.6,39.7,0.0,11.0,4.0,101.0,0.0,31.3,30.8,28.9,29.6,29.6,27.9,0.0,4800.0,9.1,17.2,11.5,16.3,101.6,False
nagpur,2023-04-12,30.9,54.4,3.1,767.5,999.2,0.1,54.4,33.3,29.5,38.8,0.0,12.0,4.0,102.0,0.0,31.2,31.3,30.8,29.6,29.6,29.6,0.0,4800.0,9.1,17.2,11.5,15.6,105.2,False
nagpur,2023-04-13,31.5,48.0,3.5,836.4,997.4,0.3,48.0,33.0,29.6,37.9,0.0,13.0,4.0,103.0,0.0,30.9,31.2,31.3,29.5,29.6,29.6,0.0,4800.0,9.1,17.2,11.5,15.8,111.1,False
nagpur,2023-04-14,29.4,51.9,2.0,781.0,999.3,0.0,51.9,30.5,28.0,36.7,0.0,14.0,4.0,104.0,0.0,31.5,30.9,31.2,29.6,29.5,29.6,0.0,4800.0,9.1,17.2,11.5,6.6,40.5,False
nagpur,2023-04-15,30.0,59.7,1.5,855.8,1003.0,1.6,59.7,32.8,29.8,39.7,0.0,15.0,4.0,105.0,0.0,29.4,31.5,30.9,28.0,29.6,29.5,0.0,4800.0,9.1,17.2,11.5,16.8,105.5,False
nagpur,2023-04-16,35.1,42.7,1.7,884.3,1003.5,0.3,42.7,38.3,32.4,43.0,0.0,16.0,4.0,106.0,0.0,30.0,29.4,31.5,29.8,28.0,29.6,0.0,4800.0,9.1,17.2,11.5,32.4,220.5,False
nagpur,2023-04-17,35.5,47.4,2.0,845.0,996.6,1.6,47.4,40.8,33.2,45.0,0.0,17.0,4.0,107.0,0.0,35.1,30.0,29.4,32.4,29.8,28.0,0.0,4800.0,9.1,17.2,11.5,35.9,251.9,False
nagpur,2023-04-18,34.0,45.9,1.7,834.2,997.4,1.8,45.9,37.1,31.6,42.3,0.0,18.0,4.0,108.0,0.0,35.5,35.1,30.0,33.2,32.4,29.8,0.0,4800.0,9.1,17.2,11.5,26.4,176.5,False
nagpur,2023-04-19,36.3,45.7,1.8,841.0,996.6,0.9,45.7,42.0,33.7,45.9,0.0,19.0,4.0,109.0,0.0,34.0,35.5,35.1,31.6,33.2,32.4,0.0,4800.0,9.1,17.2,11.5,41.3,283.1,False
nagpur,2023-04-20,35.6,46.9,2.5,871.5,998.7,0.1,46.9,40.9,33.3,44.5,0.0,20.0,4.0,110.0,0.0,36.3,34.0,35.5,33.7,31.6,33.2,0.0,4800.0,9.1,17.2,11.5,34.0,242.2,False
nagpur,2023-04-21,36.9,44.4,2.4,885.3,999.3,0.4,44.4,42.8,34.2,45.9,0.0,21.0,4.0,111.0,0.0,35.6,36.3,34.0,33.3,33.7,31.6,0.0,4800.0,9.1,17.2,11.5,40.1,288.5,False
nagpur,2023-04-22,32.7,59.4,2.2,843.9,995.6,0.2,59.4,38.6,32.2,43.7,0.0,22.0,4.0,112.0,0.0,36.9,35.6,36.3,34.2,33.3,33.7,0.0,4800.0,9.1,17.2,11.5,30.7,208.8,False
nagpur,2023-04-23,31.9,51.2,3.3,869.9,1000.2,0.2,51.2,34.5,30.5,39.4,0.0,23.0,4.0,113.0,0.0,32.7,36.9,35.6,32.2,34.2,33.3,0.0,4800.0,9.1,17.2,11.5,19.0,126.1,False
nagpur,2023-04-24,34.5,43.6,1.0,933.4,996.5,0.3,43.6,37.4,32.3,42.9,0.0,24.0,4.0,114.0,0.0,31.9,32.7,36.9,30.5,32.2,34.2,0.0,4800.0,9.1,17.2,11.5,31.6,218.3,False
nagpur,2023-04-25,33.0,52.9,2.2,789.7,997.5,0.2,52.9,37.2,31.4,42.4,0.0,25.0,4.0,115.0,0.0,34.5,31.9,32.7,32.3,30.5,32.2,0.0,4800.0,9.1,17.2,11.5,24.4,162.3,False
nagpur,2023-04-26,33.4,43.8,2.7,830.0,999.0,1.0,43.8,35.4,30.7,40.0,0.0,26.0,4.0,116.0,0.0,33.0,34.5,31.9,31.4,32.3,30.5,0.0,4800.0,9.1,17.2,11.5,24.6,152.5,False
nagpur,2023-04-27,34.1,52.5,2.6,849.1,999.7,0.7,52.5,39.5,32.6,43.8,0.0,27.0,4.0,117.0,0.0,33.4,33.0,34.5,30.7,31.4,32.3,0.0,4800.0,9.1,17.2,11.5,32.2,229.9,False
nagpur,2023-04-28,29.5,53.7,1.5,867.3,996.9,0.0,53.7,30.9,28.7,37.6,0.0,28.0,4.0,118.0,0.0,34.1,33.4,33.0,32.6,30.7,31.4,0.0,4800.0,9.1,17.2,11.5,12.2,66.0,False
nagpur,2023-04-29,30.2,55.5,1.5,817.5,999.0,0.0,55.5,32.3,29.3,39.1,0.0,29.0,4.0,119.0,0.0,29.5,34.1,33.4,28.7,32.6,30.7,0.0,4800.0,9.1,17.2,11.5,14.1,79.5,False
nagpur,2023-04-30,29.6,50.5,3.2,866.1,999.8,0.1,50.5,30.5,28.4,36.0,0.0,30.0,4.0,120.0,0.0,30.2,29.5,34.1,29.3,28.7,32.6,0.0,4800.0,9.1,17.2,11.5,9.3,51.2,False
nagpur,2023-05-01,30.0,57.2,2.1,889.9,999.7,0.8,57.2,32.3,29.7,38.7,0.0,1.0,5.0,121.0,0.0,29.6,30.2,29.5,28.4,29.3,28.7,0.0,4800.0,9.1,17.2,11.5,18.8,112.2,False
nagpur,2023-05-02,28.9,51.9,2.6,760.6,999.8,0.2,51.9,29.8,27.4,35.6,0.0,2.0,5.0,122.0,0.0,30.0,29.6,30.2,29.7,28.4,29.3,0.0,4800.0,9.1,17.2,11.5,7.5,43.3,False
nagpur,2023-05-03,29.9,47.1,1.7,871.6,999.2,0.7,47.1,30.5,28.3,36.6,0.0,3.0,5.0,123.0,0.0,28.9,30.0,29.6,27.4,29.7,28.4,0.0,4800.0,9.1,17.2,11.5,9.9,54.1,False
nagpur,2023-05-04,30.7,46.4,2.2,879.1,999.7,1.1,46.4,31.5,28.9,37.2,0.0,4.0,5.0,124.0,0.0,29.9,28.9,30.0,28.3,27.4,29.7,0.0,4800.0,9.1,17.2,11.5,14.6,82.9,False
nagpur,2023-05-05,28.1,55.9,1.6,896.4,1001.2,0.4,55.9,29.1,27.9,35.9,0.0,5.0,5.0,125.0,0.0,30.7,29.9,28.9,28.9,28.3,27.4,0.0,4800.0,9.1,17.2,11.5,9.5,48.5,False
nagpur,2023-05-06,29.1,50.2,2.7,804.2,997.1,0.3,50.2,29.8,27.6,35.5,0.0,6.0,5.0,126.0,0.0,28.1,30.7,29.9,27.9,28.9,28.3,0.0,4800.0,9.1,17.2,11.5,5.9,31.6,False
nagpur,2023-05-07,31.5,54.4,3.1,867.9,998.3,2.4,54.4,34.5,30.6,39.7,0.0,7.0,5.0,127.0,0.0,29.1,28.1,30.7,27.6,27.9,28.9,0.0,4800.0,9.1,17.2,11.5,24.9,157.1,False
nagpur,2023-05-08,29.6,49.5,2.3,875.1,997.8,0.6,49.5,30.4,28.3,36.3,0.0,8.0,5.0,128.0,0.0,31.5,29.1,28.1,30.6,27.6,27.9,0.0,4800.0,9.1,17.2,11.5,6.8,47.5,False
nagpur,2023-05-09,30.2,53.7,1.9,816.5,1000.0,0.5,53.7,32.0,29.1,38.4,0.0,9.0,5.0,129.0,0.0,29.6,31.5,29.1,28.3,30.6,27.6,0.0,4800.0,9.1,17.2,11.5,15.8,93.9,False
nagpur,2023-05-10,31.9,45.3,3.0,866.3,1000.2,0.0,45.3,33.1,29.8,38.1,0.0,10.0,5.0,130.0,0.0,30.2,29.6,31.5,29.1,28.3,30.6,0.0,4800.0,9.1,17.2,11.5,18.9,109.8,False
nagpur,2023-05-11,34.0,48.5,2.7,838.1,995.3,0.1,48.5,37.9,31.9,42.3,0.0,11.0,5.0,131.0,0.0,31.9,30.2,29.6,29.8,29.1,28.3,0.0,4800.0,9.1,17.2,11.5,30.8,203.6,False
nagpur,2023-05-12,31.7,55.7,1.8,874.8,998.0,0.3,55.7,35.2,31.0,41.3,0.0,12.0,5.0,132.0,0.0,34.0,31.9,30.2,31.9,29.8,29.1,0.0,4800.0,9.1,17.2,11.5,25.3,163.0,False
nagpur,2023-05-13,31.1,50.6,1.4,896.1,999.2,0.2,50.6,32.9,30.0,39.3,0.0,13.0,5.0,133.0,0.0,31.7,34.0,31.9,31.0,31.9,29.8,0.0,4800.0,9.1,17.2,11.5,20.3,126.4,False
nagpur,2023-05-14,34.5,43.9,3.6,980.8,999.3,0.8,43.9,37.5,32.4,41.0,0.0,14.0,5.0,134.0,0.0,31.1,31.7,34.0,30.0,31.0,31.9,0.0,4800.0,9.1,17.2,11.5,28.7,208.3,False
nagpur,2023-05-15,34.0,44.0,2.2,859.9,998.6,0.4,44.0,36.5,31.4,41.3,0.0,15.0,5.0,135.0,0.0,34.5,31.1,31.7,32.4,30.0,31.0,0.0,4800.0,9.1,17.2,11.5,26.1,173.0,False
nagpur,2023-05-16,36.6,53.6,1.4,780.5,997.7,1.5,53.6,46.5,34.8,49.7,0.0,16.0,5.0,136.0,0.0,34.0,34.5,31.1,31.4,32.4,30.0,0.0,4800.0,9.1,17.2,11.5,42.8,303.5,False
nagpur,2023-05-17,36.3,55.6,3.9,843.6,1000.3,0.3,55.6,46.7,35.0,47.5,0.0,17.0,5.0,137.0,0.0,36.6,34.0,34.5,34.8,31.4,32.4,0.0,4800.0,9.1,17.2,11.5,46.2,320.5,False
nagpur,2023-05-18,37.7,40.6,2.2,806.1,993.5,0.4,40.6,43.0,33.9,45.8,0.0,18.0,5.0,138.0,0.0,36.3,36.6,34.0,35.0,34.8,31.4,0.0,4800.0,9.1,17.2,11.5,38.4,269.4,False
nagpur,2023-05-19,36.4,43.9,2.5,863.9,996.0,0.6,43.9,41.5,33.6,44.8,0.0,19.0,5.0,139.0,0.0,37.7,36.3,36.6,33.9,35.0,34.8,0.0,4800.0,9.1,17.2,11.5,37.3,250.8,False
nagpur,2023-05-20,39.5,41.3,1.8,863.7,1001.4,0.0,41.3,47.7,35.9,49.5,0.0,20.0,5.0,140.0,0.0,36.4,37.7,36.3,33.6,33.9,35.0,0.0,4800.0,9.1,17.2,11.5,56.7,396.0,False
nagpur,2023-05-21,38.2,35.1,2.4,901.3,1000.1,0.0,35.1,41.7,33.9,44.1,0.0,21.0,5.0,141.0,0.0,39.5,36.4,37.7,35.9,33.6,33.9,0.0,4800.0,9.1,17.2,11.5,37.5,264.0,False
nagpur,2023-05-22,39.0,41.5,2.4,880.6,998.7,0.0,41.5,46.6,35.5,48.2,0.0,22.0,5.0,142.0,0.0,38.2,39.5,36.4,33.9,35.9,33.6,0.0,4800.0,9.1,17.2,11.5,51.4,367.5,False
nagpur,2023-05-23,40.5,38.0,3.8,966.2,999.7,0.0,38.0,48.4,36.6,47.7,0.0,23.0,5.0,143.0,1.0,39.0,38.2,39.5,35.5,33.9,35.9,5.5,4800.0,9.1,17.2,11.5,62.1,460.3,False
nagpur,2023-05-24,41.2,46.2,3.5,968.9,999.6,0.0,46.2,55.8,38.6,53.3,0.0,24.0,5.0,144.0,2.0,40.5,39.0,38.2,36.6,35.5,33.9,12.4,4800.0,9.1,17.2,11.5,84.5,480.0,False
nagpur,2023-05-25,40.8,32.5,2.3,911.2,997.9,0.0,32.5,46.0,35.6,46.8,0.0,25.0,5.0,145.0,3.0,41.2,40.5,39.0,38.6,36.6,35.5,17.4,4800.0,9.1,17.2,11.5,64.8,454.1,False
nagpur,2023-05-26,40.0,43.2,3.8,939.2,999.8,0.0,43.2,50.2,36.9,49.3,0.0,26.0,5.0,146.0,4.0,40.8,41.2,40.5,35.6,38.6,36.6,20.0,4800.0,9.1,17.2,11.5,72.9,480.0,False
nagpur,2023-05-27,40.3,38.5,2.1,897.7,998.5,0.0,38.5,48.2,36.3,49.2,0.0,27.0,5.0,147.0,5.0,40.0,40.8,41.2,36.9,35.6,38.6,26.5,4800.0,9.1,17.2,11.5,74.3,480.0,False
nagpur,2023-05-28,38.7,40.0,2.5,957.8,996.5,0.0,40.0,45.1,35.4,46.9,0.0,28.0,5.0,148.0,0.0,40.3,40.0,40.8,36.3,36.9,35.6,0.0,4800.0,9.1,17.2,11.5,51.8,359.5,False
nagpur,2023-05-29,40.5,43.0,2.0,869.6,997.5,0.0,43.0,51.5,37.1,51.9,0.0,29.0,5.0,149.0,1.0,38.7,40.3,40.0,35.4,36.3,36.9,5.5,4800.0,9.1,17.2,11.5,68.4,480.0,False
nagpur,2023-05-30,39.4,41.8,2.4,910.7,996.6,0.0,41.8,47.8,36.1,49.0,0.0,30.0,5.0,150.0,0.0,40.5,38.7,40.3,37.1,35.4,36.3,0.0,4800.0,9.1,17.2,11.5,57.0,401.1,False
nagpur,2023-05-31,40.0,40.0,3.9,852.1,997.3,0.0,40.0,48.3,36.0,47.8,0.0,31.0,5.0,151.0,1.0,39.4,40.5,38.7,36.1,37.1,35.4,5.0,4800.0,9.1,17.2,11.5,58.5,420.3,False
nagpur,2023-06-01,38.3,41.4,2.2,917.4,996.3,0.0,41.4,44.8,35.1,47.1,0.0,1.0,6.0,152.0,0.0,40.0,39.4,40.5,36.0,36.1,37.1,0.0,4800.0,9.1,17.2,11.5,47.0,336.4,False
nagpur,2023-06-02,39.2,39.0,2.3,987.3,996.9,0.0,39.0,45.7,35.8,47.5,0.0,2.0,6.0,153.0,0.0,38.3,40.0,39.4,35.1,36.0,36.1,0.0,4800.0,9.1,17.2,11.5,54.1,377.9,False
nagpur,2023-06-03,37.9,40.8,1.5,850.5,995.6,1.2,40.8,43.6,34.4,46.8,0.0,3.0,6.0,154.0,0.0,39.2,38.3,40.0,35.8,35.1,36.0,0.0,4800.0,9.1,17.2,11.5,43.7,297.3,False
nagpur,2023-06-04,38.4,40.8,3.0,920.0,996.0,0.0,40.8,44.7,35.1,46.3,0.0,4.0,6.0,155.0,0.0,37.9,39.2,38.3,34.4,35.8,35.1,0.0,4800.0,9.1,17.2,11.5,47.2,332.7,False
nagpur,2023-06-05,38.7,45.6,1.7,868.1,995.8,0.0,45.6,48.0,35.9,50.1,0.0,5.0,6.0,156.0,0.0,38.4,37.9,39.2,35.1,34.4,35.8,0.0,4800.0,9.1,17.2,11.5,52.9,363.0,False
nagpur,2023-06-06,37.9,41.3,2.9,895.9,997.1,0.3,41.3,43.8,34.6,45.8,0.0,6.0,6.0,157.0,0.0,38.7,38.4,37.9,35.9,35.1,34.4,0.0,4800.0,9.1,17.2,11.5,43.9,311.2,False
nagpur,2023-06-07,36.9,41.5,1.9,943.1,999.7,0.7,41.5,41.6,34.0,45.2,0.0,7.0,6.0,158.0,0.0,37.9,38.7,38.4,34.6,35.9,35.1,0.0,4800.0,9.1,17.2,11.5,41.1,283.1,False
nagpur,2023-06-08,36.7,44.4,3.0,984.9,997.7,0.6,44.4,42.4,34.5,45.0,0.0,8.0,6.0,159.0,0.0,36.9,37.9,38.7,34.0,34.6,35.9,0.0,4800.0,9.1,17.2,11.5,41.4,288.4,False
nagpur,2023-06-09,35.4,44.0,2.1,928.8,998.7,0.1,44.0,39.3,33.0,43.6,0.0,9.0,6.0,160.0,0.0,36.7,36.9,37.9,34.5,34.0,34.6,0.0,4800.0,9.1,17.2,11.5,36.8,249.8,False
nagpur,2023-06-10,34.8,49.7,2.8,960.2,997.3,0.8,49.7,40.1,33.4,43.9,0.0,10.0,6.0,161.0,0.0,35.4,36.7,36.9,33.0,34.5,34.0,0.0,4800.0,9.1,17.2,11.5,37.3,258.7,False
nagpur,2023-06-11,35.8,47.4,1.3,885.6,995.5,0.8,47.4,41.5,33.7,46.1,0.0,11.0,6.0,162.0,0.0,34.8,35.4,36.7,33.4,33.0,34.5,0.0,4800.0,9.1,17.2,11.5,38.4,267.7,False
nagpur,2023-06-12,35.0,44.1,1.8,1030.1,996.5,0.1,44.1,38.5,33.2,43.2,0.0,12.0,6.0,163.0,0.0,35.8,34.8,35.4,33.7,33.4,33.0,0.0,4800.0,9.1,17.2,11.5,35.4,241.8,False
nagpur,2023-06-13,36.3,46.9,1.4,950.8,995.2,0.0,46.9,42.5,34.4,46.7,0.0,13.0,6.0,164.0,0.0,35.0,35.8,34.8,33.2,33.7,33.4,0.0,4800.0,9.1,17.2,11.5,42.8,284.0,False
nagpur,2023-06-14,35.9,47.8,1.9,944.8,997.0,0.9,47.8,41.9,34.1,45.9,0.0,14.0,6.0,165.0,0.0,36.3,35.0,35.8,34.4,33.2,33.7,0.0,4800.0,9.1,17.2,11.5,43.7,291.8,False
nagpur,2023-06-15,37.1,40.0,1.9,901.5,994.6,0.6,40.0,41.4,33.8,44.9,0.0,15.0,6.0,166.0,0.0,35.9,36.3,35.0,34.1,34.4,33.2,0.0,4800.0,9.1,17.2,11.5,39.2,279.6,False
nagpur,2023-06-16,35.2,48.2,2.5,914.3,995.6,1.0,48.2,40.4,33.4,44.3,0.0,16.0,6.0,167.0,0.0,37.1,35.9,36.3,33.8,34.1,34.4,0.0,4800.0,9.1,17.2,11.5,33.6,246.1,False
nagpur,2023-06-17,37.1,40.2,3.1,912.6,998.4,0.8,40.2,41.5,33.8,44.0,0.0,17.0,6.0,168.0,0.0,35.2,37.1,35.9,33.4,33.8,34.1,0.0,4800.0,9.1,17.2,11.5,41.4,282.3,False
nagpur,2023-06-18,37.5,49.7,2.3,983.3,993.8,1.1,49.7,47.0,36.0,49.0,0.0,18.0,6.0,169.0,0.0,37.1,35.2,37.1,33.8,33.4,33.8,0.0,4800.0,9.1,17.2,11.5,50.7,355.6,False
nagpur,2023-06-19,37.6,44.5,2.8,940.0,990.6,0.5,44.5,44.6,35.1,46.7,0.0,19.0,6.0,170.0,0.0,37.5,37.1,35.2,36.0,33.8,33.4,0.0,4800.0,9.1,17.2,11.5,44.8,315.7,False
nagpur,2023-06-20,40.1,40.8,3.0,989.7,998.0,0.0,40.8,49.0,36.9,49.1,0.0,20.0,6.0,171.0,1.0,37.6,37.5,37.1,35.1,36.0,33.8,5.1,4800.0,9.1,17.2,11.5,66.0,470.9,False
nagpur,2023-06-21,41.5,40.7,3.1,1018.2,995.7,0.0,40.7,52.7,38.2,51.4,0.0,21.0,6.0,172.0,2.0,40.1,37.6,37.5,36.9,35.1,36.0,13.0,4800.0,9.1,17.2,11.5,80.6,480.0,False
nagpur,2023-06-22,43.5,35.0,3.5,972.8,995.9,0.0,35.0,54.1,38.6,51.3,0.0,22.0,6.0,173.0,3.0,41.5,40.1,37.6,38.2,36.9,35.1,25.5,4800.0,9.1,17.2,11.5,94.3,480.0,False
nagpur,2023-06-23,43.4,30.6,2.4,990.0,997.8,0.0,30.6,50.7,37.8,49.5,0.0,23.0,6.0,174.0,4.0,43.5,41.5,40.1,38.6,38.2,36.9,33.6,4800.0,9.1,17.2,11.5,91.8,480.0,False
nagpur,2023-06-24,44.2,28.6,2.3,950.8,994.0,0.0,28.6,51.2,37.8,49.6,0.0,24.0,6.0,175.0,5.0,43.4,43.5,41.5,37.8,38.6,38.2,46.0,4800.0,9.1,17.2,11.5,93.5,480.0,False
nagpur,2023-06-25,45.0,33.3,2.9,894.2,995.4,0.0,33.3,56.8,39.2,53.4,0.0,25.0,6.0,176.0,6.0,44.2,43.4,43.5,37.8,37.8,38.6,60.0,4800.0,9.1,17.2,11.5,98.0,480.0,False
nagpur,2023-06-26,45.4,29.2,1.9,1000.3,991.2,0.0,29.2,54.5,39.2,52.2,0.0,26.0,6.0,177.0,7.0,45.0,44.2,43.4,39.2,37.8,37.8,72.8,4800.0,9.1,17.2,11.5,98.0,480.0,False
nagpur,2023-06-27,48.1,23.3,1.5,903.7,997.5,0.0,23.3,55.7,39.5,52.1,0.0,27.0,6.0,178.0,8.0,45.4,45.0,44.2,39.2,39.2,37.8,104.8,4800.0,9.1,17.2,11.5,98.0,480.0,False
nagpur,2023-06-28,47.2,35.4,2.7,956.6,996.5,0.0,35.4,65.3,41.8,59.4,0.0,28.0,6.0,179.0,9.0,48.1,45.4,45.0,39.5,39.2,39.2,109.8,4800.0,9.1,17.2,11.5,98.0,480.0,False
nagpur,2024-03-01,27.8,57.6,2.1,784.3,1000.7,0.1,57.6,28.9,27.2,35.4,0.0,1.0,3.0,61.0,0.0,47.2,48.1,45.4,41.8,39.5,39.2,0.0,4800.0,9.1,17.2,11.5,7.1,40.2,False
nagpur,2024-03-02,27.3,57.0,1.6,740.4,1004.1,1.2,57.0,28.2,26.5,34.9,0.0,2.0,3.0,62.0,0.0,27.8,47.2,48.1,27.2,41.8,39.5,0.0,4800.0,9.1,17.2,11.5,3.9,27.6,False
nagpur,2024-03-03,27.8,58.7,2.7,719.1,1004.8,1.2,58.7,29.0,26.9,35.3,0.0,3.0,3.0,63.0,0.0,27.3,27.8,47.2,26.5,27.2,41.8,0.0,4800.0,9.1,17.2,11.5,7.6,48.4,False
nagpur,2024-03-04,26.3,62.1,2.5,796.3,1000.4,0.2,62.1,26.6,26.3,33.8,0.0,4.0,3.0,64.0,0.0,27.8,27.3,27.8,26.9,26.5,27.2,0.0,4800.0,9.1,17.2,11.5,8.1,41.3,False
nagpur,2024-03-05,27.2,54.0,2.8,687.3,1004.4,0.0,54.0,27.9,25.7,33.5,0.0,5.0,3.0,65.0,0.0,26.3,27.8,27.3,26.3,26.9,26.5,0.0,4800.0,9.1,17.2,11.5,5.8,41.0,False
nagpur,2024-03-06,27.7,57.3,2.9,832.1,1002.6,0.2,57.3,28.8,27.2,34.8,0.0,6.0,3.0,66.0,0.0,27.2,26.3,27.8,25.7,26.3,26.9,0.0,4800.0,9.1,17.2,11.5,8.6,32.3,False
nagpur,2024-03-07,28.5,53.1,2.0,748.6,1004.8,0.4,53.1,29.4,27.1,35.7,0.0,7.0,3.0,67.0,0.0,27.7,27.2,26.3,27.2,25.7,26.3,0.0,4800.0,9.1,17.2,11.5,6.1,38.5,False
nagpur,2024-03-08,27.7,63.7,2.5,772.7,1001.6,0.7,63.7,29.4,27.7,36.2,0.0,8.0,3.0,68.0,0.0,28.5,27.7,27.2,27.1,27.2,25.7,0.0,4800.0,9.1,17.2,11.5,7.7,44.2,False
nagpur,2024-03-09,29.7,54.8,3.3,732.7,1002.1,0.1,54.8,31.4,28.3,37.0,0.0,9.0,3.0,69.0,0.0,27.7,28.5,27.7,27.7,27.1,27.2,0.0,4800.0,9.1,17.2,11.5,7.1,48.2,False
nagpur,2024-03-10,28.0,59.5,1.7,716.7,1002.0,0.2,59.5,29.4,27.3,36.4,0.0,10.0,3.0,70.0,0.0,29.7,27.7,28.5,28.3,27.7,27.1,0.0,4800.0,9.1,17.2,11.5,5.7,35.6,False
nagpur,2024-03-11,27.6,56.4,3.8,751.8,1002.7,0.2,56.4,28.5,26.6,34.0,0.0,11.0,3.0,71.0,0.0,28.0,29.7,27.7,27.3,28.3,27.7,0.0,4800.0,9.1,17.2,11.5,7.7,43.7,False
nagpur,2024-03-12,28.1,62.2,3.3,789.0,1001.6,0.6,62.2,29.9,27.9,36.0,0.0,12.0,3.0,72.0,0.0,27.6,28.0,29.7,26.6,27.3,28.3,0.0,4800.0,9.1,17.2,11.5,8.1,46.1,False
nagpur,2024-03-13,27.3,63.1,3.3,735.2,1002.5,0.1,63.1,28.7,27.0,35.0,0.0,13.0,3.0,73.0,0.0,28.1,27.6,28.0,27.9,26.6,27.3,0.0,4800.0,9.1,17.2,11.5,5.0,33.6,False
nagpur,2024-03-14,29.5,56.5,1.4,723.7,999.0,0.2,56.5,31.3,28.4,38.2,0.0,14.0,3.0,74.0,0.0,27.3,28.1,27.6,27.0,27.9,26.6,0.0,4800.0,9.1,17.2,11.5,9.9,56.6,False
nagpur,2024-03-15,29.8,50.2,3.6,716.5,1003.1,0.1,50.2,30.8,27.7,36.0,0.0,15.0,3.0,75.0,0.0,29.5,27.3,28.1,28.4,27.0,27.9,0.0,4800.0,9.1,17.2,11.5,9.3,40.9,False
nagpur,2024-03-16,29.3,55.8,2.2,713.8,996.3,0.6,55.8,30.9,28.0,37.3,0.0,16.0,3.0,76.0,0.0,29.8,29.5,27.3,27.7,28.4,27.0,0.0,4800.0,9.1,17.2,11.5,6.0,29.7,False
nagpur,2024-03-17,28.6,55.5,1.0,819.9,1001.9,0.3,55.5,29.8,27.9,36.9,0.0,17.0,3.0,77.0,0.0,29.3,29.8,29.5,28.0,27.7,28.4,0.0,4800.0,9.1,17.2,11.5,10.4,62.6,False
nagpur,2024-03-18,28.7,51.9,3.3,772.9,1000.9,0.5,51.9,29.5,27.2,35.0,0.0,18.0,3.0,78.0,0.0,28.6,29.3,29.8,27.9,28.0,27.7,0.0,4800.0,9.1,17.2,11.5,7.3,45.1,False
nagpur,2024-03-19,29.0,53.8,3.3,795.1,1001.6,0.0,53.8,30.1,27.8,35.7,0.0,19.0,3.0,79.0,0.0,28.7,28.6,29.3,27.2,27.9,28.0,0.0,4800.0,9.1,17.2,11.5,6.9,21.8,False
nagpur,2024-03-20,28.1,60.9,2.2,758.4,999.0,0.7,60.9,29.7,27.7,36.5,0.0,20.0,3.0,80.0,0.0,29.0,28.7,28.6,27.8,27.2,27.9,0.0,4800.0,9.1,17.2,11.5,7.1,43.2,False
nagpur,2024-03-21,27.9,58.8,2.2,771.2,1002.5,0.2,58.8,29.2,27.3,35.8,0.0,21.0,3.0,81.0,0.0,28.1,29.0,28.7,27.7,27.8,27.2,0.0,4800.0,9.1,17.2,11.5,7.1,29.8,False
nagpur,2024-03-22,30.5,56.2,2.5,830.3,998.0,0.3,56.2,33.0,29.7,39.0,0.0,22.0,3.0,82.0,0.0,27.9,28.1,29.0,27.3,27.7,27.8,0.0,4800.0,9.1,17.2,11.5,17.0,105.4,False
nagpur,2024-03-23,29.5,59.4,1.5,911.6,1001.5,0.8,59.4,31.8,29.6,38.8,0.0,23.0,3.0,83.0,0.0,30.5,27.9,28.1,29.7,27.3,27.7,0.0,4800.0,9.1,17.2,11.5,17.1,109.9,False
nagpur,2024-03-24,29.9,59.6,2.4,820.4,1000.1,0.2,59.6,32.6,29.5,38.9,0.0,24.0,3.0,84.0,0.0,29.5,30.5,27.9,29.6,29.7,27.3,0.0,4800.0,9.1,17.2,11.5,15.2,95.3,False
nagpur,2024-03-25,30.8,53.4,2.5,804.2,1006.0,0.4,53.4,33.0,29.5,38.8,0.0,25.0,3.0,85.0,0.0,29.9,29.5,30.5,29.5,29.6,29.7,0.0,4800.0,9.1,17.2,11.5,19.2,111.6,False
nagpur,2024-03-26,29.0,57.7,2.0,801.3,1000.5,1.3,57.7,30.7,28.4,37.3,0.0,26.0,3.0,86.0,0.0,30.8,29.9,29.5,29.5,29.5,29.6,0.0,4800.0,9.1,17.2,11.5,10.0,49.0,False
nagpur,2024-03-27,29.5,53.8,3.7,773.6,999.8,2.7,53.8,30.9,28.2,36.2,0.0,27.0,3.0,87.0,0.0,29.0,30.8,29.9,28.4,29.5,29.5,0.0,4800.0,9.1,17.2,11.5,11.1,64.2,False
nagpur,2024-03-28,29.0,57.4,2.4,856.9,1000.1,0.3,57.4,30.6,28.6,37.0,0.0,28.0,3.0,88.0,0.0,29.5,29.0,30.8,28.2,28.4,29.5,0.0,4800.0,9.1,17.2,11.5,11.8,72.1,False
nagpur,2024-03-29,29.2,48.4,1.5,782.2,998.3,0.1,48.4,29.7,27.4,36.0,0.0,29.0,3.0,89.0,0.0,29.0,29.5,29.0,28.6,28.2,28.4,0.0,4800.0,9.1,17.2,11.5,6.9,38.4,False
nagpur,2024-03-30,27.9,59.4,3.6,812.4,1002.2,0.6,59.4,29.2,27.5,35.0,0.0,30.0,3.0,90.0,0.0,29.2,29.0,29.5,27.4,28.6,28.2,0.0,4800.0,9.1,17.2,11.5,6.8,48.1,False
nagpur,2024-03-31,28.9,57.5,2.8,824.4,1002.1,0.0,57.5,30.5,28.3,36.6,0.0,31.0,3.0,91.0,0.0,27.9,29.2,29.0,27.5,27.4,28.6,0.0,4800.0,9.1,17.2,11.5,8.2,52.9,False
nagpur,2024-04-01,30.2,62.3,2.5,823.0,998.5,0.0,62.3,33.7,30.1,39.9,0.0,1.0,4.0,92.0,0.0,28.9,27.9,29.2,28.3,27.5,27.4,0.0,4800.0,9.1,17.2,11.5,19.1,117.9,False
nagpur,2024-04-02,28.5,58.9,2.1,775.4,998.9,0.3,58.9,30.1,27.9,36.8,0.0,2.0,4.0,93.0,0.0,30.2,28.9,27.9,30.1,28.3,27.5,0.0,4800.0,9.1,17.2,11.5,6.6,33.6,False
nagpur,2024-04-03,31.5,55.7,3.2,863.9,1004.0,2.2,55.7,34.8,30.7,40.0,0.0,3.0,4.0,94.0,0.0,28.5,30.2,28.9,27.9,30.1,28.3,0.0,4800.0,9.1,17.2,11.5,22.2,152.4,False
nagpur,2024-04-04,28.2,54.0,1.9,753.8,1000.5,2.2,54.0,29.1,27.0,35.5,0.0,4.0,4.0,95.0,0.0,31.5,28.5,30.2,30.7,27.9,30.1,0.0,4800.0,9.1,17.2,11.5,8.4,40.4,False
nagpur,2024-04-05,27.6,54.6,2.1,796.0,998.0,0.1,54.6,28.4,26.7,34.6,0.0,5.0,4.0,96.0,0.0,28.2,31.5,28.5,27.0,30.7,27.9,0.0,4800.0,9.1,17.2,11.5,6.3,34.8,False
nagpur,2024-04-06,28.1,56.5,1.9,796.9,1000.8,0.2,56.5,29.2,27.4,35.8,0.0,6.0,4.0,97.0,0.0,27.6,28.2,31.5,26.7,27.0,30.7,0.0,4800.0,9.1,17.2,11.5,7.6,45.7,False
nagpur,2024-04-07,30.3,54.3,1.9,830.7,1001.5,0.7,54.3,32.3,29.3,38.7,0.0,7.0,4.0,98.0,0.0,28.1,27.6,28.2,27.4,26.7,27.0,0.0,4800.0,9.1,17.2,11.5,16.0,97.6,False
nagpur,2024-04-08,30.4,55.7,1.5,866.8,996.8,0.1,55.7,32.7,29.8,39.4,0.0,8.0,4.0,99.0,0.0,30.3,28.1,27.6,29.3,27.4,26.7,0.0,4800.0,9.1,17.2,11.5,18.6,118.5,False
nagpur,2024-04-09,30.5,56.3,3.4,743.8,998.1,0.0,56.3,33.0,29.2,38.4,0.0,9.0,4.0,100.0,0.0,30.4,30.3,28.1,29.8,29.3,27.4,0.0,4800.0,9.1,17.2,11.5,14.4,101.2,False
nagpur,2024-04-10,31.0,53.7,1.9,811.1,1000.3,0.0,53.7,33.4,29.8,39.6,0.0,10.0,4.0,101.0,0.0,30.5,30.4,30.3,29.2,29.8,29.3,0.0,4800.0,9.1,17.2,11.5,19.8,121.6,False
nagpur,2024-04-11,29.9,54.1,3.6,887.6,1000.5,0.5,54.1,31.6,29.1,36.9,0.0,11.0,4.0,102.0,0.0,31.0,30.5,30.4,29.8,29.2,29.8,0.0,4800.0,9.1,17.2,11.5,14.5,81.3,False
nagpur,2024-04-12,31.8,55.3,2.8,824.4,1003.9,0.1,55.3,35.3,30.8,40.6,0.0,12.0,4.0,103.0,0.0,29.9,31.0,30.5,29.1,29.8,29.2,0.0,4800.0,9.1,17.2,11.5,23.7,161.8,False
nagpur,2024-04-13,29.9,51.7,2.6,810.3,1001.1,0.6,51.7,31.2,28.5,37.0,0.0,13.0,4.0,104.0,0.0,31.8,29.9,31.0,30.8,29.1,29.8,0.0,4800.0,9.1,17.2,11.5,13.4,68.4,False
nagpur,2024-04-14,29.4,51.3,1.6,811.5,998.9,0.3,51.3,30.4,28.1,36.8,0.0,14.0,4.0,105.0,0.0,29.9,31.8,29.9,28.5,30.8,29.1,0.0,4800.0,9.1,17.2,11.5,9.7,50.7,False
nagpur,2024-04-15,31.7,54.8,2.5,848.9,999.7,0.2,54.8,35.0,30.7,40.6,0.0,15.0,4.0,106.0,0.0,29.4,29.9,31.8,28.1,28.5,30.8,0.0,4800.0,9.1,17.2,11.5,20.7,139.8,False
nagpur,2024-04-16,35.1,45.3,1.9,865.8,997.1,1.2,45.3,39.1,32.6,43.7,0.0,16.0,4.0,107.0,0.0,31.7,29.4,29.9,30.7,28.1,28.5,0.0,4800.0,9.1,17.2,11.5,31.3,211.6,False
nagpur,2024-04-17,35.4,49.0,0.6,786.6,998.3,0.0,49.0,41.2,33.1,46.5,0.0,17.0,4.0,108.0,0.0,35.1,31.7,29.4,32.6,30.7,28.1,0.0,4800.0,9.1,17.2,11.5,35.3,243.1,False
nagpur,2024-04-18,34.3,47.9,2.1,825.0,998.7,0.2,47.9,38.3,32.1,43.1,0.0,18.0,4.0,109.0,0.0,35.4,35.1,31.7,33.1,32.6,30.7,0.0,4800.0,9.1,17.2,11.5,31.0,209.3,False
nagpur,2024-04-19,35.6,43.5,3.7,815.9,1002.6,0.2,43.5,39.6,32.5,42.5,0.0,19.0,4.0,110.0,0.0,34.3,35.4,35.1,32.1,33.1,32.6,0.0,4800.0,9.1,17.2,11.5,34.8,227.5,False
nagpur,2024-04-20,34.3,48.7,3.3,829.2,1000.7,0.5,48.7,38.6,32.2,42.4,0.0,20.0,4.0,111.0,0.0,35.6,34.3,35.4,32.5,32.1,33.1,0.0,4800.0,9.1,17.2,11.5,30.5,206.4,False
nagpur,2024-04-21,34.3,43.9,2.2,668.9,998.3,1.6,43.9,37.1,30.7,41.8,0.0,21.0,4.0,112.0,0.0,34.3,35.6,34.3,32.2,32.5,32.1,0.0,4800.0,9.1,17.2,11.5,24.6,154.7,False
nagpur,2024-04-22,34.3,42.7,1.6,752.7,1001.6,0.3,42.7,36.7,31.0,41.8,0.0,22.0,4.0,113.0,0.0,34.3,34.3,35.6,30.7,32.2,32.5,0.0,4800.0,9.1,17.2,11.5,23.5,160.3,False
nagpur,2024-04-23,33.9,49.1,1.9,811.1,1000.2,0.5,49.1,37.9,31.8,43.0,0.0,23.0,4.0,114.0,0.0,34.3,34.3,34.3,31.0,30.7,32.2,0.0,4800.0,9.1,17.2,11.5,29.3,193.4,False
nagpur,2024-04-24,32.3,46.7,1.5,859.0,998.0,0.2,46.7,34.1,30.3,40.1,0.0,24.0,4.0,115.0,0.0,33.9,34.3,34.3,31.8,31.0,30.7,0.0,4800.0,9.1,17.2,11.5,17.8,136.1,False
nagpur,2024-04-25,33.6,57.3,3.2,804.6,998.5,0.7,57.3,40.0,32.5,43.9,0.0,25.0,4.0,116.0,0.0,32.3,33.9,34.3,30.3,31.8,31.0,0.0,4800.0,9.1,17.2,11.5,31.7,221.2,False
nagpur,2024-04-26,32.4,41.0,4.2,865.0,999.1,0.9,41.0,33.1,29.5,37.0,0.0,26.0,4.0,117.0,0.0,33.6,32.3,33.9,32.5,30.3,31.8,0.0,4800.0,9.1,17.2,11.5,14.8,91.3,False
nagpur,2024-04-27,31.7,50.6,3.6,903.6,999.4,0.2,50.6,34.0,30.4,38.8,0.0,27.0,4.0,118.0,0.0,32.4,33.6,32.3,29.5,32.5,30.3,0.0,4800.0,9.1,17.2,11.5,19.1,130.9,False
nagpur,2024-04-28,31.3,47.0,2.5,817.5,1001.9,0.2,47.0,32.5,29.2,38.0,0.0,28.0,4.0,119.0,0.0,31.7,32.4,33.6,30.4,29.5,32.5,0.0,4800.0,9.1,17.2,11.5,13.6,82.7,False
nagpur,2024-04-29,31.0,54.4,3.5,911.5,998.9,1.4,54.4,33.5,30.3,38.7,0.0,29.0,4.0,120.0,0.0,31.3,31.7,32.4,29.2,30.4,29.5,0.0,4800.0,9.1,17.2,11.5,19.8,130.0,False
nagpur,2024-04-30,31.3,50.0,2.8,875.5,999.5,0.6,50.0,33.1,29.9,38.6,0.0,30.0,4.0,121.0,0.0,31.0,31.3,31.7,30.3,29.2,30.4,0.0,4800.0,9.1,17.2,11.5,21.6,135.1,False
nagpur,2024-05-01,29.7,60.2,3.3,902.1,999.1,0.1,60.2,32.3,29.8,38.1,0.0,1.0,5.0,122.0,0.0,31.3,31.0,31.3,29.9,30.3,29.2,0.0,4800.0,9.1,17.2,11.5,19.5,117.2,False
nagpur,2024-05-02,30.7,53.9,1.5,780.8,998.7,0.4,53.9,32.9,29.4,39.5,0.0,2.0,5.0,123.0,0.0,29.7,31.3,31.0,29.8,29.9,30.3,0.0,4800.0,9.1,17.2,11.5,16.8,96.2,False
nagpur,2024-05-03,28.6,53.8,2.8,869.5,999.6,0.1,53.8,29.6,27.9,35.5,0.0,3.0,5.0,124.0,0.0,30.7,29.7,31.3,29.4,29.8,29.9,0.0,4800.0,9.1,17.2,11.5,8.9,53.9,False
nagpur,2024-05-04,28.8,53.5,3.8,818.9,999.8,0.7,53.5,29.8,27.7,35.1,0.0,4.0,5.0,125.0,0.0,28.6,30.7,29.7,27.9,29.4,29.8,0.0,4800.0,9.1,17.2,11.5,10.9,56.2,False
nagpur,2024-05-05,30.7,51.4,3.4,872.1,1000.6,0.9,51.4,32.4,29.5,37.6,0.0,5.0,5.0,126.0,0.0,28.8,28.6,30.7,27.7,27.9,29.4,0.0,4800.0,9.1,17.2,11.5,13.7,94.3,False
nagpur,2024-05-06,27.3,61.9,2.3,955.3,999.7,0.6,61.9,28.6,28.0,35.4,0.0,6.0,5.0,127.0,0.0,30.7,28.8,28.6,29.5,27.7,27.9,0.0,4800.0,9.1,17.2,11.5,9.0,48.4,False
nagpur,2024-05-07,30.2,56.4,0.9,867.6,996.4,0.1,56.4,32.5,29.7,39.7,0.0,7.0,5.0,128.0,0.0,27.3,30.7,28.8,28.0,29.5,27.7,0.0,4800.0,9.1,17.2,11.5,20.0,123.4,False
nagpur,2024-05-08,29.9,45.3,2.1,887.1,997.6,1.0,45.3,30.2,28.1,35.9,0.0,8.0,5.0,129.0,0.0,30.2,27.3,30.7,29.7,28.0,29.5,0.0,4800.0,9.1,17.2,11.5,10.3,50.8,False
nagpur,2024-05-09,30.4,52.0,2.8,838.1,999.5,0.2,52.0,32.0,29.1,37.7,0.0,9.0,5.0,130.0,0.0,29.9,30.2,27.3,28.1,29.7,28.0,0.0,4800.0,9.1,17.2,11.5,15.4,89.1,False
nagpur,2024-05-10,31.5,50.6,1.6,894.4,997.0,0.2,50.6,33.6,30.3,39.8,0.0,10.0,5.0,131.0,0.0,30.4,29.9,30.2,29.1,28.1,29.7,0.0,4800.0,9.1,17.2,11.5,19.7,133.5,False
nagpur,2024-05-11,30.4,63.7,3.5,869.0,1000.2,0.4,63.7,34.5,30.6,39.8,0.0,11.0,5.0,132.0,0.0,31.5,30.4,29.9,30.3,29.1,28.1,0.0,4800.0,9.1,17.2,11.5,19.4,134.6,False
nagpur,2024-05-12,32.1,49.4,2.6,837.8,999.1,0.1,49.4,34.4,30.4,39.7,0.0,12.0,5.0,133.0,0.0,30.4,31.5,30.4,30.6,30.3,29.1,0.0,4800.0,9.1,17.2,11.5,18.0,123.9,False
nagpur,2024-05-13,31.9,48.9,2.7,807.6,996.9,1.2,48.9,33.9,30.0,39.2,0.0,13.0,5.0,134.0,0.0,32.1,30.4,31.5,30.4,30.6,30.3,0.0,4800.0,9.1,17.2,11.5,19.0,127.8,False
nagpur,2024-05-14,34.5,48.4,2.9,971.3,999.9,0.5,48.4,38.9,33.0,42.9,0.0,14.0,5.0,135.0,0.0,31.9,32.1,30.4,30.0,30.4,30.6,0.0,4800.0,9.1,17.2,11.5,34.7,237.1,False
nagpur,2024-05-15,35.9,45.5,1.7,983.9,994.6,0.1,45.5,41.0,34.0,45.2,0.0,15.0,5.0,136.0,0.0,34.5,31.9,32.1,33.0,30.0,30.4,0.0,4800.0,9.1,17.2,11.5,40.8,273.6,False
nagpur,2024-05-16,33.1,56.2,2.6,954.5,1001.2,0.0,56.2,38.4,32.7,43.2,0.0,16.0,5.0,137.0,0.0,35.9,34.5,31.9,34.0,33.0,30.0,0.0,4800.0,9.1,17.2,11.5,34.6,237.2,False
nagpur,2024-05-17,36.4,45.2,2.3,867.9,999.4,0.3,45.2,42.0,33.8,45.4,0.0,17.0,5.0,138.0,0.0,33.1,35.9,34.5,32.7,34.0,33.0,0.0,4800.0,9.1,17.2,11.5,39.4,277.1,False
nagpur,2024-05-18,38.3,42.8,1.8,925.1,998.1,0.0,42.8,45.5,35.4,48.1,0.0,18.0,5.0,139.0,0.0,36.4,33.1,35.9,33.8,32.7,34.0,0.0,4800.0,9.1,17.2,11.5,48.9,334.8,False
nagpur,2024-05-19,39.9,43.1,3.2,838.5,998.2,0.0,43.1,49.9,36.3,49.7,0.0,19.0,5.0,140.0,0.0,38.3,36.4,33.1,35.4,33.8,32.7,0.0,4800.0,9.1,17.2,11.5,60.4,427.8,False
nagpur,2024-05-20,39.8,34.6,1.6,915.6,997.0,0.0,34.6,44.9,35.2,47.0,0.0,20.0,5.0,141.0,0.0,39.9,38.3,36.4,36.3,35.4,33.8,0.0,4800.0,9.1,17.2,11.5,55.3,380.2,False
nagpur,2024-05-21,37.9,36.1,2.9,910.4,999.9,1.8,36.1,41.5,33.8,43.7,0.0,21.0,5.0,142.0,0.0,39.8,39.9,38.3,35.2,36.3,35.4,0.0,4800.0,9.1,17.2,11.5,39.4,263.2,False
nagpur,2024-05-22,38.0,43.0,1.4,991.9,993.8,0.0,43.0,44.8,35.5,48.0,0.0,22.0,5.0,143.0,0.0,37.9,39.8,39.9,33.8,35.2,36.3,0.0,4800.0,9.1,17.2,11.5,47.7,325.1,False
nagpur,2024-05-23,40.3,36.6,1.3,889.5,995.6,0.0,36.6,47.1,35.9,49.0,0.0,23.0,5.0,144.0,1.0,38.0,37.9,39.8,35.5,33.8,35.2,5.3,4800.0,9.1,17.2,11.5,63.5,447.9,False
nagpur,2024-05-24,40.2,45.2,3.6,894.2,1001.3,0.0,45.2,52.1,37.2,50.8,0.0,24.0,5.0,145.0,2.0,40.3,38.0,37.9,35.9,35.5,33.8,10.4,4800.0,9.1,17.2,11.5,70.1,480.0,False
nagpur,2024-05-25,39.0,38.8,2.9,833.9,996.4,0.0,38.8,45.2,34.8,46.5,0.0,25.0,5.0,146.0,0.0,40.2,40.3,38.0,37.2,35.9,35.5,0.0,4800.0,9.1,17.2,11.5,47.0,329.7,False
nagpur,2024-05-26,42.0,38.4,2.0,954.4,997.8,0.0,38.4,52.5,38.0,52.2,0.0,26.0,5.0,147.0,1.0,39.0,40.2,40.3,34.8,37.2,35.9,7.0,4800.0,9.1,17.2,11.5,80.3,480.0,False
nagpur,2024-05-27,40.4,43.1,3.2,887.7,994.9,0.0,43.1,51.3,37.0,50.6,0.0,27.0,5.0,148.0,2.0,42.0,39.0,40.2,38.0,34.8,37.2,10.8,4800.0,9.1,17.2,11.5,70.7,480.0,False
nagpur,2024-05-28,41.4,44.7,2.1,935.6,995.6,0.0,44.7,55.3,38.5,54.4,0.0,28.0,5.0,149.0,3.0,40.4,42.0,39.0,37.0,38.0,34.8,19.2,4800.0,9.1,17.2,11.5,85.2,480.0,False
nagpur,2024-05-29,41.3,38.5,2.3,848.6,997.1,0.0,38.5,50.7,36.9,50.7,0.0,29.0,5.0,150.0,4.0,41.4,40.4,42.0,38.5,37.0,38.0,25.2,4800.0,9.1,17.2,11.5,76.0,480.0,False
nagpur,2024-05-30,38.3,37.3,3.2,937.1,996.9,0.0,37.3,42.9,34.5,44.6,0.0,30.0,5.0,151.0,0.0,41.3,41.4,40.4,36.9,38.5,37.0,0.0,4800.0,9.1,17.2,11.5,44.6,309.6,False
nagpur,2024-05-31,40.2,41.1,1.4,779.5,995.4,0.0,41.1,49.4,36.1,51.0,0.0,31.0,5.0,152.0,1.0,38.3,41.3,41.4,34.5,36.9,38.5,5.2,4800.0,9.1,17.2,11.5,62.5,444.4,False
nagpur,2024-06-01,39.6,42.7,1.8,899.8,997.5,0.0,42.7,48.8,36.4,50.3,0.0,1.0,6.0,153.0,0.0,40.2,38.3,41.3,36.1,34.5,36.9,0.0,4800.0,9.1,17.2,11.5,58.8,410.5,False
nagpur,2024-06-02,38.7,44.6,1.8,894.6,1000.1,0.0,44.6,47.5,35.9,49.6,0.0,2.0,6.0,154.0,0.0,39.6,40.2,38.3,36.4,36.1,34.5,0.0,4800.0,9.1,17.2,11.5,53.0,372.4,False
nagpur,2024-06-03,38.4,41.6,3.8,922.0,994.2,0.0,41.6,45.1,35.2,46.0,0.0,3.0,6.0,155.0,0.0,38.7,39.6,40.2,35.9,36.4,36.1,0.0,4800.0,9.1,17.2,11.5,51.1,348.7,False
nagpur,2024-06-04,37.6,49.0,1.9,994.1,997.4,1.2,49.0,46.9,36.1,49.3,0.0,4.0,6.0,156.0,0.0,38.4,38.7,39.6,35.2,35.9,36.4,0.0,4800.0,9.1,17.2,11.5,52.3,368.2,False
nagpur,2024-06-05,35.8,46.6,2.4,946.3,996.8,0.1,46.6,41.2,33.8,44.8,0.0,5.0,6.0,157.0,0.0,37.6,38.4,38.7,36.1,35.2,35.9,0.0,4800.0,9.1,17.2,11.5,38.0,281.1,False
nagpur,2024-06-06,37.3,41.8,2.3,891.1,999.2,0.7,41.8,42.6,34.2,45.6,0.0,6.0,6.0,158.0,0.0,35.8,37.6,38.4,33.8,36.1,35.2,0.0,4800.0,9.1,17.2,11.5,39.6,280.0,False
nagpur,2024-06-07,36.4,42.0,2.4,882.8,993.4,0.4,42.0,40.7,33.4,44.2,0.0,7.0,6.0,159.0,0.0,37.3,35.8,37.6,34.2,33.8,36.1,0.0,4800.0,9.1,17.2,11.5,36.7,255.9,False
nagpur,2024-06-08,36.0,49.8,1.1,944.9,997.7,0.9,49.8,43.0,34.5,47.5,0.0,8.0,6.0,160.0,0.0,36.4,37.3,35.8,33.4,34.2,33.8,0.0,4800.0,9.1,17.2,11.5,41.1,299.3,False
nagpur,2024-06-09,37.8,43.4,3.6,889.1,993.3,0.3,43.4,44.6,34.8,45.9,0.0,9.0,6.0,161.0,0.0,36.0,36.4,37.3,34.5,33.4,34.2,0.0,4800.0,9.1,17.2,11.5,43.9,300.5,False
nagpur,2024-06-10,36.1,52.5,4.3,950.8,995.0,0.7,52.5,44.6,34.9,45.8,0.0,10.0,6.0,162.0,0.0,37.8,36.0,36.4,34.8,34.5,33.4,0.0,4800.0,9.1,17.2,11.5,44.4,305.4,False
nagpur,2024-06-11,35.8,52.6,3.0,955.2,998.7,1.4,52.6,43.8,34.7,46.4,0.0,11.0,6.0,163.0,0.0,36.1,37.8,36.0,34.9,34.8,34.5,0.0,4800.0,9.1,17.2,11.5,45.1,302.8,False
nagpur,2024-06-12,36.6,50.8,2.1,868.8,997.8,0.0,50.8,45.1,34.8,48.0,0.0,12.0,6.0,164.0,0.0,35.8,36.1,37.8,34.7,34.9,34.8,0.0,4800.0,9.1,17.2,11.5,43.4,310.1,False
nagpur,2024-06-13,38.1,42.8,1.8,929.5,995.7,0.0,42.8,45.0,35.2,47.7,0.0,13.0,6.0,165.0,0.0,36.6,35.8,36.1,34.8,34.7,34.9,0.0,4800.0,9.1,17.2,11.5,46.7,329.5,False
nagpur,2024-06-14,35.1,41.6,2.5,923.9,997.4,1.0,41.6,37.9,32.4,42.0,0.0,14.0,6.0,166.0,0.0,38.1,36.6,35.8,35.2,34.8,34.7,0.0,4800.0,9.1,17.2,11.5,31.9,222.6,False
nagpur,2024-06-15,36.2,48.1,1.6,972.9,996.1,1.1,48.1,42.8,34.6,46.7,0.0,15.0,6.0,167.0,0.0,35.1,38.1,36.6,32.4,35.2,34.8,0.0,4800.0,9.1,17.2,11.5,44.3,310.4,False
nagpur,2024-06-16,36.3,36.4,2.3,951.8,997.0,0.0,36.4,38.5,32.7,42.1,0.0,16.0,6.0,168.0,0.0,36.2,35.1,38.1,34.6,32.4,35.2,0.0,4800.0,9.1,17.2,11.5,33.8,233.2,False
nagpur,2024-06-17,37.8,48.1,3.4,925.8,998.6,0.0,48.1,47.0,35.7,47.9,0.0,17.0,6.0,169.0,0.0,36.3,36.2,35.1,32.7,34.6,32.4,0.0,4800.0,9.1,17.2,11.5,46.4,336.9,False
nagpur,2024-06-18,37.9,45.6,3.8,923.0,994.3,0.2,45.6,45.9,35.4,46.8,0.0,18.0,6.0,170.0,0.0,37.8,36.3,36.2,35.7,32.7,34.6,0.0,4800.0,9.1,17.2,11.5,50.0,341.7,False
nagpur,2024-06-19,39.6,40.8,2.4,982.7,995.3,0.0,40.8,47.7,36.5,48.9,0.0,19.0,6.0,171.0,0.0,37.9,37.8,36.3,35.4,35.7,32.7,0.0,4800.0,9.1,17.2,11.5,61.1,420.4,False
nagpur,2024-06-20,41.3,36.8,2.5,916.9,996.0,0.0,36.8,49.6,36.9,49.6,0.0,20.0,6.0,172.0,1.0,39.6,37.9,37.8,36.5,35.4,35.7,6.3,4800.0,9.1,17.2,11.5,69.8,480.0,False
nagpur,2024-06-21,42.0,31.7,2.0,938.2,995.2,0.0,31.7,48.2,36.6,48.4,0.0,21.0,6.0,173.0,2.0,41.3,39.6,37.9,36.9,36.5,35.4,14.0,4800.0,9.1,17.2,11.5,74.2,480.0,False
nagpur,2024-06-22,41.3,28.8,2.0,921.9,995.4,0.0,28.8,45.1,35.4,45.8,0.0,22.0,6.0,174.0,3.0,42.0,41.3,39.6,36.6,36.9,36.5,18.9,4800.0,9.1,17.2,11.5,67.9,471.3,False
nagpur,2024-06-23,42.0,34.3,2.0,1046.0,999.4,0.0,34.3,49.8,37.7,49.9,0.0,23.0,6.0,175.0,4.0,41.3,42.0,41.3,35.4,36.6,36.9,28.0,4800.0,9.1,17.2,11.5,82.5,480.0,False
nagpur,2024-06-24,44.0,41.6,3.0,940.0,995.3,0.0,41.6,61.1,40.2,56.9,0.0,24.0,6.0,176.0,5.0,42.0,41.3,42.0,37.7,35.4,36.6,45.0,4800.0,9.1,17.2,11.5,98.0,480.0,False
nagpur,2024-06-25,46.6,23.3,2.8,915.2,997.0,0.0,23.3,52.5,38.2,48.6,0.0,25.0,6.0,177.0,6.0,44.0,42.0,41.3,40.2,37.7,35.4,69.6,4800.0,9.1,17.2,11.5,98.0,480.0,False
nagpur,2024-06-26,46.7,35.5,4.1,945.8,995.1,0.0,35.5,63.8,41.3,56.8,0.0,26.0,6.0,178.0,7.0,46.6,44.0,42.0,38.2,40.2,37.7,81.9,4800.0,9.1,17.2,11.5,98.0,480.0,False
nagpur,2024-06-27,47.3,23.7,3.4,941.6,993.6,0.0,23.7,54.3,39.0,49.2,0.0,27.0,6.0,179.0,8.0,46.7,46.6,44.0,41.3,38.2,40.2,98.4,4800.0,9.1,17.2,11.5,98.0,480.0,False
nagpur,2024-06-28,46.2,33.0,3.2,1033.3,994.7,0.0,33.0,59.9,40.8,55.0,0.0,28.0,6.0,180.0,9.0,47.3,46.7,46.6,39.0,41.3,38.2,100.8,4800.0,9.1,17.2,11.5,98.0,480.0,False
nagpur,2025-03-01,28.0,52.1,1.6,790.2,999.0,0.2,52.1,28.6,26.8,35.0,0.0,1.0,3.0,60.0,0.0,46.2,47.3,46.7,40.8,39.0,41.3,0.0,4800.0,9.1,17.2,11.5,8.6,51.1,False
nagpur,2025-03-02,25.5,60.1,0.5,710.1,1001.0,0.0,60.1,25.7,25.1,33.4,0.0,2.0,3.0,61.0,0.0,28.0,46.2,47.3,26.8,40.8,39.0,0.0,4800.0,9.1,17.2,11.5,8.2,36.8,False
nagpur,2025-03-03,27.5,60.7,2.7,730.3,1002.4,0.6,60.7,28.8,26.9,35.2,0.0,3.0,3.0,62.0,0.0,25.5,28.0,46.2,25.1,26.8,40.8,0.0,4800.0,9.1,17.2,11.5,7.5,34.8,False
nagpur,2025-03-04,27.0,56.2,2.5,758.9,1004.9,0.0,56.2,27.8,26.1,33.8,0.0,4.0,3.0,63.0,0.0,27.5,25.5,28.0,26.9,25.1,26.8,0.0,4800.0,9.1,17.2,11.5,6.5,46.2,False
nagpur,2025-03-05,26.5,60.5,2.8,758.7,1001.4,0.1,60.5,27.5,26.1,33.7,0.0,5.0,3.0,64.0,0.0,27.0,27.5,25.5,26.1,26.9,25.1,0.0,4800.0,9.1,17.2,11.5,7.1,36.0,False
nagpur,2025-03-06,26.7,60.8,1.4,776.2,1006.2,0.3,60.8,27.8,26.5,34.8,0.0,6.0,3.0,65.0,0.0,26.5,27.0,27.5,26.1,26.1,26.9,0.0,4800.0,9.1,17.2,11.5,7.6,34.2,False
nagpur,2025-03-07,29.4,54.2,2.1,778.8,1004.0,0.0,54.2,30.8,28.2,37.1,0.0,7.0,3.0,66.0,0.0,26.7,26.5,27.0,26.5,26.1,26.1,0.0,4800.0,9.1,17.2,11.5,8.9,62.6,False
nagpur,2025-03-08,29.8,53.2,1.3,741.4,999.8,0.9,53.2,31.3,28.3,38.0,0.0,8.0,3.0,67.0,0.0,29.4,26.7,26.5,28.2,26.5,26.1,0.0,4800.0,9.1,17.2,11.5,10.4,58.3,False
nagpur,2025-03-09,27.2,58.9,0.7,726.1,998.4,0.0,58.9,28.3,26.6,35.6,0.0,9.0,3.0,68.0,0.0,29.8,29.4,26.7,28.3,28.2,26.5,0.0,4800.0,9.1,17.2,11.5,10.7,52.4,False
nagpur,2025-03-10,28.3,60.0,2.5,746.6,1000.7,0.8,60.0,29.9,27.7,36.4,0.0,10.0,3.0,69.0,0.0,27.2,29.8,29.4,26.6,28.3,28.2,0.0,4800.0,9.1,17.2,11.5,8.9,42.6,False
nagpur,2025-03-11,26.8,60.1,3.1,830.6,1002.5,0.5,60.1,27.8,26.7,33.9,0.0,11.0,3.0,70.0,0.0,28.3,27.2,29.8,27.7,26.6,28.3,0.0,4800.0,9.1,17.2,11.5,6.9,43.5,False
nagpur,2025-03-12,28.7,52.4,4.5,698.2,1003.3,0.1,52.4,29.6,26.9,34.4,0.0,12.0,3.0,71.0,0.0,26.8,28.3,27.2,26.7,27.7,26.6,0.0,4800.0,9.1,17.2,11.5,5.6,36.9,False
nagpur,2025-03-13,26.6,65.2,2.0,837.9,996.3,0.5,65.2,27.9,27.1,35.1,0.0,13.0,3.0,72.0,0.0,28.7,26.8,28.3,26.9,26.7,27.7,0.0,4800.0,9.1,17.2,11.5,7.1,41.0,False
nagpur,2025-03-14,28.2,57.3,3.1,855.2,1001.9,0.6,57.3,29.4,27.8,35.4,0.0,14.0,3.0,73.0,0.0,26.6,28.7,26.8,27.1,26.9,26.7,0.0,4800.0,9.1,17.2,11.5,8.1,45.9,False
nagpur,2025-03-15,28.9,60.1,1.6,833.4,1001.7,0.1,60.1,30.9,28.7,37.9,0.0,15.0,3.0,74.0,0.0,28.2,26.6,28.7,27.8,27.1,26.9,0.0,4800.0,9.1,17.2,11.5,12.3,67.2,False
nagpur,2025-03-16,30.0,55.0,2.7,746.1,998.6,0.5,55.0,31.9,28.7,37.8,0.0,16.0,3.0,75.0,0.0,28.9,28.2,26.6,28.7,27.8,27.1,0.0,4800.0,9.1,17.2,11.5,11.8,66.7,False
nagpur,2025-03-17,27.6,60.6,3.1,737.3,1004.0,0.7,60.6,28.9,27.0,35.1,0.0,17.0,3.0,76.0,0.0,30.0,28.9,28.2,28.7,28.7,27.8,0.0,4800.0,9.1,17.2,11.5,8.3,45.2,False
nagpur,2025-03-18,27.0,55.3,2.9,777.8,1002.0,0.0,55.3,27.8,26.1,33.4,0.0,18.0,3.0,77.0,0.0,27.6,30.0,28.9,27.0,28.7,28.7,0.0,4800.0,9.1,17.2,11.5,7.9,45.6,False
nagpur,2025-03-19,28.8,64.4,2.3,693.5,1001.5,0.3,64.4,31.4,28.4,38.2,0.0,19.0,3.0,78.0,0.0,27.0,27.6,30.0,26.1,27.0,28.7,0.0,4800.0,9.1,17.2,11.5,9.2,58.9,False
nagpur,2025-03-20,29.1,61.3,0.9,811.1,998.4,0.0,61.3,31.4,29.0,39.0,0.0,20.0,3.0,79.0,0.0,28.8,27.0,27.6,28.4,26.1,27.0,0.0,4800.0,9.1,17.2,11.5,16.5,92.3,False
nagpur,2025-03-21,28.4,60.3,2.9,854.2,1000.7,0.2,60.3,30.1,28.3,36.4,0.0,21.0,3.0,80.0,0.0,29.1,28.8,27.0,29.0,28.4,26.1,0.0,4800.0,9.1,17.2,11.5,10.4,56.5,False
nagpur,2025-03-22,29.8,57.2,1.6,778.0,1005.0,0.0,57.2,31.9,29.0,38.7,0.0,22.0,3.0,81.0,0.0,28.4,29.1,28.8,28.3,29.0,28.4,0.0,4800.0,9.1,17.2,11.5,14.6,88.6,False
nagpur,2025-03-23,29.6,57.7,2.7,778.4,998.5,0.1,57.7,31.7,28.8,37.8,0.0,23.0,3.0,82.0,0.0,29.8,28.4,29.1,29.0,28.3,29.0,0.0,4800.0,9.1,17.2,11.5,13.1,81.7,False
nagpur,2025-03-24,28.7,58.1,2.3,833.3,999.6,1.3,58.1,30.3,28.3,36.8,0.0,24.0,3.0,83.0,0.0,29.6,29.8,28.4,28.8,29.0,28.3,0.0,4800.0,9.1,17.2,11.5,6.4,37.7,False
nagpur,2025-03-25,29.0,62.1,3.3,865.1,1001.2,0.1,62.1,31.4,29.1,37.4,0.0,25.0,3.0,84.0,0.0,28.7,29.6,29.8,28.3,28.8,29.0,0.0,4800.0,9.1,17.2,11.5,13.4,83.8,False
nagpur,2025-03-26,29.0,52.9,3.3,733.9,998.5,0.7,52.9,30.0,27.4,35.6,0.0,26.0,3.0,85.0,0.0,29.0,28.7,29.6,29.1,28.3,28.8,0.0,4800.0,9.1,17.2,11.5,9.2,47.7,False
nagpur,2025-03-27,30.1,50.4,2.0,816.0,999.8,0.2,50.4,31.3,28.6,37.4,0.0,27.0,3.0,86.0,0.0,29.0,29.0,28.7,27.4,29.1,28.3,0.0,4800.0,9.1,17.2,11.5,7.2,57.6,False
nagpur,2025-03-28,28.0,60.8,1.7,800.3,1002.1,0.5,60.8,29.5,27.8,36.6,0.0,28.0,3.0,87.0,0.0,30.1,29.0,29.0,28.6,27.4,29.1,0.0,4800.0,9.1,17.2,11.5,8.9,38.4,False
nagpur,2025-03-29,29.2,57.4,2.2,882.0,1000.7,0.5,57.4,31.0,28.9,37.5,0.0,29.0,3.0,88.0,0.0,28.0,30.1,29.0,27.8,28.6,27.4,0.0,4800.0,9.1,17.2,11.5,10.8,60.5,False
nagpur,2025-03-30,28.7,49.2,2.2,699.0,998.8,0.4,49.2,29.2,26.6,35.0,0.0,30.0,3.0,89.0,0.0,29.2,28.0,30.1,28.9,27.8,28.6,0.0,4800.0,9.1,17.2,11.5,5.6,34.0,False
nagpur,2025-03-31,30.4,54.1,1.5,809.1,999.6,0.2,54.1,32.4,29.3,39.0,0.0,31.0,3.0,90.0,0.0,28.7,29.2,28.0,26.6,28.9,27.8,0.0,4800.0,9.1,17.2,11.5,16.5,101.5,False
nagpur,2025-04-01,30.5,55.3,3.1,837.1,1001.5,0.0,55.3,32.8,29.6,38.4,0.0,1.0,4.0,91.0,0.0,30.4,28.7,29.2,29.3,26.6,28.9,0.0,4800.0,9.1,17.2,11.5,17.3,114.7,False
nagpur,2025-04-02,29.5,52.7,2.7,785.6,1001.6,0.1,52.7,30.7,28.1,36.6,0.0,2.0,4.0,92.0,0.0,30.5,30.4,28.7,29.6,29.3,26.6,0.0,4800.0,9.1,17.2,11.5,8.3,39.1,False
nagpur,2025-04-03,30.0,60.9,3.1,846.6,1001.5,1.0,60.9,33.0,29.8,38.9,0.0,3.0,4.0,93.0,0.0,29.5,30.5,30.4,28.1,29.6,29.3,0.0,4800.0,9.1,17.2,11.5,17.8,112.9,False
nagpur,2025-04-04,29.6,63.5,2.7,739.4,996.9,0.8,63.5,32.7,29.3,39.0,0.0,4.0,4.0,94.0,0.0,30.0,29.5,30.5,29.8,28.1,29.6,0.0,4800.0,9.1,17.2,11.5,12.6,83.3,False
nagpur,2025-04-05,29.7,55.7,2.6,836.2,999.9,0.5,55.7,31.5,28.9,37.6,0.0,5.0,4.0,95.0,0.0,29.6,30.0,29.5,29.3,29.8,28.1,0.0,4800.0,9.1,17.2,11.5,13.3,82.6,False
nagpur,2025-04-06,29.4,46.6,2.0,765.6,1000.8,0.6,46.6,29.8,27.2,35.6,0.0,6.0,4.0,96.0,0.0,29.7,29.6,30.0,28.9,29.3,29.8,0.0,4800.0,9.1,17.2,11.5,8.0,38.3,False
nagpur,2025-04-07,29.9,54.5,2.1,926.8,998.6,0.0,54.5,31.6,29.5,38.0,0.0,7.0,4.0,97.0,0.0,29.4,29.7,29.6,27.2,28.9,29.3,0.0,4800.0,9.1,17.2,11.5,16.1,107.7,False
nagpur,2025-04-08,30.3,53.1,2.7,905.3,998.3,0.5,53.1,32.0,29.5,37.9,0.0,8.0,4.0,98.0,0.0,29.9,29.4,29.7,29.5,27.2,28.9,0.0,4800.0,9.1,17.2,11.5,16.0,103.7,False
nagpur,2025-04-09,29.8,59.0,1.5,933.4,1001.8,0.3,59.0,32.3,30.0,39.2,0.0,9.0,4.0,99.0,0.0,30.3,29.9,29.4,29.5,29.5,27.2,0.0,4800.0,9.1,17.2,11.5,18.4,119.6,False
nagpur,2025-04-10,31.1,56.8,3.4,885.4,999.9,0.2,56.8,34.3,30.6,39.5,0.0,10.0,4.0,100.0,0.0,29.8,30.3,29.9,30.0,29.5,29.5,0.0,4800.0,9.1,17.2,11.5,24.0,157.8,False
nagpur,2025-04-11,29.8,49.3,2.6,788.1,1001.2,0.2,49.3,30.7,28.0,36.4,0.0,11.0,4.0,101.0,0.0,31.1,29.8,30.3,30.6,30.0,29.5,0.0,4800.0,9.1,17.2,11.5,7.8,34.0,False
nagpur,2025-04-12,29.5,53.9,3.3,813.4,1001.9,0.1,53.9,30.9,28.4,36.5,0.0,12.0,4.0,102.0,0.0,29.8,31.1,29.8,28.0,30.6,30.0,0.0,4800.0,9.1,17.2,11.5,10.1,59.5,False
nagpur,2025-04-13,29.3,64.3,2.1,854.5,1001.4,1.4,64.3,32.3,29.7,39.1,0.0,13.0,4.0,103.0,0.0,29.5,29.8,31.1,28.4,28.0,30.6,0.0,4800.0,9.1,17.2,11.5,15.1,99.9,False
nagpur,2025-04-14,29.7,56.0,1.8,789.8,998.0,0.0,56.0,31.6,28.8,38.2,0.0,14.0,4.0,104.0,0.0,29.3,29.5,29.8,29.7,28.4,28.0,0.0,4800.0,9.1,17.2,11.5,11.7,77.6,False
nagpur,2025-04-15,32.3,55.5,3.5,807.8,998.5,0.1,55.5,36.4,31.1,41.0,0.0,15.0,4.0,105.0,0.0,29.7,29.3,29.5,28.8,29.7,28.4,0.0,4800.0,9.1,17.2,11.5,25.4,170.6,False
nagpur,2025-04-16,34.2,44.3,2.6,848.4,998.4,0.1,44.3,37.0,31.6,41.4,0.0,16.0,4.0,106.0,0.0,32.3,29.7,29.3,31.1,28.8,29.7,0.0,4800.0,9.1,17.2,11.5,28.7,192.5,False
nagpur,2025-04-17,36.0,48.2,4.0,910.1,1000.5,0.2,48.2,42.3,34.0,44.4,0.0,17.0,4.0,107.0,0.0,34.2,32.3,29.7,31.6,31.1,28.8,0.0,4800.0,9.1,17.2,11.5,42.0,283.3,False
nagpur,2025-04-18,35.5,39.2,1.0,744.3,1000.4,0.7,39.2,37.9,31.5,42.9,0.0,18.0,4.0,108.0,0.0,36.0,34.2,32.3,34.0,31.6,31.1,0.0,4800.0,9.1,17.2,11.5,27.6,173.3,False
nagpur,2025-04-19,34.6,51.9,2.7,771.8,994.7,1.9,51.9,40.5,32.6,44.3,0.0,19.0,4.0,109.0,0.0,35.5,36.0,34.2,31.5,34.0,31.6,0.0,4800.0,9.1,17.2,11.5,31.6,228.0,False
nagpur,2025-04-20,34.9,46.0,2.3,914.3,1001.3,0.2,46.0,39.0,32.8,43.3,0.0,20.0,4.0,110.0,0.0,34.6,35.5,36.0,32.6,31.5,34.0,0.0,4800.0,9.1,17.2,11.5,33.8,233.9,False
nagpur,2025-04-21,35.1,45.8,2.2,798.6,1001.0,0.7,45.8,39.3,32.4,43.6,0.0,21.0,4.0,111.0,0.0,34.9,34.6,35.5,32.8,32.6,31.5,0.0,4800.0,9.1,17.2,11.5,30.9,205.8,False
nagpur,2025-04-22,32.8,47.1,2.5,787.0,1002.4,0.9,47.1,35.1,30.4,40.2,0.0,22.0,4.0,112.0,0.0,35.1,34.9,34.6,32.4,32.8,32.6,0.0,4800.0,9.1,17.2,11.5,19.5,129.5,False
nagpur,2025-04-23,34.0,46.8,2.6,915.3,1001.3,0.1,46.8,37.4,32.1,41.9,0.0,23.0,4.0,113.0,0.0,32.8,35.1,34.9,30.4,32.4,32.8,0.0,4800.0,9.1,17.2,11.5,29.3,206.0,False
nagpur,2025-04-24,34.2,49.4,3.3,812.8,1000.9,0.8,49.4,38.6,32.1,42.5,0.0,24.0,4.0,114.0,0.0,34.0,32.8,35.1,32.1,30.4,32.4,0.0,4800.0,9.1,17.2,11.5,31.4,210.3,False
nagpur,2025-04-25,32.8,53.0,1.7,799.4,999.4,0.2,53.0,36.8,31.3,42.5,0.0,25.0,4.0,115.0,0.0,34.2,34.0,32.8,32.1,32.1,30.4,0.0,4800.0,9.1,17.2,11.5,27.6,179.5,False
nagpur,2025-04-26,33.3,55.9,1.0,841.5,998.7,0.0,55.9,38.8,32.4,44.7,0.0,26.0,4.0,116.0,0.0,32.8,34.2,34.0,31.3,32.1,32.1,0.0,4800.0,9.1,17.2,11.5,30.4,209.6,False
nagpur,2025-04-27,30.5,52.1,2.4,906.4,1003.6,0.0,52.1,32.2,29.6,38.1,0.0,27.0,4.0,117.0,0.0,33.3,32.8,34.2,32.4,31.3,32.1,0.0,4800.0,9.1,17.2,11.5,15.4,107.7,False
nagpur,2025-04-28,30.7,60.0,2.5,814.1,997.7,0.1,60.0,34.2,30.3,40.2,0.0,28.0,4.0,118.0,0.0,30.5,33.3,32.8,29.6,32.4,31.3,0.0,4800.0,9.1,17.2,11.5,22.6,144.9,False
nagpur,2025-04-29,31.6,51.8,3.0,734.7,999.3,0.1,51.8,34.1,29.7,39.3,0.0,29.0,4.0,119.0,0.0,30.7,30.5,33.3,30.3,29.6,32.4,0.0,4800.0,9.1,17.2,11.5,15.8,110.7,False
nagpur,2025-04-30,28.5,51.5,2.9,861.5,998.3,0.8,51.5,29.2,27.5,34.8,0.0,30.0,4.0,120.0,0.0,31.6,30.7,30.5,29.7,30.3,29.6,0.0,4800.0,9.1,17.2,11.5,10.7,49.6,False
nagpur,2025-05-01,30.2,59.8,2.4,803.9,995.9,1.2,59.8,33.2,29.7,39.4,0.0,1.0,5.0,121.0,0.0,28.5,31.6,30.7,27.5,29.7,30.3,0.0,4800.0,9.1,17.2,11.5,17.7,116.3,False
nagpur,2025-05-02,29.2,54.8,2.9,763.9,999.8,0.5,54.8,30.6,28.0,36.5,0.0,2.0,5.0,122.0,0.0,30.2,28.5,31.6,29.7,27.5,29.7,0.0,4800.0,9.1,17.2,11.5,6.0,27.3,False
nagpur,2025-05-03,29.8,52.2,2.3,870.5,998.4,1.9,52.2,31.1,28.8,37.2,0.0,3.0,5.0,123.0,0.0,29.2,30.2,28.5,28.0,29.7,27.5,0.0,4800.0,9.1,17.2,11.5,13.0,77.8,False
nagpur,2025-05-04,29.1,56.7,1.6,898.1,1002.0,0.3,56.7,30.7,28.9,37.5,0.0,4.0,5.0,124.0,0.0,29.8,29.2,30.2,28.8,28.0,29.7,0.0,4800.0,9.1,17.2,11.5,10.8,66.7,False
nagpur,2025-05-05,28.2,59.0,2.4,848.6,1001.6,0.1,59.0,29.6,28.0,36.1,0.0,5.0,5.0,125.0,0.0,29.1,29.8,29.2,28.9,28.8,28.0,0.0,4800.0,9.1,17.2,11.5,7.0,40.9,False
nagpur,2025-05-06,28.9,51.8,2.5,807.1,999.7,0.3,51.8,29.7,27.6,35.7,0.0,6.0,5.0,126.0,0.0,28.2,29.1,29.8,28.0,28.9,28.8,0.0,4800.0,9.1,17.2,11.5,5.2,27.7,False
nagpur,2025-05-07,29.5,56.8,2.3,847.2,999.5,0.1,56.8,31.4,29.0,37.7,0.0,7.0,5.0,127.0,0.0,28.9,28.2,29.1,27.6,28.0,28.9,0.0,4800.0,9.1,17.2,11.5,13.4,79.2,False
nagpur,2025-05-08,29.1,62.1,3.4,912.6,999.2,0.4,62.1,31.5,29.5,37.5,0.0,8.0,5.0,128.0,0.0,29.5,28.9,28.2,29.0,27.6,28.0,0.0,4800.0,9.1,17.2,11.5,16.5,102.1,False
nagpur,2025-05-09,30.0,57.1,1.1,853.2,998.3,0.7,57.1,32.3,29.6,39.4,0.0,9.0,5.0,129.0,0.0,29.1,29.5,28.9,29.5,29.0,27.6,0.0,4800.0,9.1,17.2,11.5,15.8,93.5,False
nagpur,2025-05-10,31.2,51.9,3.2,874.0,999.9,1.1,51.9,33.4,30.0,38.6,0.0,10.0,5.0,130.0,0.0,30.0,29.1,29.5,29.6,29.5,29.0,0.0,4800.0,9.1,17.2,11.5,18.6,124.3,False
nagpur,2025-05-11,31.7,48.1,1.4,873.7,997.4,0.6,48.1,33.4,30.1,39.6,0.0,11.0,5.0,131.0,0.0,31.2,30.0,29.1,30.0,29.6,29.5,0.0,4800.0,9.1,17.2,11.5,18.4,124.2,False
nagpur,2025-05-12,31.0,52.6,1.7,892.6,998.0,0.2,52.6,33.1,30.1,39.5,0.0,12.0,5.0,132.0,0.0,31.7,31.2,30.0,30.1,30.0,29.6,0.0,4800.0,9.1,17.2,11.5,19.6,125.7,False
nagpur,2025-05-13,34.2,48.7,2.1,795.4,999.5,0.4,48.7,38.4,32.0,43.2,0.0,13.0,5.0,133.0,0.0,31.0,31.7,31.2,30.1,30.1,30.0,0.0,4800.0,9.1,17.2,11.5,27.7,187.7,False
nagpur,2025-05-14,33.9,48.0,0.7,970.7,994.3,0.1,48.0,37.5,32.6,43.6,0.0,14.0,5.0,134.0,0.0,34.2,31.0,31.7,32.0,30.1,30.1,0.0,4800.0,9.1,17.2,11.5,33.0,220.7,False
nagpur,2025-05-15,35.3,42.8,3.6,912.6,998.3,0.0,42.8,38.7,32.6,41.9,0.0,15.0,5.0,135.0,0.0,33.9,34.2,31.0,32.6,32.0,30.1,0.0,4800.0,9.1,17.2,11.5,34.7,230.7,False
nagpur,2025-05-16,33.8,51.8,3.8,830.3,997.8,0.1,51.8,38.6,32.1,42.1,0.0,16.0,5.0,136.0,0.0,35.3,33.9,34.2,32.6,32.6,32.0,0.0,4800.0,9.1,17.2,11.5,29.4,197.3,False
nagpur,2025-05-17,35.5,45.5,2.3,845.8,996.6,1.4,45.5,40.1,32.9,44.1,0.0,17.0,5.0,137.0,0.0,33.8,35.3,33.9,32.1,32.6,32.6,0.0,4800.0,9.1,17.2,11.5,35.7,243.7,False
nagpur,2025-05-18,35.5,44.4,3.5,894.7,998.8,1.3,44.4,39.7,32.9,42.8,0.0,18.0,5.0,138.0,0.0,35.5,33.8,35.3,32.9,32.1,32.6,0.0,4800.0,9.1,17.2,11.5,35.0,235.6,False
nagpur,2025-05-19,36.3,45.6,2.5,825.6,995.1,0.0,45.6,42.0,33.5,45.2,0.0,19.0,5.0,139.0,0.0,35.5,35.5,33.8,32.9,32.9,32.1,0.0,4800.0,9.1,17.2,11.5,39.0,262.6,False
nagpur,2025-05-20,38.4,41.0,2.4,867.1,996.9,0.0,41.0,44.8,34.9,46.9,0.0,20.0,5.0,140.0,0.0,36.3,35.5,35.5,33.5,32.9,32.9,0.0,4800.0,9.1,17.2,11.5,46.1,322.5,False
nagpur,2025-05-21,40.1,42.3,1.2,863.5,996.7,0.0,42.3,49.9,36.6,51.6,0.0,21.0,5.0,141.0,1.0,38.4,36.3,35.5,34.9,33.5,32.9,5.1,4800.0,9.1,17.2,11.5,62.8,450.7,False
nagpur,2025-05-22,39.5,48.8,2.2,847.9,996.2,0.0,48.8,52.3,37.0,52.6,0.0,22.0,5.0,142.0,0.0,40.1,38.4,36.3,36.6,34.9,33.5,0.0,4800.0,9.1,17.2,11.5,62.2,441.7,False
nagpur,2025-05-23,40.8,50.5,1.5,892.6,996.5,0.0,50.5,57.8,38.7,56.9,0.0,23.0,5.0,143.0,1.0,39.5,40.1,38.4,37.0,36.6,34.9,5.8,4800.0,9.1,17.2,11.5,79.9,480.0,False
nagpur,2025-05-24,41.2,33.4,3.0,784.3,993.0,0.0,33.4,47.4,35.5,47.2,0.0,24.0,5.0,144.0,2.0,40.8,39.5,40.1,38.7,37.0,36.6,12.4,4800.0,9.1,17.2,11.5,65.1,462.0,False
nagpur,2025-05-25,40.9,46.3,2.6,886.3,1000.1,0.0,46.3,55.0,38.0,53.7,0.0,25.0,5.0,145.0,3.0,41.2,40.8,39.5,35.5,38.7,37.0,17.7,4800.0,9.1,17.2,11.5,79.7,480.0,False
nagpur,2025-05-26,41.2,34.3,2.8,1002.6,1000.0,0.0,34.3,47.9,36.7,47.9,0.0,26.0,5.0,146.0,4.0,40.9,41.2,40.8,38.0,35.5,38.7,24.8,4800.0,9.1,17.2,11.5,75.2,480.0,False
nagpur,2025-05-27,41.4,39.6,2.4,929.1,997.9,0.0,39.6,51.7,37.6,51.4,0.0,27.0,5.0,147.0,5.0,41.2,40.9,41.2,36.7,38.0,35.5,32.0,4800.0,9.1,17.2,11.5,83.9,480.0,False
nagpur,2025-05-28,41.6,41.1,2.4,820.7,997.7,0.0,41.1,53.3,37.4,52.6,0.0,28.0,5.0,148.0,6.0,41.4,41.2,40.9,37.6,36.7,38.0,39.6,4800.0,9.1,17.2,11.5,85.2,480.0,False
nagpur,2025-05-29,40.3,35.3,1.2,912.9,997.6,0.0,35.3,46.4,35.8,48.5,0.0,29.0,5.0,149.0,7.0,41.6,41.4,41.2,37.4,37.6,36.7,37.1,4800.0,9.1,17.2,11.5,74.7,480.0,False
nagpur,2025-05-30,39.5,42.1,3.6,887.3,1001.3,0.0,42.1,48.2,36.1,48.2,0.0,30.0,5.0,150.0,0.0,40.3,41.6,41.4,35.8,37.4,37.6,0.0,4800.0,9.1,17.2,11.5,58.0,401.3,False
nagpur,2025-05-31,40.6,38.6,3.3,922.3,996.8,0.0,38.6,49.0,36.6,48.6,0.0,31.0,5.0,151.0,1.0,39.5,40.3,41.6,36.1,35.8,37.4,5.6,4800.0,9.1,17.2,11.5,69.3,477.2,False
nagpur,2025-06-01,37.2,47.7,2.8,967.5,995.6,1.1,47.7,45.1,35.3,47.3,0.0,1.0,6.0,152.0,0.0,40.6,39.5,40.3,36.6,36.1,35.8,0.0,4800.0,9.1,17.2,11.5,47.4,337.2,False
nagpur,2025-06-02,37.6,49.6,2.8,913.0,1000.6,0.5,49.6,47.2,35.7,48.7,0.0,2.0,6.0,153.0,0.0,37.2,40.6,39.5,35.3,36.6,36.1,0.0,4800.0,9.1,17.2,11.5,51.0,353.8,False
nagpur,2025-06-03,37.8,48.3,2.5,897.0,997.0,0.6,48.3,47.1,35.6,48.8,0.0,3.0,6.0,154.0,0.0,37.6,37.2,40.6,35.7,35.3,36.6,0.0,4800.0,9.1,17.2,11.5,49.4,346.2,False
nagpur,2025-06-04,36.4,44.9,2.6,892.8,996.9,0.8,44.9,41.9,33.8,45.1,0.0,4.0,6.0,155.0,0.0,37.8,37.6,37.2,35.6,35.7,35.3,0.0,4800.0,9.1,17.2,11.5,39.7,269.0,False
nagpur,2025-06-05,36.7,41.7,2.7,969.7,997.9,1.5,41.7,41.2,34.0,44.3,0.0,5.0,6.0,156.0,0.0,36.4,37.8,37.6,33.8,35.6,35.7,0.0,4800.0,9.1,17.2,11.5,42.0,288.4,False
nagpur,2025-06-06,35.6,43.0,3.8,788.6,996.9,0.3,43.0,39.4,32.3,42.2,0.0,6.0,6.0,157.0,0.0,36.7,36.4,37.8,34.0,33.8,35.6,0.0,4800.0,9.1,17.2,11.5,31.9,219.4,False
nagpur,2025-06-07,36.8,42.4,2.2,811.9,996.4,0.1,42.4,41.8,33.4,45.1,0.0,7.0,6.0,158.0,0.0,35.6,36.7,36.4,32.3,34.0,33.8,0.0,4800.0,9.1,17.2,11.5,35.7,249.4,False
nagpur,2025-06-08,37.0,40.5,1.9,940.5,998.9,0.1,40.5,41.4,34.0,44.9,0.0,8.0,6.0,159.0,0.0,36.8,35.6,36.7,33.4,32.3,34.0,0.0,4800.0,9.1,17.2,11.5,40.9,269.2,False
nagpur,2025-06-09,37.2,44.5,3.1,905.4,1000.2,1.3,44.5,43.6,34.5,45.8,0.0,9.0,6.0,160.0,0.0,37.0,36.8,35.6,34.0,33.4,32.3,0.0,4800.0,9.1,17.2,11.5,42.8,297.3,False
nagpur,2025-06-10,34.7,55.7,1.7,850.3,996.5,1.1,55.7,42.3,33.7,46.6,0.0,10.0,6.0,161.0,0.0,37.2,37.0,36.8,34.5,34.0,33.4,0.0,4800.0,9.1,17.2,11.5,39.0,270.9,False
nagpur,2025-06-11,36.3,44.5,1.7,988.0,1000.9,0.2,44.5,41.5,34.2,45.5,0.0,11.0,6.0,162.0,0.0,34.7,37.2,37.0,33.7,34.5,34.0,0.0,4800.0,9.1,17.2,11.5,44.4,290.4,False
nagpur,2025-06-12,38.2,41.1,2.4,883.2,995.6,0.0,41.1,44.4,34.8,46.7,0.0,12.0,6.0,163.0,0.0,36.3,34.7,37.2,34.2,33.7,34.5,0.0,4800.0,9.1,17.2,11.5,49.2,334.4,False
nagpur,2025-06-13,34.8,53.8,3.5,909.3,997.4,0.3,53.8,41.7,33.7,44.6,0.0,13.0,6.0,164.0,0.0,38.2,36.3,34.7,34.8,34.2,33.7,0.0,4800.0,9.1,17.2,11.5,39.0,266.0,False
nagpur,2025-06-14,36.8,48.6,2.8,953.8,993.4,0.3,48.6,44.5,35.0,46.9,0.0,14.0,6.0,165.0,0.0,34.8,38.2,36.3,33.7,34.8,34.2,0.0,4800.0,9.1,17.2,11.5,44.4,314.7,False
nagpur,2025-06-15,35.4,45.3,2.8,885.4,997.9,0.6,45.3,39.8,33.0,43.4,0.0,15.0,6.0,166.0,0.0,36.8,34.8,38.2,35.0,33.7,34.8,0.0,4800.0,9.1,17.2,11.5,34.8,243.1,False
nagpur,2025-06-16,39.6,47.9,2.8,936.2,995.6,0.0,47.9,52.1,37.4,51.7,0.0,16.0,6.0,167.0,0.0,35.4,36.8,34.8,33.0,35.0,33.7,0.0,4800.0,9.1,17.2,11.5,66.6,467.5,False
nagpur,2025-06-17,37.5,46.6,3.3,873.9,997.0,0.1,46.6,45.4,34.9,46.9,0.0,17.0,6.0,168.0,0.0,39.6,35.4,36.8,37.4,33.0,35.0,0.0,4800.0,9.1,17.2,11.5,45.5,301.7,False
nagpur,2025-06-18,38.8,46.4,1.4,951.7,995.2,0.0,46.4,48.8,36.6,51.0,0.0,18.0,6.0,169.0,0.0,37.5,39.6,35.4,34.9,37.4,33.0,0.0,4800.0,9.1,17.2,11.5,57.4,408.4,False
nagpur,2025-06-19,39.9,32.0,1.7,982.1,997.4,0.0,32.0,43.8,35.2,45.8,0.0,19.0,6.0,170.0,0.0,38.8,37.5,39.6,36.6,34.9,37.4,0.0,4800.0,9.1,17.2,11.5,57.1,398.4,False
nagpur,2025-06-20,40.2,49.7,2.5,886.9,995.2,0.0,49.7,55.2,37.9,54.1,0.0,20.0,6.0,171.0,1.0,39.9,38.8,37.5,35.2,36.6,34.9,5.2,4800.0,9.1,17.2,11.5,69.3,480.0,False
nagpur,2025-06-21,43.0,31.4,2.3,941.4,994.5,0.0,31.4,50.3,37.4,49.5,0.0,21.0,6.0,172.0,2.0,40.2,39.9,38.8,37.9,35.2,36.6,16.0,4800.0,9.1,17.2,11.5,80.1,480.0,False
nagpur,2025-06-22,42.0,35.4,2.7,1009.8,995.7,0.0,35.4,50.5,37.7,49.8,0.0,22.0,6.0,173.0,3.0,43.0,40.2,39.9,37.4,37.9,35.2,21.0,4800.0,9.1,17.2,11.5,83.1,480.0,False
nagpur,2025-06-23,43.7,32.0,2.6,967.4,994.0,0.0,32.0,52.4,38.2,50.7,0.0,23.0,6.0,174.0,4.0,42.0,43.0,40.2,37.7,37.4,37.9,34.8,4800.0,9.1,17.2,11.5,96.1,480.0,False
nagpur,2025-06-24,43.3,35.8,3.0,914.4,997.2,0.0,35.8,54.2,38.4,51.9,0.0,24.0,6.0,175.0,5.0,43.7,42.0,43.0,38.2,37.7,37.4,41.5,4800.0,9.1,17.2,11.5,96.2,480.0,False
nagpur,2025-06-25,45.4,27.5,3.3,909.8,995.9,0.0,27.5,53.2,38.3,49.6,0.0,25.0,6.0,176.0,6.0,43.3,43.7,42.0,38.4,38.2,37.7,62.4,4800.0,9.1,17.2,11.5,98.0,480.0,False
nagpur,2025-06-26,44.6,29.0,2.0,964.7,996.9,0.0,29.0,52.4,38.3,50.7,0.0,26.0,6.0,177.0,7.0,45.4,43.3,43.7,38.3,38.4,38.2,67.2,4800.0,9.1,17.2,11.5,98.0,480.0,False
nagpur,2025-06-27,46.7,29.2,4.2,948.5,999.7,0.0,29.2,57.7,39.9,51.9,0.0,27.0,6.0,178.0,8.0,44.6,45.4,43.3,38.3,38.3,38.4,93.6,4800.0,9.1,17.2,11.5,98.0,480.0,False
nagpur,2025-06-28,46.0,35.8,3.9,909.2,995.1,0.0,35.8,61.9,40.6,55.9,0.0,28.0,6.0,179.0,9.0,46.7,44.6,45.4,39.9,38.3,38.3,99.0,4800.0,9.1,17.2,11.5,98.0,480.0,False
nagpur,2026-03-01,28.7,57.8,2.5,680.0,1005.3,0.1,57.8,30.2,27.5,36.6,0.0,1.0,3.0,60.0,0.0,46.0,46.7,44.6,40.6,39.9,38.3,0.0,4800.0,9.1,17.2,11.5,6.9,43.3,False
nagpur,2026-03-02,28.2,58.7,2.6,716.6,1000.7,0.0,58.7,29.6,27.3,35.9,0.0,2.0,3.0,61.0,0.0,28.7,46.0,46.7,27.5,40.6,39.9,0.0,4800.0,9.1,17.2,11.5,8.1,43.7,False
nagpur,2026-03-03,28.5,52.7,2.7,759.0,1002.4,0.2,52.7,29.3,27.1,35.2,0.0,3.0,3.0,62.0,0.0,28.2,28.7,46.0,27.3,27.5,40.6,0.0,4800.0,9.1,17.2,11.5,7.8,44.9,False
nagpur,2026-03-04,25.9,64.8,3.2,716.0,1004.3,0.4,64.8,26.2,25.8,33.3,0.0,4.0,3.0,63.0,0.0,28.5,28.2,28.7,27.1,27.3,27.5,0.0,4800.0,9.1,17.2,11.5,6.1,36.6,False
nagpur,2026-03-05,28.2,56.8,2.8,757.2,1002.0,0.2,56.8,29.4,27.3,35.5,0.0,5.0,3.0,64.0,0.0,25.9,28.5,28.2,25.8,27.1,27.3,0.0,4800.0,9.1,17.2,11.5,6.7,35.9,False
nagpur,2026-03-06,29.1,58.9,2.2,754.4,1001.7,0.2,58.9,31.0,28.4,37.6,0.0,6.0,3.0,65.0,0.0,28.2,25.9,28.5,27.3,25.8,27.1,0.0,4800.0,9.1,17.2,11.5,8.0,54.5,False
nagpur,2026-03-07,27.4,58.5,3.7,785.4,998.4,0.0,58.5,28.5,26.8,34.1,0.0,7.0,3.0,66.0,0.0,29.1,28.2,25.9,28.4,27.3,25.8,0.0,4800.0,9.1,17.2,11.5,5.0,29.5,False
nagpur,2026-03-08,27.7,69.5,1.1,793.9,1006.5,0.4,69.5,30.0,28.5,38.2,0.0,8.0,3.0,67.0,0.0,27.4,29.1,28.2,26.8,28.4,27.3,0.0,4800.0,9.1,17.2,11.5,10.0,61.6,False
nagpur,2026-03-09,28.2,56.7,1.8,709.1,999.3,0.3,56.7,29.4,27.1,36.0,0.0,9.0,3.0,68.0,0.0,27.7,27.4,29.1,28.5,26.8,28.4,0.0,4800.0,9.1,17.2,11.5,8.3,29.4,False
nagpur,2026-03-10,26.9,60.1,3.0,748.8,1004.3,0.3,60.1,28.0,26.4,34.1,0.0,10.0,3.0,69.0,0.0,28.2,27.7,27.4,27.1,28.5,26.8,0.0,4800.0,9.1,17.2,11.5,6.6,34.4,False
nagpur,2026-03-11,29.1,56.3,3.4,700.4,1003.4,0.4,56.3,30.6,27.7,36.3,0.0,11.0,3.0,70.0,0.0,26.9,28.2,27.7,26.4,27.1,28.5,0.0,4800.0,9.1,17.2,11.5,8.7,47.2,False
nagpur,2026-03-12,28.1,63.8,3.1,833.4,999.1,0.1,63.8,30.1,28.3,36.5,0.0,12.0,3.0,71.0,0.0,29.1,26.9,28.2,27.7,26.4,27.1,0.0,4800.0,9.1,17.2,11.5,10.5,52.7,False
nagpur,2026-03-13,30.2,55.6,3.0,693.6,1005.6,0.2,55.6,32.3,28.7,38.1,0.0,13.0,3.0,72.0,0.0,28.1,29.1,26.9,28.3,27.7,26.4,0.0,4800.0,9.1,17.2,11.5,9.7,67.1,False
nagpur,2026-03-14,28.9,53.1,1.7,835.3,1003.4,0.6,53.1,29.9,28.0,36.4,0.0,14.0,3.0,73.0,0.0,30.2,28.1,29.1,28.7,28.3,27.7,0.0,4800.0,9.1,17.2,11.5,6.3,44.5,False
nagpur,2026-03-15,26.9,57.2,2.9,730.7,1001.8,1.2,57.2,27.8,26.0,33.6,0.0,15.0,3.0,74.0,0.0,28.9,30.2,28.1,28.0,28.7,28.3,0.0,4800.0,9.1,17.2,11.5,8.0,48.2,False
nagpur,2026-03-16,28.1,54.6,3.2,760.9,1001.5,0.9,54.6,29.0,26.9,34.7,0.0,16.0,3.0,75.0,0.0,26.9,28.9,30.2,26.0,28.0,28.7,0.0,4800.0,9.1,17.2,11.5,8.4,39.6,False
nagpur,2026-03-17,27.1,59.1,1.8,816.2,1002.8,0.2,59.1,28.1,26.9,34.9,0.0,17.0,3.0,76.0,0.0,28.1,26.9,28.9,26.9,26.0,28.0,0.0,4800.0,9.1,17.2,11.5,4.8,36.9,False
nagpur,2026-03-18,28.0,54.8,1.1,669.7,1002.6,0.8,54.8,28.9,26.5,35.8,0.0,18.0,3.0,77.0,0.0,27.1,28.1,26.9,26.9,26.9,26.0,0.0,4800.0,9.1,17.2,11.5,7.5,38.2,False
nagpur,2026-03-19,30.1,49.9,2.5,806.4,997.9,0.1,49.9,31.2,28.5,37.0,0.0,19.0,3.0,78.0,0.0,28.0,27.1,28.1,26.5,26.9,26.9,0.0,4800.0,9.1,17.2,11.5,9.0,46.7,False
nagpur,2026-03-20,27.8,56.8,1.9,764.5,1002.4,0.6,56.8,28.8,27.0,35.4,0.0,20.0,3.0,79.0,0.0,30.1,28.0,27.1,28.5,26.5,26.9,0.0,4800.0,9.1,17.2,11.5,5.8,44.3,False
nagpur,2026-03-21,28.0,52.8,1.1,837.1,1000.3,1.1,52.8,28.7,27.1,35.4,0.0,21.0,3.0,80.0,0.0,27.8,30.1,28.0,27.0,28.5,26.5,0.0,4800.0,9.1,17.2,11.5,7.3,50.3,False
nagpur,2026-03-22,27.7,62.8,2.5,727.7,1006.5,1.3,62.8,29.3,27.3,36.0,0.0,22.0,3.0,81.0,0.0,28.0,27.8,30.1,27.1,27.0,28.5,0.0,4800.0,9.1,17.2,11.5,6.8,39.9,False
nagpur,2026-03-23,29.3,53.8,2.6,848.5,1005.0,0.3,53.8,30.6,28.4,36.6,0.0,23.0,3.0,82.0,0.0,27.7,28.0,27.8,27.3,27.1,27.0,0.0,4800.0,9.1,17.2,11.5,11.1,58.3,False
nagpur,2026-03-24,29.1,50.5,3.3,773.0,998.6,0.5,50.5,29.9,27.4,35.2,0.0,24.0,3.0,83.0,0.0,29.3,27.7,28.0,28.4,27.3,27.1,0.0,4800.0,9.1,17.2,11.5,5.6,41.6,False
nagpur,2026-03-25,30.1,56.6,2.5,768.1,1001.4,0.5,56.6,32.4,29.1,38.5,0.0,25.0,3.0,84.0,0.0,29.1,29.3,27.7,27.4,28.4,27.3,0.0,4800.0,9.1,17.2,11.5,16.1,95.0,False
nagpur,2026-03-26,29.0,56.4,2.0,738.3,1000.0,1.7,56.4,30.5,27.9,37.1,0.0,26.0,3.0,85.0,0.0,30.1,29.1,29.3,29.1,27.4,28.4,0.0,4800.0,9.1,17.2,11.5,7.4,42.5,False
nagpur,2026-03-27,29.5,64.4,2.9,850.8,1000.8,1.2,64.4,32.7,29.8,38.9,0.0,27.0,3.0,86.0,0.0,29.0,30.1,29.1,27.9,29.1,27.4,0.0,4800.0,9.1,17.2,11.5,20.1,122.4,False
nagpur,2026-03-28,30.0,50.8,1.5,771.8,1001.2,2.0,50.8,31.2,28.4,37.7,0.0,28.0,3.0,87.0,0.0,29.5,29.0,30.1,29.8,27.9,29.1,0.0,4800.0,9.1,17.2,11.5,10.9,63.3,False
nagpur,2026-03-29,29.2,53.7,2.8,889.4,1002.6,0.2,53.7,30.4,28.5,36.3,0.0,29.0,3.0,88.0,0.0,30.0,29.5,29.0,28.4,29.8,27.9,0.0,4800.0,9.1,17.2,11.5,11.2,62.9,False
nagpur,2026-03-30,29.5,50.4,1.3,826.0,1002.8,0.3,50.4,30.4,28.2,37.0,0.0,30.0,3.0,89.0,0.0,29.2,30.0,29.5,28.5,28.4,29.8,0.0,4800.0,9.1,17.2,11.5,8.1,47.7,False
nagpur,2026-03-31,29.8,50.8,3.5,831.9,1003.6,0.6,50.8,30.9,28.4,36.1,0.0,31.0,3.0,90.0,0.0,29.5,29.2,30.0,28.2,28.5,28.4,0.0,4800.0,9.1,17.2,11.5,8.8,64.3,False
nagpur,2026-04-01,30.5,45.7,2.8,723.3,1000.8,0.0,45.7,31.1,27.9,36.4,0.0,1.0,4.0,91.0,0.0,29.8,29.5,29.2,28.4,28.2,28.5,0.0,4800.0,9.1,17.2,11.5,4.9,35.5,False
nagpur,2026-04-02,28.9,52.7,3.5,819.7,1002.1,0.3,52.7,29.9,27.7,35.3,0.0,2.0,4.0,92.0,0.0,30.5,29.8,29.5,27.9,28.4,28.2,0.0,4800.0,9.1,17.2,11.5,7.4,38.9,False
nagpur,2026-04-03,32.3,53.4,3.8,770.3,999.5,0.5,53.4,35.8,30.7,40.2,0.0,3.0,4.0,93.0,0.0,28.9,30.5,29.8,27.7,27.9,28.4,0.0,4800.0,9.1,17.2,11.5,21.1,143.6,False
nagpur,2026-04-04,30.0,45.1,3.3,781.9,997.6,0.9,45.1,30.3,27.6,35.3,0.0,4.0,4.0,94.0,0.0,32.3,28.9,30.5,30.7,27.7,27.9,0.0,4800.0,9.1,17.2,11.5,9.1,41.6,False
nagpur,2026-04-05,25.7,57.7,2.2,805.4,999.7,1.4,57.7,25.8,25.4,32.4,0.0,5.0,4.0,95.0,0.0,30.0,32.3,28.9,27.6,30.7,27.7,0.0,4800.0,9.1,17.2,11.5,7.7,47.0,False
nagpur,2026-04-06,29.7,55.5,2.0,831.5,1000.9,0.1,55.5,31.5,28.9,37.9,0.0,6.0,4.0,96.0,0.0,25.7,30.0,32.3,25.4,27.6,30.7,0.0,4800.0,9.1,17.2,11.5,14.0,84.2,False
nagpur,2026-04-07,28.9,57.8,2.9,862.9,996.6,0.2,57.8,30.5,28.6,36.6,0.0,7.0,4.0,97.0,0.0,29.7,25.7,30.0,28.9,25.4,27.6,0.0,4800.0,9.1,17.2,11.5,9.1,68.0,False
nagpur,2026-04-08,28.5,61.9,2.4,795.0,1000.5,0.0,61.9,30.5,28.3,37.2,0.0,8.0,4.0,98.0,0.0,28.9,29.7,25.7,28.6,28.9,25.4,0.0,4800.0,9.1,17.2,11.5,10.3,55.2,False
nagpur,2026-04-09,30.7,50.7,1.7,880.8,1004.6,0.3,50.7,32.3,29.5,38.6,0.0,9.0,4.0,99.0,0.0,28.5,28.9,29.7,28.3,28.6,28.9,0.0,4800.0,9.1,17.2,11.5,14.5,101.7,False
nagpur,2026-04-10,29.6,57.6,3.0,873.1,999.6,0.5,57.6,31.7,29.2,37.6,0.0,10.0,4.0,100.0,0.0,30.7,28.5,28.9,29.5,28.3,28.6,0.0,4800.0,9.1,17.2,11.5,17.2,107.6,False
nagpur,2026-04-11,30.8,54.1,2.8,903.2,999.7,0.2,54.1,33.1,30.1,38.8,0.0,11.0,4.0,101.0,0.0,29.6,30.7,28.5,29.2,29.5,28.3,0.0,4800.0,9.1,17.2,11.5,20.5,129.5,False
nagpur,2026-04-12,29.6,52.5,2.1,730.7,997.9,0.5,52.5,30.8,28.0,37.1,0.0,12.0,4.0,102.0,0.0,30.8,29.6,30.7,30.1,29.2,29.5,0.0,4800.0,9.1,17.2,11.5,5.4,37.2,False
nagpur,2026-04-13,31.4,62.7,3.3,869.4,1000.6,1.2,62.7,36.5,31.5,41.4,0.0,13.0,4.0,103.0,0.0,29.6,30.8,29.6,28.0,30.1,29.2,0.0,4800.0,9.1,17.2,11.5,31.6,197.7,False
nagpur,2026-04-14,30.8,58.8,3.2,825.2,1000.1,0.9,58.8,34.1,30.2,39.6,0.0,14.0,4.0,104.0,0.0,31.4,29.6,30.8,31.5,28.0,30.1,0.0,4800.0,9.1,17.2,11.5,17.5,121.7,False
nagpur,2026-04-15,30.5,56.2,2.1,763.7,1000.6,0.3,56.2,33.0,29.4,39.3,0.0,15.0,4.0,105.0,0.0,30.8,31.4,29.6,30.2,31.5,28.0,0.0,4800.0,9.1,17.2,11.5,16.9,109.8,False
nagpur,2026-04-16,35.7,45.8,3.3,998.1,999.9,0.8,45.8,40.7,33.8,43.7,0.0,16.0,4.0,106.0,0.0,30.5,30.8,31.4,29.4,30.2,31.5,0.0,4800.0,9.1,17.2,11.5,37.6,265.9,False
nagpur,2026-04-17,33.5,52.9,1.9,884.3,1000.1,1.1,52.9,38.3,32.3,43.4,0.0,17.0,4.0,107.0,0.0,35.7,30.5,30.8,33.8,29.4,30.2,0.0,4800.0,9.1,17.2,11.5,33.3,224.0,False
nagpur,2026-04-18,32.9,54.3,3.1,842.8,996.1,0.2,54.3,37.4,31.7,41.9,0.0,18.0,4.0,108.0,0.0,33.5,35.7,30.5,32.3,33.8,29.4,0.0,4800.0,9.1,17.2,11.5,26.8,180.5,False
nagpur,2026-04-19,34.9,31.4,1.6,742.7,1001.8,0.5,31.4,34.8,29.7,39.0,0.0,19.0,4.0,109.0,0.0,32.9,33.5,35.7,31.7,32.3,33.8,0.0,4800.0,9.1,17.2,11.5,16.2,106.6,False
nagpur,2026-04-20,34.0,47.3,2.3,821.6,1003.2,0.9,47.3,37.5,31.7,42.3,0.0,20.0,4.0,110.0,0.0,34.9,32.9,33.5,29.7,31.7,32.3,0.0,4800.0,9.1,17.2,11.5,28.6,192.3,False
nagpur,2026-04-21,34.9,47.4,2.9,845.3,998.5,0.6,47.4,39.5,32.6,43.3,0.0,21.0,4.0,111.0,0.0,34.0,34.9,32.9,31.7,29.7,31.7,0.0,4800.0,9.1,17.2,11.5,32.6,227.0,False
nagpur,2026-04-22,34.1,49.0,2.1,827.6,1002.1,0.1,49.0,38.3,32.1,43.1,0.0,22.0,4.0,112.0,0.0,34.9,34.0,34.9,32.6,31.7,29.7,0.0,4800.0,9.1,17.2,11.5,30.3,197.7,False
nagpur,2026-04-23,34.0,49.1,1.7,846.2,997.8,0.0,49.1,38.1,32.1,43.3,0.0,23.0,4.0,113.0,0.0,34.1,34.9,34.0,32.1,32.6,31.7,0.0,4800.0,9.1,17.2,11.5,30.4,200.5,False
nagpur,2026-04-24,33.1,50.7,3.4,852.8,998.0,0.4,50.7,36.7,31.5,41.0,0.0,24.0,4.0,114.0,0.0,34.0,34.1,34.9,32.1,32.1,32.6,0.0,4800.0,9.1,17.2,11.5,27.5,181.8,False
nagpur,2026-04-25,33.0,51.7,2.8,878.2,1001.9,0.6,51.7,36.8,31.7,41.6,0.0,25.0,4.0,115.0,0.0,33.1,34.0,34.1,31.5,32.1,32.1,0.0,4800.0,9.1,17.2,11.5,28.9,197.2,False
nagpur,2026-04-26,31.3,47.0,2.6,846.8,998.1,0.3,47.0,32.5,29.4,38.0,0.0,26.0,4.0,116.0,0.0,33.0,33.1,34.0,31.7,31.5,32.1,0.0,4800.0,9.1,17.2,11.5,16.6,96.0,False
nagpur,2026-04-27,31.0,45.6,1.6,902.1,1000.1,0.2,45.6,31.8,29.3,37.8,0.0,27.0,4.0,117.0,0.0,31.3,33.0,33.1,29.4,31.7,31.5,0.0,4800.0,9.1,17.2,11.5,15.8,91.1,False
nagpur,2026-04-28,32.0,53.2,4.4,866.9,998.8,0.1,53.2,35.2,30.8,39.3,0.0,28.0,4.0,118.0,0.0,31.0,31.3,33.0,29.3,29.4,31.7,0.0,4800.0,9.1,17.2,11.5,21.8,148.4,False
nagpur,2026-04-29,29.2,58.6,3.1,898.9,1003.7,0.3,58.6,31.2,29.1,37.1,0.0,29.0,4.0,119.0,0.0,32.0,31.0,31.3,30.8,29.3,29.4,0.0,4800.0,9.1,17.2,11.5,13.8,87.7,False
nagpur,2026-04-30,29.6,52.6,2.9,969.2,1001.0,0.0,52.6,30.9,29.1,36.6,0.0,30.0,4.0,120.0,0.0,29.2,32.0,31.0,29.1,30.8,29.3,0.0,4800.0,9.1,17.2,11.5,15.6,94.8,False
nagpur,2026-05-01,29.8,53.6,3.1,842.8,996.6,0.2,53.6,31.3,28.8,37.0,0.0,1.0,5.0,121.0,0.0,29.6,29.2,32.0,29.1,29.1,30.8,0.0,4800.0,9.1,17.2,11.5,11.2,69.2,False
nagpur,2026-05-02,29.9,56.6,2.5,824.3,995.0,1.6,56.6,32.0,29.2,38.2,0.0,2.0,5.0,122.0,0.0,29.8,29.6,29.2,28.8,29.1,29.1,0.0,4800.0,9.1,17.2,11.5,13.4,88.6,False
nagpur,2026-05-03,30.5,56.3,1.9,828.1,1002.1,1.3,56.3,33.0,29.7,39.4,0.0,3.0,5.0,123.0,0.0,29.9,29.8,29.6,29.2,28.8,29.1,0.0,4800.0,9.1,17.2,11.5,16.2,102.4,False
nagpur,2026-05-04,27.9,62.1,2.4,794.3,997.1,1.0,62.1,29.5,27.8,36.3,0.0,4.0,5.0,124.0,0.0,30.5,29.9,29.8,29.7,29.2,28.8,0.0,4800.0,9.1,17.2,11.5,6.4,45.6,False
nagpur,2026-05-05,29.5,55.3,2.2,790.3,998.6,0.1,55.3,31.1,28.5,37.5,0.0,5.0,5.0,125.0,0.0,27.9,30.5,29.9,27.8,29.7,29.2,0.0,4800.0,9.1,17.2,11.5,10.1,57.0,False
nagpur,2026-05-06,29.7,55.7,2.5,880.6,997.8,1.1,55.7,31.5,29.2,37.7,0.0,6.0,5.0,126.0,0.0,29.5,27.9,30.5,28.5,27.8,29.7,0.0,4800.0,9.1,17.2,11.5,13.5,87.4,False
nagpur,2026-05-07,30.4,57.5,3.2,911.9,999.6,0.6,57.5,33.1,30.2,38.7,0.0,7.0,5.0,127.0,0.0,29.7,29.5,27.9,29.2,28.5,27.8,0.0,4800.0,9.1,17.2,11.5,17.4,121.5,False
nagpur,2026-05-08,29.8,62.0,3.2,831.8,999.3,0.1,62.0,32.8,29.7,38.7,0.0,8.0,5.0,128.0,0.0,30.4,29.7,29.5,30.2,29.2,28.5,0.0,4800.0,9.1,17.2,11.5,17.3,103.8,False
nagpur,2026-05-09,31.1,57.9,3.0,885.8,998.3,1.0,57.9,34.5,30.7,40.0,0.0,9.0,5.0,129.0,0.0,29.8,30.4,29.7,29.7,30.2,29.2,0.0,4800.0,9.1,17.2,11.5,20.9,138.2,False
nagpur,2026-05-10,30.9,50.6,1.8,871.9,995.5,0.4,50.6,32.6,29.6,38.8,0.0,10.0,5.0,130.0,0.0,31.1,29.8,30.4,30.7,29.7,30.2,0.0,4800.0,9.1,17.2,11.5,14.9,105.8,False
nagpur,2026-05-11,32.5,52.3,2.3,904.1,999.1,0.3,52.3,35.9,31.4,41.3,0.0,11.0,5.0,131.0,0.0,30.9,31.1,29.8,29.6,30.7,29.7,0.0,4800.0,9.1,17.2,11.5,23.3,160.4,False
nagpur,2026-05-12,32.4,52.7,1.8,883.0,997.2,0.6,52.7,35.8,31.3,41.7,0.0,12.0,5.0,132.0,0.0,32.5,30.9,31.1,31.4,29.6,30.7,0.0,4800.0,9.1,17.2,11.5,25.4,166.7,False
nagpur,2026-05-13,34.0,47.9,1.0,914.0,997.5,0.8,47.9,37.7,32.3,43.5,0.0,13.0,5.0,133.0,0.0,32.4,32.5,30.9,31.3,31.4,29.6,0.0,4800.0,9.1,17.2,11.5,29.4,211.5,False
nagpur,2026-05-14,31.0,56.8,3.2,851.7,1000.8,0.1,56.8,34.1,30.3,39.4,0.0,14.0,5.0,134.0,0.0,34.0,32.4,32.5,32.3,31.3,31.4,0.0,4800.0,9.1,17.2,11.5,20.2,134.0,False
nagpur,2026-05-15,37.2,38.2,2.6,852.7,998.7,0.4,38.2,40.9,33.3,43.8,0.0,15.0,5.0,135.0,0.0,31.0,34.0,32.4,30.3,32.3,31.3,0.0,4800.0,9.1,17.2,11.5,38.0,257.3,False
nagpur,2026-05-16,34.3,48.9,1.8,884.2,996.5,0.3,48.9,38.7,32.5,43.6,0.0,16.0,5.0,136.0,0.0,37.2,31.0,34.0,33.3,30.3,32.3,0.0,4800.0,9.1,17.2,11.5,32.4,221.2,False
nagpur,2026-05-17,36.6,47.9,2.7,960.1,1002.5,1.6,47.9,43.7,34.8,46.4,0.0,17.0,5.0,137.0,0.0,34.3,37.2,31.0,32.5,33.3,30.3,0.0,4800.0,9.1,17.2,11.5,46.0,317.7,False
nagpur,2026-05-18,37.8,35.2,1.3,930.2,995.1,0.1,35.2,41.0,33.7,44.5,0.0,18.0,5.0,138.0,0.0,36.6,34.3,37.2,34.8,32.5,33.3,0.0,4800.0,9.1,17.2,11.5,40.2,281.5,False
nagpur,2026-05-19,37.1,44.0,3.2,842.9,998.6,1.2,44.0,43.1,34.0,45.3,0.0,19.0,5.0,139.0,0.0,37.8,36.6,34.3,33.7,34.8,32.5,0.0,4800.0,9.1,17.2,11.5,43.4,293.8,False
nagpur,2026-05-20,37.8,46.5,3.0,885.1,998.5,1.6,46.5,46.1,35.3,47.7,0.0,20.0,5.0,140.0,0.0,37.1,37.8,36.6,34.0,33.7,34.8,0.0,4800.0,9.1,17.2,11.5,46.9,332.5,False
nagpur,2026-05-21,38.7,42.1,2.6,849.4,995.6,0.0,42.1,46.1,35.2,47.7,0.0,21.0,5.0,141.0,0.0,37.8,37.1,37.8,35.3,34.0,33.7,0.0,4800.0,9.1,17.2,11.5,50.5,354.4,False
nagpur,2026-05-22,39.0,40.6,3.2,933.0,998.4,0.0,40.6,46.1,35.6,47.0,0.0,22.0,5.0,142.0,0.0,38.7,37.8,37.1,35.2,35.3,34.0,0.0,4800.0,9.1,17.2,11.5,53.9,376.5,False
nagpur,2026-05-23,40.8,34.5,4.0,902.0,999.3,0.0,34.5,47.1,35.9,46.3,0.0,23.0,5.0,143.0,1.0,39.0,38.7,37.8,35.6,35.2,35.3,5.8,4800.0,9.1,17.2,11.5,62.8,444.2,False
nagpur,2026-05-24,40.8,31.6,1.8,853.7,995.2,0.0,31.6,45.5,35.2,46.8,0.0,24.0,5.0,144.0,2.0,40.8,39.0,38.7,35.9,35.6,35.2,11.6,4800.0,9.1,17.2,11.5,62.5,437.6,False
nagpur,2026-05-25,42.0,32.5,2.7,847.7,994.3,0.0,32.5,48.7,36.3,48.2,0.0,25.0,5.0,145.0,3.0,40.8,40.8,39.0,35.2,35.9,35.6,21.0,4800.0,9.1,17.2,11.5,76.0,480.0,False
nagpur,2026-05-26,41.3,32.8,2.6,923.2,999.6,0.0,32.8,47.3,36.1,47.4,0.0,26.0,5.0,146.0,4.0,42.0,40.8,40.8,36.3,35.2,35.9,25.2,4800.0,9.1,17.2,11.5,74.5,480.0,False
nagpur,2026-05-27,41.8,37.7,2.9,945.0,998.4,0.0,37.7,51.5,37.6,50.6,0.0,27.0,5.0,147.0,5.0,41.3,42.0,40.8,36.1,36.3,35.2,34.0,4800.0,9.1,17.2,11.5,87.7,480.0,False
nagpur,2026-05-28,40.0,34.8,2.5,837.6,997.8,0.0,34.8,45.4,35.0,46.6,0.0,28.0,5.0,148.0,6.0,41.8,41.3,42.0,37.6,36.1,36.3,30.0,4800.0,9.1,17.2,11.5,66.9,477.1,False
nagpur,2026-05-29,40.9,42.6,2.1,974.8,999.3,0.0,42.6,52.3,37.9,52.4,0.0,29.0,5.0,149.0,7.0,40.0,41.8,41.3,35.0,37.6,36.1,41.3,4800.0,9.1,17.2,11.5,89.2,480.0,False
nagpur,2026-05-30,41.3,45.1,2.5,901.6,996.5,0.0,45.1,55.3,38.3,54.0,0.0,30.0,5.0,150.0,8.0,40.9,40.0,41.8,37.9,35.0,37.6,50.4,4800.0,9.1,17.2,11.5,92.0,480.0,False
nagpur,2026-05-31,41.4,42.2,1.9,872.7,1001.7,0.0,42.2,53.5,37.8,53.3,0.0,31.0,5.0,151.0,9.0,41.3,40.9,40.0,38.3,37.9,35.0,57.6,4800.0,9.1,17.2,11.5,92.7,480.0,False
nagpur,2026-06-01,39.0,36.1,2.1,877.2,995.6,0.0,36.1,43.9,34.6,46.0,0.0,1.0,6.0,152.0,0.0,41.4,41.3,40.9,37.8,38.3,37.9,0.0,4800.0,9.1,17.2,11.5,49.7,332.9,False
nagpur,2026-06-02,38.8,38.3,2.3,858.8,997.5,0.0,38.3,44.5,34.7,46.5,0.0,2.0,6.0,153.0,0.0,39.0,41.4,41.3,34.6,37.8,38.3,0.0,4800.0,9.1,17.2,11.5,48.0,338.8,False
nagpur,2026-06-03,37.9,49.6,1.9,894.8,1000.8,0.3,49.6,48.1,35.9,50.1,0.0,3.0,6.0,154.0,0.0,38.8,39.0,41.4,34.7,34.6,37.8,0.0,4800.0,9.1,17.2,11.5,55.5,375.2,False
nagpur,2026-06-04,38.5,39.8,2.8,873.1,997.7,0.0,39.8,44.5,34.8,46.2,0.0,4.0,6.0,155.0,0.0,37.9,38.8,39.0,35.9,34.7,34.6,0.0,4800.0,9.1,17.2,11.5,45.6,328.5,False
nagpur,2026-06-05,36.0,50.9,2.5,885.5,997.5,1.8,50.9,43.5,34.3,46.6,0.0,5.0,6.0,156.0,0.0,38.5,37.9,38.8,34.8,35.9,34.7,0.0,4800.0,9.1,17.2,11.5,43.4,297.1,False
nagpur,2026-06-06,36.1,46.3,3.6,920.1,995.5,0.5,46.3,41.8,33.9,44.2,0.0,6.0,6.0,157.0,0.0,36.0,38.5,37.9,34.3,34.8,35.9,0.0,4800.0,9.1,17.2,11.5,41.5,285.2,False
nagpur,2026-06-07,37.5,48.4,2.1,845.6,997.2,0.2,48.4,46.3,35.1,48.7,0.0,7.0,6.0,158.0,0.0,36.1,36.0,38.5,33.9,34.3,34.8,0.0,4800.0,9.1,17.2,11.5,45.5,319.8,False
nagpur,2026-06-08,34.9,50.1,2.9,841.7,1000.8,0.2,50.1,40.5,33.0,44.1,0.0,8.0,6.0,159.0,0.0,37.5,36.1,36.0,35.1,33.9,34.3,0.0,4800.0,9.1,17.2,11.5,37.3,249.8,False
nagpur,2026-06-09,36.8,47.8,2.0,986.1,995.7,1.1,47.8,44.2,35.1,47.3,0.0,9.0,6.0,160.0,0.0,34.9,37.5,36.1,33.0,35.1,33.9,0.0,4800.0,9.1,17.2,11.5,48.8,328.7,False
nagpur,2026-06-10,35.3,39.4,2.9,904.7,991.5,1.0,39.4,37.6,32.1,41.3,0.0,10.0,6.0,161.0,0.0,36.8,34.9,37.5,35.1,33.0,35.1,0.0,4800.0,9.1,17.2,11.5,26.9,194.5,False
nagpur,2026-06-11,35.6,40.7,3.8,925.4,996.3,0.2,40.7,38.6,32.6,41.5,0.0,11.0,6.0,162.0,0.0,35.3,36.8,34.9,32.1,35.1,33.0,0.0,4800.0,9.1,17.2,11.5,32.4,216.2,False
nagpur,2026-06-12,34.6,45.6,3.3,1039.8,996.9,0.1,45.6,38.2,33.0,41.9,0.0,12.0,6.0,163.0,0.0,35.6,35.3,36.8,32.6,32.1,35.1,0.0,4800.0,9.1,17.2,11.5,35.7,251.1,False
nagpur,2026-06-13,37.7,42.5,2.9,907.5,1000.9,1.0,42.5,43.9,34.7,46.0,0.0,13.0,6.0,164.0,0.0,34.6,35.6,35.3,33.0,32.6,32.1,0.0,4800.0,9.1,17.2,11.5,46.2,316.1,False
nagpur,2026-06-14,37.9,41.5,3.7,889.6,996.9,0.0,41.5,43.9,34.6,45.2,0.0,14.0,6.0,165.0,0.0,37.7,34.6,35.6,34.7,33.0,32.6,0.0,4800.0,9.1,17.2,11.5,44.6,303.8,False
nagpur,2026-06-15,38.9,47.8,2.5,1003.4,1000.3,0.0,47.8,49.9,37.1,50.7,0.0,15.0,6.0,166.0,0.0,37.9,37.7,34.6,34.6,34.7,33.0,0.0,4800.0,9.1,17.2,11.5,61.2,441.1,False
nagpur,2026-06-16,37.6,42.7,3.2,910.6,996.8,0.4,42.7,43.7,34.6,45.7,0.0,16.0,6.0,167.0,0.0,38.9,37.9,37.7,37.1,34.6,34.7,0.0,4800.0,9.1,17.2,11.5,44.3,312.1,False
nagpur,2026-06-17,39.1,38.6,3.2,884.3,994.3,0.0,38.6,45.3,35.1,46.3,0.0,17.0,6.0,168.0,0.0,37.6,38.9,37.9,34.6,37.1,34.6,0.0,4800.0,9.1,17.2,11.5,51.5,352.5,False
nagpur,2026-06-18,38.3,46.5,3.0,913.1,993.3,0.0,46.5,47.5,35.9,48.5,0.0,18.0,6.0,169.0,0.0,39.1,37.6,38.9,35.1,34.6,37.1,0.0,4800.0,9.1,17.2,11.5,51.1,369.7,False
nagpur,2026-06-19,40.7,44.6,2.7,915.8,998.3,0.0,44.6,53.1,37.7,52.4,0.0,19.0,6.0,170.0,1.0,38.3,39.1,37.6,35.9,35.1,34.6,5.7,4800.0,9.1,17.2,11.5,75.4,480.0,False
nagpur,2026-06-20,39.8,34.2,1.9,968.4,995.3,0.0,34.2,44.7,35.4,46.5,0.0,20.0,6.0,171.0,0.0,40.7,38.3,39.1,37.7,35.9,35.1,0.0,4800.0,9.1,17.2,11.5,56.6,400.6,False
nagpur,2026-06-21,41.4,37.8,2.9,907.9,995.1,0.0,37.8,50.5,37.1,49.9,0.0,21.0,6.0,172.0,1.0,39.8,40.7,38.3,35.4,37.7,35.9,6.4,4800.0,9.1,17.2,11.5,71.9,480.0,False
nagpur,2026-06-22,43.2,33.2,3.4,964.8,996.3,0.0,33.2,52.0,38.0,49.8,0.0,22.0,6.0,173.0,2.0,41.4,39.8,40.7,37.1,35.4,37.7,16.4,4800.0,9.1,17.2,11.5,88.0,480.0,False
nagpur,2026-06-23,42.4,39.3,0.7,940.7,997.5,0.0,39.3,54.3,38.5,54.9,0.0,23.0,6.0,174.0,3.0,43.2,41.4,39.8,38.0,37.1,35.4,22.2,4800.0,9.1,17.2,11.5,90.7,480.0,False
nagpur,2026-06-24,43.9,37.2,1.9,919.5,999.0,0.0,37.2,57.0,39.2,55.1,0.0,24.0,6.0,175.0,4.0,42.4,43.2,41.4,38.5,38.0,37.1,35.6,4800.0,9.1,17.2,11.5,98.0,480.0,False
nagpur,2026-06-25,43.9,35.8,3.1,979.5,993.8,0.0,35.8,55.8,39.2,52.9,0.0,25.0,6.0,176.0,5.0,43.9,42.4,43.2,39.2,38.5,38.0,44.5,4800.0,9.1,17.2,11.5,98.0,480.0,False
nagpur,2026-06-26,45.7,25.0,2.4,894.8,995.3,0.0,25.0,51.9,37.9,49.1,0.0,26.0,6.0,177.0,6.0,43.9,43.9,42.4,39.2,39.2,38.5,64.2,4800.0,9.1,17.2,11.5,98.0,480.0,False
nagpur,2026-06-27,47.2,19.9,3.0,957.0,995.0,0.0,19.9,51.1,38.0,46.4,0.0,27.0,6.0,178.0,7.0,45.7,43.9,43.9,37.9,39.2,39.2,85.4,4800.0,9.1,17.2,11.5,98.0,480.0,False
nagpur,2026-06-28,47.3,30.6,2.3,822.1,995.1,0.0,30.6,60.6,40.2,56.1,0.0,28.0,6.0,179.0,8.0,47.2,45.7,43.9,38.0,37.9,39.2,98.4,4800.0,9.1,17.2,11.5,98.0,480.0,False
